:10400000007F00208D9900003598000089990000FC
:104010008999000089990000899900008999000018
:10402000000000000000000000000000899900006E
:10403000899900000000000089990000899900001A
:104040000000000000000000000000000000000070
:104050000000000000000000000000000000000060
:104060000000000000000000000000000000000050
:104070000000000000000000000000000000000040
:104080000000000000000000000000000000000030
:104090000000000000000000000000000000000020
:1040A0000000000000000000000000000000000010
:1040B0000000000000000000000000000000000000
:1040C00010B5054C237833B9044B13B10448AFF352
:1040D00000800123237010BDD002002000000000EA
:1040E000903A010008B5034B1BB103490348AFF3F5
:1040F000008008BD00000000D4020020903A0100BA
:1041000070B50446064B44F8043B0B1D05460E46AD
:104110000FCB84E80F00337D2B75284670BD00BFA0
:104120002C2E0100022110B5084608F04FF902219B
:10413000032008F04BF90221042008F047F902217E
:10414000082008F043F90221092008F03FF9022174
:104150000A2008F03BF90121052008F037F9012178
:10416000062008F033F90121072008F02FF901217A
:104170000B2008F02BF901210C2008F027F9012170
:104180000D2008F023F90024022CD4BF601D04F197
:1041900008000021C0B2013408F030F9062CF3D138
:1041A00010BDFFFF052811D8DFE800F00306080A5C
:1041B0000C0E074B18687047064BFBE7064BF9E7F8
:1041C000064BF7E7064BF5E7064BF3E70648704763
:1041D0000000002004000020080000200C00002047
:1041E0001000002014000020E72701002DE9F8430B
:1041F00008F0EAF90D4D002406462F46A04655F872
:1042000024304FEA840963B1B3420AD8022CD4BFE8
:10421000601D04F108000021C0B208F0EFF847F873
:1042200009800134062CEAD1BDE8F8830803002098
:10423000124B1B7810B5A3B9114C08F0C5F92368CF
:10424000C01AB0F57A7F0BD90E4B197881F00101B5
:1042500019700D4B187808F0D1F808F0B5F9206006
:1042600010BD094C207808F0D5F80128F8D1207845
:104270000021BDE8104008F0C1B800BFAC09002023
:10428000B0090020B40900206C00002070B502269F
:104290000024022CD4BF651D04F10805EDB20121F4
:1042A000284608F0ABF8322008F04AF90134002122
:1042B000284608F0A3F8062CEBD10524022CD4BF25
:1042C000651D04F10805EDB20121284608F096F8B5
:1042D000322008F035F90021284608F08FF814F153
:1042E000FF34EBD2012E00D170BD0126D0E7FFFFD5
:1042F00007B563230093A8220023C0210C4807F0D0
:1043000001FA01230093A8220023C021094807F0E5
:10431000F9F900230093FF231A461946064807F0CF
:10432000F1F9064803B05DF804EB01F085BC00BF6D
:1043300020030020EC020020B4030020CC03002066
:1043400000B54FF4E13193B0264806F033FC4FF44A
:104350007A7008F0F5F82449224807F071FB2349E8
:10436000204807F055FB22491E4807F07DFB2149F4
:104370001C4807F04DFB204B1A48196807F06AFBF0
:10438000FFF7D0FE1D4800230121C2180C33782B03
:104390001172FAD11A49134807F052FB1949114812
:1043A00007F04EFB12496846FFF7AAFE164906A819
:1043B000FFF7A6FE15490CA8FFF7A2FE0CAB06AA54
:1043C0006946134801F00CFA124B11481A68124B57
:1043D000196801F06DFA08F0F7F8104B186013B087
:1043E0005DF804FB040E00204A250100752501003C
:1043F00020030020822501006000002038030020F7
:104400008F250100A8250100EC020020B403002044
:10441000500A0020640000206800002004030020EF
:1044200030B5514C237893B08BB1504801F010FA5D
:1044300003280AD04E494F4807F002FB4E4A4F4826
:1044400000232370137001F0DBFC13B030BD4C4D22
:1044500008F0BAF82B68C01A41F288339842F4D9B0
:1044600008F0B2F82860414801F0F2F903283BD186
:10447000012344493F48237007F0E2FA42493D488E
:1044800007F0C6FA39490CA801F07AFA0CA93948A4
:1044900007F0EAFA35490CA801F072FA3B490CA87A
:1044A00007F05FFA18B93A49324807F0C9FA42F200
:1044B000B821324801F0DCFB2F4B36492D48012250
:1044C0001A7007F0BDFA344B2C48196842F2B82232
:1044D00001F00EFD3149294807F09EFA274801F006
:1044E0007BFDFFF7D3FEB0E72D4C22680C20013294
:1044F000226092FBF0F100FB1122E2B929491D482C
:1045000007F086FA21496846FFF7FAFD264906A812
:10451000FFF7F6FD25490CA8FFF7F2FD0CAB06AA44
:104520006946124801F05CF9214B10481A68214B8A
:10453000196801F0BDF921683C2291FBF2F302FBFE
:104540001313002B81D11C490A4807F061FA216836
:1045500008480C230A2291FBF3F107F0CFFA174920
:10456000044807F06DFA70E7AC090020500A0020FB
:1045700060240100040E0020A4090020CC030020C8
:10458000040300207E240100972401002003002062
:10459000A5240100D124010060000020DE240100D8
:1045A000A80900207C240100EC020020B4030020B4
:1045B0006400002068000020FC2401001025010098
:1045C0002DE9F8432B4904462B4807F021FA0A222B
:1045D000611C294807F092FA022CD4BF601D04F137
:1045E00008000121C0B207F009FF07F0EDFF234BDF
:1045F000C83043F82400224B93F80080B8F1000F34
:104600001BD02046FFF7CEFD1E4B044619681E48FE
:1046100042F2B82201F06CFC21461B4807F0FCF97D
:10462000194801F0D9FC1949134807F0F1F921465E
:104630001148BDE8F84307F00DBA154E3368092B51
:1046400016DC0C256B43134FFC5007EB030907F0F6
:10465000BBFF33681049C9F8040005FB037501333B
:1046600085F8088033600448BDE8F84307F0E8B9EE
:104670000A49F8E749240100040E0020080300203D
:10468000AC09002060000020CC03002014240100AD
:10469000B003002038030020192401003024010059
:1046A00073B5022007F0B6FE003018BF01208DF868
:1046B0000000032007F0AEFE003018BF01208DF887
:1046C0000100042007F0A6FE003018BF01208DF87D
:1046D0000200082007F09EFE003018BF01208DF870
:1046E0000300092007F096FE003018BF01208DF866
:1046F00004000A2007F08EFE003018BF0120134C82
:104700008DF8050000251DF805602378B34202D01E
:1047100007F05AFF606007F057FF6368C01A32283D
:104720000CD96378B34209D066703EB907F04CFFEC
:104730002846FFF745FF07F047FFA0600135062D2B
:1047400004F80C6BDFD102B070BD00BF1800002070
:104750002DE9F04700241F4FDFF890A01E4E25469C
:1047600007EB040999F8083003BBE059FFF71AFD7D
:1047700042F2B8228046DAF80010304601F0B8FB69
:104780004146304607F048F9304601F025FC012348
:1047900089F80830114912481D4407F039F941469B
:1047A0000F4807F057F9322007F0CAFE0C34782C76
:1047B000D6D16DB10B4B0C49094800221A6007F0A5
:1047C00027F929460A220648BDE8F04707F098B9BC
:1047D000BDE8F08738030020CC0300201625010037
:1047E000040E0020B00300202B25010060000020F3
:1047F00008B5FFF715FEFFF753FFFFF7F7FC084B6F
:104800001B782BB1074B1B68002B01DDFFF7A0FFC6
:10481000FFF70EFD0520BDE8084007F091BE00BF80
:10482000AC090020B003002008B50368002B02DAB1
:1048300009480AF000F88B4208D949008B4205D29A
:104840000029B6BF6FF00043016003600068BDE857
:104850000840013009F0DBBF5127010010B50446C4
:10486000406828B163781BB940F2AC4109F0BEFF43
:10487000204610BD08B4F3B507AB044600F10C05A3
:1048800053F8042B0193802128460BF0CDFDD4F87A
:104890009000A8B194F89430012B11D90F4907F07A
:1048A000BBF8D4F89060336828465F680BF0E8FCEA
:1048B000294602463046B847D4F8900007F0BAF8C7
:1048C000284664680BF0DCFC29460246204606F0C8
:1048D00087FA02B0BDE8F04001B07047A1260100A0
:1048E000034653F8080B984201D009F07DBF70478A
:1048F000F8B50646456808460F460BF0C1FCA842CD
:10490000024628BF2A46044622B1394630680AF0DA
:10491000AFFE00B9281BF8BD012A30B404D191F9CB
:104920000030037030BC7047002AFBD030BC0AF066
:10493000AEBEFFFF00F1080373B5044603600D46E9
:10494000D1B108460BF09CFC0F280646019006D911
:10495000002101A8FFF768FF019B2060A360324699
:1049600029462068FFF7D8FF019B22686360002179
:104970002046D15402B070BD014809F059FF00BF74
:10498000692701002DE9F347DDF8288016464268C3
:104990009A46A8EB0603571A13440268019300F1E4
:1049A00008039A420D46044614BF81680F2101A8EE
:1049B000FFF73AFFBF1B81461DB12A462168FFF76A
:1049C000ABFFBAF1000F08D0B8F1000F05D0424696
:1049D000514609EB0500FFF79FFF47B121682E44C0
:1049E00005EB08003A4631444844FFF795FF20465E
:1049F000FFF776FF019BC4F80090A36002B0BDE80A
:104A0000F087F7B50268466800F108039A4218BFBC
:104A1000836806F1010508BF0F239D4204460F4637
:104A200006D90123009300231A463146FFF7AAFF57
:104A300023689F552368656000225A5503B0F0BD76
:104A4000012A30B404D191F90030037030BC7047B2
:104A5000002AFBD030BC0AF025BEFFFF2DE9F74F3E
:104A60008146144640680C9E02F10042013A121A37
:104A70009642984602D9374809F0DDFE4A46A6EB31
:104A8000040B52F8083B934218BFD9F808200BEBEF
:104A9000000A08BF0F22524552D35F189845A0EB79
:104AA0000101A1EB040522D3034498451FD876BB2E
:104AB00095B1B44210D02A463919B819FFF7C0FF92
:104AC000B44209D23C4408EB06039C4227D3324649
:104AD00041463846FFF7B4FFD9F80030C9F804A0C2
:104AE0000022484603F80A2003B0BDE8F08F35B134
:104AF000B44204D02A463919B819FFF7A1FF002E95
:104B0000EAD0324641463846FFF706FFE4E7B442B2
:104B10001DD3324641463846FFF792FFC8E7444569
:104B200003D8324608EB0B01EDE7A4EB080422465C
:104B300041463846FFF784FF321BB9193819E3E7BD
:104B40000096434622464846FFF71CFFC4E7002D67
:104B5000B8D0B0E73827010037B5044608460D46FF
:104B60000BF08EFB2B460090626800212046FFF779
:104B700075FF03B030BDFFFF2DE9F04F8FB00AABDA
:104B800003910646089398490398002309938DF8EA
:104B900028309246FFF7ACFE031C0490D6F8900034
:104BA00018BF0123069328B196F8943013B18F49AA
:104BB00006F032FF07F008FD4FF00008CDE901884C
:104BC0000123DFF850B205904746994644460793C3
:104BD00007F0FAFC059BB268C01A904200F21C81F3
:104BE000079B5BB17068026812699047079B0028B9
:104BF000EDD0706803685B69984745B2D6F89000BD
:104C000038B196F8943023B10A2D24D1784906F0B2
:104C100003FFD6F8900060B196F89430022B08D9C3
:104C2000744906F0F9FE0A222146D6F8900006F0F3
:104C300067FF631E072B29D8DFE813F03A005C00FA
:104C400081008D009000BA002D01A500092C00F014
:104C5000E5800123BBE70D2D01D16749D7E7202D62
:104C600001D16649D3E71F2D0CDC654906F0D4FE5F
:104C700029460A22D6F8900006F05BFF6149D6F873
:104C80009000C4E7294606F0CBFEC2E72B2D05D1E4
:104C9000294608A8FFF7B5FE0124DAE71BF907301B
:104CA000AB4240F09F80DDF8188001370824D0E740
:104CB0003A2D294608A801D03D2D3DD1FFF7A1FE90
:104CC000049B8BB1039B099A5B689A4206D15AB147
:104CD000039B089819680AF0CBFC28B14A4908A838
:104CE000FFF73AFF4FF0010847495046FFF734FFFE
:104CF0000224AEE77C2D11D1DAF800000AF021FC85
:104D00000023CAF80430DAF8003002904FF00002B5
:104D10001A7000280CBF052403249AE70D2D00F01B
:104D2000B1800A2D00F0B08096F88C3013B1202DA0
:104D300000F0AC8029465046FFF763FE89E729461C
:104D40005046FFF75EFE019B029A013301939342A6
:104D500008BF05247DE70A2D08BF05242B495046CE
:104D6000FFF7C6FD60B12A495046FFF7C1FD002894
:104D700004BF4FF0010909244F2D2AD1012795E7DF
:104D800081460924F8E71BF907207B1C5846079346
:104D9000AA4218BF07240BF073FA079B98426FD101
:104DA00007464FF00009B8F1000F19D1092435E08A
:104DB0001BF907207B1C58460793AA4218BF0724FB
:104DC0000BF05EFA079B98425AD107464FF0010953
:104DD000E9E7B8F1000F3FF439AF092C7FF439AFA0
:104DE0004FF00008002434E7F2260100FF260100FE
:104DF00005270100202701000A2701000F270100D5
:104E00001427010008270100E7270100642601009C
:104E100072260100162701004FF00309D6F8900012
:104E2000B8B196F89430022B13D91E4906F0F4FD60
:104E30000A222146D6F8900006F060FE1A49D6F8FC
:104E4000900006F0E9FD0A224946D6F8900006F0E7
:104E500057FED6F89000012386F88C3048B196F8BA
:104E6000943033B1114906F0D7FDD6F8900006F022
:104E7000E1FD08A8FFF734FD48460FB0BDE8F08F0C
:104E80001F46E6E60424E4E60524E2E6B8F1000F56
:104E90007FF4DFAE9BE6002398464FF002091C46E4
:104EA00095E600BF1B270100282701002E270100DF
:104EB00030B50446406803688DB05B68984706AA21
:104EC0001D496846FFF736FD08AB069306AA002386
:104ED0006946204607938DF82030FFF74DFE0546C2
:104EE000D4F8900088B194F89430012B0DD913496F
:104EF00006F092FD0699D4F8900006F0ABFD7DB95E
:104F00000F49D4F8900006F0A5FD06A8FFF7E8FCCD
:104F10006846FFF7E5FCB5FA85F040090DB030BDF5
:104F2000012DD4F8900001D10649ECE7032D0CBF08
:104F300005490649E7E700BFF22601003F260100C8
:104F40005926010067260100782601008B26010002
:104F500008B42DE9F3431646044609AB306853F80C
:104F6000042B0193884604F10C0500217160017047
:104F7000802128460BF058FAD4F89000B0B106F022
:104F800059FD2449D4F8900006F046FDD4F89070FD
:104F90003B682846D3F804900BF072F92946024684
:104FA0003846C847D4F8900006F044FD28466768A4
:104FB0000BF066F929460246384605F011FF3246E5
:104FC00041462046FFF7D8FD0546D4F8900068B169
:104FD000114906F021FD3168D4F8900006F03AFD41
:104FE00065B90E49D4F8900006F034FDB5FA85F0A5
:104FF000400902B0BDE8F04301B07047012DD4F87C
:10500000900001D10649EFE7032D0CBF0549064981
:10501000EAE700BFDC260100E62601005926010070
:1050200067260100782601008B2601002DE9F04358
:105030000446406891B01646002834D02378002BEF
:1050400031D10368194DDB69DFF86C90DFF86C80B3
:10505000174F98470AAA174904A8FFF76BFC606826
:105060000368DB6898474FF4FA72AA602378A3B903
:10507000002E12DD03AA49460AA8FFF75BFC3B4657
:1050800004AA0AA9CDF800800848FFF761FF207044
:105090000AA8FFF725FC013EE8E742F2107304A8D6
:1050A000AB60FFF71DFC11B0BDE8F083B80900202C
:1050B00037350100E7270100B9260100C9260100A4
:1050C000074B084858600022012142F210701A7004
:1050D0005970986083F88C1083F89420704700BF53
:1050E000B80900205C1700200148FFF7B7BB00BFDC
:1050F000B809002008B50368002B02DA094809F056
:105100009AFB8B4208D949008B4205D20029B6BFD1
:105110006FF00043016003600068BDE808400130A3
:1051200009F075BB5127010073B542F2107303609B
:1051300000F5F8730025C0F8E831012600F5027388
:10514000044680F8E451C0F8EC5180F8F051C0F802
:105150000032C0F8045280F8085204230096A822B6
:10516000C02100F5067006F0CDFA33460096A8225D
:10517000C02104F50C7006F0C5FAFF2300951A460D
:10518000194604F5127006F0BDFA204602B070BD53
:1051900070B50B4600F10802026053F8084BA342B9
:1051A0000FD11C4601F1180554F8046B42F8046B4A
:1051B000AC42F9D14A6842600B6000234B600B722D
:1051C00070BD04608A688260F4E72DE9F743034606
:1051D0004668044653F8080B98428846174602EB87
:1051E00006052CD0A1688D420DD827B13A4641461C
:1051F0003044FFF791FB23686560002220465A5532
:1052000003B0BDE8F083019501A8FFF773FF814665
:105210001EB132462168FFF77FFBB8F1000F06D0C0
:105220002FB13A46414609EB0600FFF775FB2046D1
:10523000FFF756FB019BC4F80090A360DBE70F2D3E
:10524000D3D901950F21DFE708B5D1E90012FFF7A7
:10525000BCFF08BD38B5044608460D460BF010F8F3
:1052600061686FF000435B1A8342024602D2044831
:1052700009F0E1FA29462046FFF7A7FF38BD00BF35
:10528000B728010008B4F0B50D46114682B00446B7
:1052900001F10E0020F0070000AF07F11C03ADEB99
:1052A000000D6E4653F8042B3B603046A84704F1CE
:1052B00008030F2805462360786006D90021381DB1
:1052C000FFF718FF7B682060A3602A4631462068FC
:1052D000FFF722FB7B6822686360002120460837C5
:1052E000D154BD46BDE8F04001B0704713B5054B41
:1052F0000091102204490446FFF7C4FF204602B083
:1053000010BD00BFCC2801002904010073B505467B
:105310000E4619B912B10D4809F08AFA941B0F2CE8
:10532000019406D9002101A8FFF7E4FE019B286043
:10533000AB60224631462868FFF7EEFA019B2A68E7
:105340006B600021D15402B070BD00BF692701001D
:1053500038B500F10803044603600D4649B108461C
:105360000AF08EFF2A1820462946FFF7CFFF204675
:1053700038BD4FF0FF32F6E72DE9F043DFF8109328
:10538000C14CB7B00546884606A8C0491E46174618
:10539000FFF7DEFF032248464FF4E131FFF746FEF8
:1053A0000021404606F0EEFA017830A8FFF79EFF94
:1053B000214630A8FFF74EFF01460CA8FFF7E8FE94
:1053C00030A8FFF78DFA0121404606F0DBFA01789C
:1053D0002AA8FFF78BFF21462AA8FFF73BFF0146CB
:1053E00030A8FFF7D5FE30A90CA8FFF72DFF30A895
:1053F000FFF776FA2AA8FFF773FA0221404606F073
:10540000C1FA01782AA8FFF771FF21462AA8FFF701
:1054100021FF014630A8FFF7BBFE30A90CA8FFF71B
:1054200013FF30A8FFF75CFA2AA8FFF759FA032107
:10543000404606F0A7FA017830A8FFF757FF30A9D9
:105440000CA8FFF701FF30A8FFF74AFA0021384601
:1054500006F098FA017830A8FFF748FF214630A8F7
:10546000FFF7F8FE014612A8FFF792FE30A8FFF7FB
:1054700037FA0121384606F085FA01782AA8FFF7A5
:1054800035FF21462AA8FFF7E5FE014630A8FFF7C1
:105490007FFE30A912A8FFF7D7FE30A8FFF720FA49
:1054A0002AA8FFF71DFA0221384606F06BFA0178A8
:1054B0002AA8FFF71BFF21462AA8FFF7CBFE0146CB
:1054C00030A8FFF765FE30A912A8FFF7BDFE30A88F
:1054D000FFF706FA2AA8FFF703FA0321384606F079
:1054E00051FA017830A8FFF701FF30A912A8FFF7A1
:1054F000ABFE30A8FFF7F4F90021304606F042FA7F
:10550000017830A8FFF7F2FE214630A8FFF7A2FE8F
:10551000014618A8FFF73CFE30A8FFF7E1F901218A
:10552000304606F02FFA01782AA8FFF7DFFE214661
:105530002AA8FFF78FFE014630A8FFF729FE30A901
:1055400018A8FFF781FE30A8FFF7CAF92AA8FFF7CD
:10555000C7F90221304606F015FA01782AA8FFF7AC
:10556000C5FE21462AA8FFF775FE014630A8FFF7C1
:105570000FFE30A918A8FFF767FE30A8FFF7B0F9B3
:105580002AA8FFF7ADF90321304606F0FBF90178B0
:1055900030A8FFF7ABFE30A918A8FFF755FE30A8DA
:1055A000FFF79EF900213E9806F0ECF9017830A84B
:1055B000FFF79CFE214630A8FFF74CFE01461EA8CF
:1055C000FFF7E6FD30A8FFF78BF901213E9806F0C2
:1055D000D9F901782AA8FFF789FE21462AA8FFF702
:1055E00039FE014630A8FFF7D3FD30A91EA8FFF70A
:1055F0002BFE30A8FFF774F92AA8FFF771F90221F2
:105600003E9806F0BFF901782AA8FFF76FFE214601
:105610002AA8FFF71FFE014630A8FFF7B9FD30A901
:105620001EA8FFF711FE30A8FFF75AF92AA8FFF7C6
:1056300057F903213E9806F0A5F9017830A8FFF745
:1056400055FE30A91EA8FFF7FFFD30A8FFF748F967
:1056500000213F9806F096F9017830A8FFF746FE42
:10566000214630A8FFF7F6FD014624A8FFF790FD7C
:1056700030A8FFF735F901213F9806F083F901784A
:105680002AA8FFF733FE05E07C240100E72701008C
:10569000B809002021462AA8FFF7DCFD014630A802
:1056A000FFF776FD30A924A8FFF7CEFD30A8FFF75D
:1056B00017F92AA8FFF714F902213F9806F062F9BA
:1056C00001782AA8FFF712FE21462AA8FFF7C2FD9B
:1056D000014630A8FFF75CFD30A924A8FFF7B4FD10
:1056E00030A8FFF7FDF82AA8FFF7FAF803213F9842
:1056F00006F048F9017830A8FFF7F8FD30A924A892
:10570000FFF7A2FD30A8FFF7EBF808F104030FCB79
:1057100005F5077484E80F0098F8143085F82C32EA
:105720003B1D0FCB05F50D7484E80F003B7D85F81C
:105730004432331D0FCB05F5137484E80F00337D1D
:1057400085F85C32204930A8FFF702FE0C9B189ABE
:105750000193CDE902321D4B009306AA1C4B30A9E0
:105760004846FFF7F5FB30A8FFF7BAF8194930A80B
:10577000FFF7EEFD249B05931E9B0493189B039358
:10578000129B02930C9B0193134B009306AA134B9D
:1057900030A94846FFF7DCFB30A8FFF7A1F824A8A2
:1057A000FFF79EF81EA8FFF79BF818A8FFF798F8D8
:1057B00012A8FFF795F80CA8FFF792F806A8FFF7D4
:1057C0008FF837B0BDE8F0833A2801005628010071
:1057D0004928010067280100822801006F28010084
:1057E0002DE9F041ACB000241F46FF230646884651
:1057F000154600941A46194602A805F083FF234671
:1058000022460094214608A805F07CFF41460EA8D8
:10581000FEF776FC394614A8FEF772FC20AC02A90C
:105820001AA8FEF76DFC2946204626ADFEF768FC57
:1058300008A92846FEF764FCCDE900451AAB14AA76
:105840000EA93046FFF798FD2CB0BDE8F081FFFFB0
:1058500010B503228CB04FF4E1311148FFF7E6FB9D
:1058600010496846FFF774FD0F4906A8FFF770FD61
:105870000E4B0B486A4606A9FFF76AFB044606A8CA
:10588000FFF72EF834B1012006F05AFE009809F017
:1058900058FEC4B26846FFF723F820460CB010BD8E
:1058A000B8090020E72701001E2801002A2801006E
:1058B000F0B591B004460E4604A82849284D174675
:1058C000FFF746FD03224FF4E1312648FFF7AEFB18
:1058D00025490AA8FFF73CFD01230193234B0093C0
:1058E0000AA9234B1F4804AAFFF732FB0AA8FEF7B8
:1058F000F7FF20490AA8F7B9FFF72AFDCDE90056BE
:105900001D4B184804AA0AA9FFF722FB05460AA85E
:10591000FEF7E6FFDDB106F057FE054606F054FE41
:105920002368401B984212D22046FFF791FF0328BC
:10593000F4D104460CE0FFF70BFDCDE901670095BB
:105940000E4B084804AA0AA9FFF702FBDEE704246D
:1059500004A8FEF7C5FF204611B0F0BDE7270100FF
:1059600007280100B8090020B6270100EF27010031
:10597000E8270100FC270100A027010014280100EE
:1059800070B503228EB005464FF4E1312848FFF789
:105990004DFB0024274902A8FFF7DAFC23462246E4
:1059A00021460094284605F0ADFE234908A8FFF7DC
:1059B000CFFC224B009302AA214B1D4808A9FFF7F8
:1059C000C7FA064608A8FEF78BFFD6B1029809F081
:1059D000B8FD01281BD11B4908A8FFF7B9FC1A4BD9
:1059E00000930194194B124802AA08A9FFF7B0FAD4
:1059F000044608A8FEF774FF1CB10299284605F07A
:105A0000A3FF02A8FEF76CFF28460EB070BD0298F7
:105A100009F097FD0228F4D10D4908A8FFF798FC7A
:105A20000C4B034802AA08A9FFF792FAE0E700BF6F
:105A3000B8090020E7270100B6270100C1270100AF
:105A400037350100A5280100AD280100E827010035
:105A50008C280100972801000148FFF765BB00BFB3
:105A6000500A002010B5054C04F50070FEF738FF11
:105A700004F5F470FEF734FF10BD00BF500A00209B
:105A800000207047036813B962B6BFF36F8F704789
:105A900003689B6B184708B503689B6D984780F0B7
:105AA0000100C0B208BD13B502AB026803F8011DC6
:105AB000546819460122A04702B010BD07B503681B
:105AC00001229B6B0DF10701984701280CBF9DF83F
:105AD00007004FF0FF3003B05DF804FB00690B696D
:105AE000C31A58425841704700F1080370B5044684
:105AF00003600E46B1B108460AF0C2FB0F28054606
:105B000004D9013008F083FEA5602060012D2068D3
:105B10000BD196F9003003702368656000225A5556
:105B2000204670BD044808F083FE002DF4D02A46BC
:105B3000314609F0ACFDEFE76927010013B5EFF33B
:105B4000108300930123019372B6019B5A1E0192A8
:105B500033B104686846FFF795FF204602B010BDD8
:105B60006846FFF78FFFF8E770B5044600F2D4509F
:105B70000D46FFF7E3FFA84205D2236820469B6C41
:105B8000BDE87040184770BD13B50446EFF31083AD
:105B900000930123019372B6019B5A1E019268463D
:105BA00053B1FFF76FFF631C40F2B552B3FBF2F045
:105BB00002FB103002B010BDFFF764FFFAE72DE9D9
:105BC000F34703680D46DB6C1146174604469847B9
:105BD00001262F444FF00008B246BD4228D03EB304
:105BE000D4F8D4354BB994F814901E4605F8019BAF
:105BF000002EF2D008F10108EFE7EFF31083CDE9B2
:105C0000003A72B6019B5A1E01926BB1D4F8D005CE
:105C1000231893F81490FFF7B7FFD4F8D435C4F8DD
:105C2000D005013BC4F8D4356846FFF72BFFDDE70C
:105C3000404602B0BDE8F08738B500254FF47A73CE
:105C4000C0E90153094B036004464FF0FF33036181
:105C500040F2B5522946143009F03DFDC4F8CC5548
:105C6000C4F8D055C4F8D455204638BDB82A010030
:105C700030B5036901338FB005460C4628D115496C
:105C800002A8FFF731FF03224FF4E1311248FFF77A
:105C9000CDF9124908A8FFF727FF114B0194009393
:105CA00002AA104B0C4808A9FFF752F9044608A8AD
:105CB000FEF716FE4CB1029809F043FC286102A8D9
:105CC000FEF70EFE01200FB030BD02A8FEF708FE61
:105CD0000020F8E7E7270100B8090020FE290100AD
:105CE000092A0100E827010070B50369013394B067
:105CF00005460E46144631D1194908A8FFF7F4FEAF
:105D000003224FF4E1311748FFF790F916490EA826
:105D1000FFF7EAFE314605A805F056FD059B114840
:105D2000CDE90143114B009308AA114B0EA9FFF7CF
:105D30000FF9044605A805F0FEFE0EA8FEF7D0FDFB
:105D40004CB1089809F0FDFB286108A8FEF7C8FDD2
:105D5000012014B070BD08A8FEF7C2FD0020F8E7CE
:105D6000E7270100B8090020FE290100092A0100E7
:105D7000F429010070B50369013394B005460E465D
:105D8000144631D1194908A8FFF7AEFE03224FF49B
:105D9000E1311748FFF74AF916490EA8FFF7A4FEAC
:105DA000314605A805F010FD059B1148CDE90143DA
:105DB000114B009308AA114B0EA9FFF7C9F804462E
:105DC00005A805F0B8FE0EA8FEF78AFD4CB10898AC
:105DD00009F0B7FB286108A8FEF782FD012014B086
:105DE00070BD08A8FEF77CFD0020F8E7E72701005A
:105DF000B80900206829010078290100F429010070
:105E000010B50369002B8EB0044620DB114902A8AF
:105E1000FFF76AFE03224FF4E1310F48FFF706F95E
:105E20000E4908A8FFF760FE236901930C4B00930D
:105E300002AA0C4B084808A9FFF78AF808A8FEF741
:105E40004FFD4FF0FF33236102A8FEF749FD0EB06E
:105E500010BD00BFE7270100B8090020C8290100D4
:105E6000D2290100E827010070B50369002B94B026
:105E700004460E4615462EDB184908A8FFF734FEE7
:105E800003224FF4E1311648FFF7D0F815490EA868
:105E9000FFF72AFE314605A8246905F095FC059B0D
:105EA0000194CDE90253104B009308AA0F4B0C4804
:105EB0000EA9FFF74DF8044605A805F03CFE0EA814
:105EC000FEF70EFD08A824B1FEF70AFD012014B06C
:105ED00070BDFEF705FD0020F9E700BFE7270100D0
:105EE000B8090020F128010011290100042901004E
:105EF00070B50369002B90B004460E46154626DBAC
:105F0000144904A8FFF7F0FD03224FF4E1311248D1
:105F1000FFF78CF811490AA8FFF7E6FDCDE9025614
:105F2000236901930E4B009304AA0E4B0A480AA959
:105F3000FFF70EF804460AA8FEF7D2FC04A824B125
:105F4000FEF7CEFC012010B070BDFEF7C9FC0020AA
:105F5000F9E700BFE7270100B80900202629010062
:105F60003A2901000429010010B50369002B8EB005
:105F7000044624DB134902A8FFF7B6FD03224FF4C1
:105F8000E1311148FFF752F8104908A8FFF7ACFDBE
:105F9000236901930E4B009302AA0E4B0A4808A9ED
:105FA000FEF7D6FF044608A8FEF79AFC02A824B123
:105FB000FEF796FC01200EB010BDFEF791FC00200C
:105FC000F9E700BFE7270100B80900208A2901008E
:105FD0009D290100E827010010B50369002B8EB050
:105FE000044624DB134902A8FFF77EFD03224FF489
:105FF000E1311148FFF71AF8104908A8FFF774FDBE
:10600000236901930E4B009302AA0E4B0A4808A97C
:10601000FEF79EFF044608A8FEF762FC02A824B122
:10602000FEF75EFC01200EB010BDFEF759FC00200B
:10603000F9E700BFE7270100B80900208E2A010018
:106040009D2A0100E827010070B50369002B90B07C
:1060500005460E4614462ADB164904A8FFF744FD00
:1060600003224FF4E1311448FEF7E0FF13490AA878
:10607000FFF73AFD02942B690193114B009304AA98
:10608000104B0D480AA9FEF7F5FB0AA8FEF728FCFD
:10609000224631460848FEF70BFF054604A825B105
:1060A000FEF71EFC204610B070BDFEF719FC002460
:1060B000F8E700BFE7270100B80900202E2A0100F9
:1060C000432A0100392A010010B50369002B8EB064
:1060D00004462DDB174902A8FFF706FD0023C4F88C
:1060E000CC35C4F8D035C4F8D43503224FF4E131AF
:1060F0001148FEF79BFF114908A8FFF7F5FC23693B
:1061000001930F4B009302AA0E4B0B4808A9FEF710
:106110001FFF044608A8FEF7E3FB1CB1029809F034
:1061200010FA044602A8FEF7DBFB20460EB010BDB5
:106130000024FAE7E7270100B809002050290100F0
:106140005B290100E827010030B50369002B8FB0FF
:10615000044632DB00F2D4552846FFF7EFFC002856
:1061600006DD2846FFF7EAFC044620460FB030BDA6
:10617000134902A8FFF7B8FC03224FF4E13111489C
:10618000FEF754FF104908A8FFF7AEFC23690193FE
:106190000E4B009302AA0E4B0A4808A9FEF7D8FE40
:1061A000044608A8FEF79CFB1CB1029809F0C9F947
:1061B000044602A8FEF794FBD7E70024D5E700BF0A
:1061C000E7270100B80900206E2A01007D2A01009E
:1061D000E82701002DE9F04F0369002B93B0044636
:1061E000C0F28480434906A8FFF77EFCEFF31083DA
:1061F0000C9301230D9372B60D9B5A1E0D9223B181
:10620000D4F8D455C5F5B66505356E1E3A4D0CA8C3
:10621000FFF738FC4FF00008032228464FF4E13125
:10622000FEF704FF85F88C8034490CA8FFF75CFC6E
:10623000029623690193324B00932846314B06AAFC
:106240000CA9FEF785FE05460CA8FEF749FB002DBC
:1062500041D0079B002B47D045464FF00108C1466F
:10626000B54238D2079B9D4235D2069B13F805A054
:10627000EFF31083CDE9043872B640F2B55B059BAD
:106280005A1E059213B3EFF31083CDE90C3972B6A1
:106290000D9B5A1E0D922BB1D4F8D475A7EB0B03AE
:1062A0005F425F410CA8FFF7EDFB002FE7D1D4F868
:1062B000CC05231883F814A0FFF766FCD4F8D43576
:1062C000C4F8CC050133C4F8D435D8E704A8FFF7E7
:1062D000D9FB0135C4E74FF0FF3406A8FEF700FBF9
:1062E000204613B0BDE8F08F1C46F6E74FF0FF34B0
:1062F000F6E700BFE7270100B8090020DE2901000A
:10630000E8290100392A010010B50369002B8EB07D
:10631000044629DB164902A8FFF7E6FB03224FF4E7
:10632000E1311448FEF782FE134908A8FFF7DCFBB1
:1063300023690193114B009302AA114B0D4808A940
:10634000FEF706FE044608A8FEF7CAFA4CB102980A
:1063500009F0F7F8044602A8FEF7C2FA20460EB08C
:1063600010BD4FF0FF34F6E74FF0FF34F6E700BF03
:10637000E7270100B8090020B2290100BC2901006B
:10638000E827010010B50369002B8EB004461DDB21
:106390000F4902A8FFF7A8FB03224FF4E1310D4893
:1063A000FEF744FE0C4908A8FFF79EFB2369019302
:1063B0000A4B009302AA0A4B064808A9FEF7C8FD3B
:1063C00008A8FEF78DFA02A8FEF78AFA0EB010BDF3
:1063D000E7270100B8090020162A0100212A010040
:1063E000E827010030B50C4695B0054602A805F037
:1063F00081F92369002B34DB1E4908A8FFF774FBE1
:1064000003224FF4E1311C48FEF710FE1B490EA891
:10641000FFF76AFB23690193194B009308AA194BF4
:1064200015480EA9FEF794FD04460EA8FEF758FA8B
:10643000A4B108992C4602A805F086FA124B44F83C
:10644000043B03AB0FCB84E80F009DF81C302B7589
:1064500008A8FEF745FA284615B030BD08A8FEF793
:106460003FFA002300931A461946284605F04AF9D8
:10647000F1E700BFE7270100B8090020502A01001A
:106480005E2A0100E82701002C2E010010B50369E7
:10649000002B8EB0044626DB144902A8FFF724FB2C
:1064A00003224FF4E1311248FEF7C0FD114908A85C
:1064B000FFF71AFB236901930F4B009302AA0F4BBE
:1064C0000B4808A9FEF744FD044608A8FEF708FAA1
:1064D0001CB1029809F035F884B202A8FEF700FA60
:1064E00020460EB010BD0024FAE700BFE7270100E8
:1064F000B8090020CF280100DF280100E8270100AB
:1065000008B506F003F8002008BD27207047704743
:1065100037B5FFF7FCFF01210D2005F057FF0021E3
:106520000D2005F06BFF68460722032108F0ECF808
:10653000BDF800301C4CC3F38413012568460722C4
:106540000521E55408F0E0F8BDF80030C3F38413EA
:10655000684607220621E55408F0D6F8BDF8003059
:10656000C3F38413684607220921E55408F0CCF8E8
:10657000BDF80030C3F38413684607220A21E554AE
:1065800008F0C2F8BDF80030C3F3841307220B21D2
:106590006846E55408F0B8F8BDF80030C3F384133A
:1065A000E55403B030BD00BF8E0D002030B5836AC6
:1065B00085B004468C4601ADABB193E8070085E891
:1065C00007006268117883F804C0E26A9A60196073
:1065D0001846626A9047A36A1BB195E8070083E8F2
:1065E000070005B030BD2B46EBE700BF10B4EFF35A
:1065F0000383103B5BB203F1C001204A204C52F8E8
:1066000021006FF3104042F8210054F82330D3E901
:1066100006218A421BD0186940B393F820400F2C02
:106620000BD99968496840F82210D96901328A4229
:106630009A610CD05DF8044B7047072C19D8996803
:1066400009798154D96901328A429A61F2D15B6831
:106650000C4993F903305DF8044B5809012203F00B
:106660001F0302FA03F341F820307047986840682E
:10667000DCE79C68A48820F81240D7E7006000405F
:10668000FC0C002000E100E0F0B5EFF30383103BC9
:106690005BB203F1C0022F492F4C51F822006FF377
:1066A000104041F8220054F823305868026A002A4A
:1066B00030D092F801C0DC695A69BCF1010F17D0E3
:1066C00094420FD0D96841B393F820000F280AD81C
:1066D0000728986895BF895C31F812100171818094
:1066E00001325A61F0BD986851F822104160F7E715
:1066F00004F1FF3E724513D001690029E0D090F902
:10670000031016484D0901F01F010CFA01F140F881
:106710002510D5E75A69DC69D2E798684160DFE760
:1067200090F903E00EF1C0064FEA5E10800051F8C8
:10673000267000F1604000F561400EF01F0E0CFA6B
:106740000EF56FF3104741F82670C0F880510560D0
:10675000B6E700BF00600040FC0C002000E100E054
:1067600010B4EFF30383103B5BB2324A324C03F1B7
:10677000C00152F821006FF3104042F8210054F894
:1067800023008268D278920706D54268527A012A9D
:1067900002D05DF8044B70475909284C0122203182
:1067A00003F01F0302FA03F344F82130BFF34F8FC5
:1067B000BFF36F8F436893F90230002B2FDB590929
:1067C000203103F01F0302FA03F344F82130BFF332
:1067D0004F8FBFF36F8FD0E90114237891F9021026
:1067E0006FF386130029237014DB01F1C00C114CE8
:1067F0004B099B0001F01F018A4003F1604354F8EC
:106800002C1003F561436FF3104144F82C10C3F8CA
:1068100080211A605DF8044B0121FFF7C7BE826832
:106820005DF8044B13786FF3861313700121FFF7A3
:10683000BDBE00BF00600040FC0C002000E100E095
:1068400070B5EFF30384103C314B64B253F824600D
:10685000736893F90230002B42DB5A092D4920322C
:10686000012003F01F0300FA03F341F82230BFF3C5
:106870004F8FBFF36F8FD6E9012392F902101A7878
:1068800000296FF386121A7015DB01F1C00C224D3E
:106890004A09920001F01F0100FA01F102F1604281
:1068A00055F82C0002F561426FF3104045F82C00BA
:1068B000C2F880111160DA780021D5B21207D970C0
:1068C00021D4EB0712D405F01405142D16D0124B69
:1068D000C03453F824206FF3104243F8242070BDD5
:1068E000B3681A786FF386121A70E4E70421304611
:1068F00005F01405FFF75AFE142DE8D108213046A3
:10690000FFF754FEE3E705213046FFF74FFED8E7D7
:10691000FC0C002000E100E000600040036A70B55C
:106920000446987800F07B0098700D46217841B3BA
:106930002261E269E5601069002841D0226982B1D4
:10694000A378816800688E68E16803F00303013B67
:1069500022FA03F3002222619BB2B04780B9236A76
:1069600021789A7842F080029A7039BB94F802C07C
:106970000CF0030CBCF1020F1AD02A78DA70002058
:1069800070BD94F802C0E0690CF0030E0069A2EB40
:106990000E02226105EB0E02E2600028CED19A7849
:1069A0000CF0030C42F08002BCF1020F9A70E4D1AB
:1069B0002A8842F47E420020DA8170BD002070BD3A
:1069C0009A7842F080029A7070BD00BF036A91F815
:1069D00001C09A7800B502F07B0E02F00B029A70AB
:1069E0000022C2608878587010461A786CF3010251
:1069F0001A70CA789A7493F807C00A780CF0A30149
:106A000002F05C020A43DA7183F802E05DF804FBED
:106A100010B5D0E90721002343608B7092F905205F
:106A20002F49044650090123203002F01F0203FAC7
:106A300002F241F82020BFF34F8FBFF36F8FE2695E
:106A400092F90B205009203002F01F0203FA02F2E3
:106A500041F82020BFF34F8FBFF36F8FE26992F9A7
:106A600007205009203002F01F0203FA02F241F819
:106A70002020BFF34F8FBFF36F8FE26992F9092097
:106A8000500902F01F02934000F1200241F8223029
:106A9000BFF34F8FBFF36F8FE369DA6822B193685A
:106AA00010681B6A9847E3691B691BB19A681868EC
:106AB000136A9847EFF31081012383F31088E36989
:106AC000084A1C78D2F800014FF00043E34003432A
:106AD000C2F80031D2F8003181F31088002010BDD7
:106AE00000E100E0006F0440F0B5846A85B005461F
:106AF0000F4694466E46B4B194E80F0086E80F0046
:106B0000EB691B7884F804C02360EB6A2046C4E973
:106B100002736B6A9847AC6A1CB196E80F0084E870
:106B20000F0005B0F0BD3446EAE700BF8C4651685F
:106B300030B4029C0D6880B91C609CF8010038B923
:106B4000E8784FF0010C0B346CF30510E8701C6012
:106B5000936810681B6830BC184704F10C0018607B
:106B6000EBE700BF2DE9F0470D4609780323CB4042
:106B700013F0010301F1007218BF1023037002F536
:106B8000605283785201012161F301030262A96915
:106B90006A6942620022C0E90A21C56183706B788C
:106BA00082B0044623B98378022262F30103837022
:106BB00095F90B00594B95F80AC04209203200F0B4
:106BC0001F06012101FA06F643F82260BFF34F8F3A
:106BD000BFF36F8F524A534E00F1C0074FEA0C1CAF
:106BE00052F827E06FF3104E42F827E01F185FFAC3
:106BF0008CFC87F800C346F8204095F9050095F80D
:106C000004C04709203700F01F0E01FA0EFE43F8BA
:106C100027E0BFF34F8FBFF36F8F00F1C00703EB87
:106C2000000852F827E04FEA0C1C5FFA8CFC6FF367
:106C3000104E42F827E088F800C346F8204095F946
:106C4000070095F806C04709203700F01F0E01FA2B
:106C50000EFE43F827E0BFF34F8FBFF36F8F00F1B5
:106C6000C00703EB000852F827E04FEA0C1C5FFA5C
:106C70008CFC6FF3104E42F827E088F800C346F80A
:106C8000204095F9090095F808C04709203700F021
:106C90001F0E01FA0EF143F82710BFF34F8FBFF319
:106CA0006F8F00F1C0074FEA0C1152F827C0034460
:106CB0006FF3104C42F827C0C9B283F80013EA689A
:106CC00046F8204072B153681B684FF4002143F826
:106CD000041B216A05310091E1692078FFF726FF46
:106CE0000646B0B92A69FAB153681B684FF00061D3
:106CF00043F8081B216A03310091E1692078FFF70E
:106D000015FF064680B1EB681BB19A681868136AD4
:106D10009847304602B0BDE8F08700BF00E100E0D0
:106D200000600040FC0C0020EFF31080012383F38F
:106D30001088984B2E78D3F800214FF00041F14095
:106D400022EA0102C3F80021D3F8003180F3108851
:106D5000236AE06900229A701A715A729A72DA7282
:106D60005A83297840F20722CA40D20744BF402202
:106D7000DA7406221A7722787AB1C168013A0029BA
:106D800000F0FE800126120391B2314341F0060269
:106D90009A829A8A92B29142FBD1EA78A978D2007B
:106DA00042EA01126978032900F0D780002914BF54
:106DB000F221E221ED69D2B21A7099712A7B520058
:106DC00002F002025A736A78A97800261E7295F8BA
:106DD00000C0D201490101F02001D2B20A43ACF156
:106DE0000201012940F2BD80D2B2DA716A6891785D
:106DF00059701978567866F301011970D178997431
:106E00001278D97902F05C0201F0A3010A43DA7129
:106E10000027C4E90377C4E9057790F905105E4EB1
:106E200001F1C00E4A0956F82E80920067F310480F
:106E300002F1604246F82E8002F561424FF0010EE9
:106E400001F01F010EFA01F1C2F88011116090F9F2
:106E50000B1001F1C0094A0956F829A0920002F16D
:106E6000604202F5614267F3104A01F01F0146F8E3
:106E700029A00EFA01F1C2F88011116090F90710F3
:106E800001F1C0094A0956F829A0920002F16042B6
:106E900002F5614201F01F0167F3104A46F829A08C
:106EA0000EFA01F1C2F88011116090F9091001F198
:106EB000C0004A0956F82090920002F1604267F340
:106EC000104946F8209002F561420CF0030C01F0E5
:106ED0001F010EFA01F14CF0700CC2F88011116024
:106EE00083F802C06B8923814FF6FF7843452DD08C
:106EF000EFF310818EF31088284A13681BB92848D5
:106F0000C3704023C37013680133136081F310888A
:106F1000218924480B0A1B0153FA81F150F82130D2
:106F200023F0011323F4404343F0040340F82130DD
:106F3000EFF31081012383F31088136813B11368F2
:106F4000013B13601368B3B181F31088164B636083
:106F50000026304602B0BDE8F08742F04002F22140
:106F600028E7BCF1020F08BF42F01002FF21D2B2A5
:106F70005970DA714CE70A4A8020D370D070E3E789
:106F8000C169097A1140090201F4706141F00106FA
:106F9000F9E600BF006F044000600040F80C0020DC
:106FA000000D044000080440554943532DE9F04FBB
:106FB0001E46FF23B37033786FF382038BB03370B8
:106FC0008023F370554B0992554A1B6A1268019150
:106FD000C3F302618A40C3F30233DA40514B079096
:106FE0000021100A06920891059002910093A2FBDD
:106FF00003BA099B009A93426EDA9DF820300393FE
:107000000027494B039ADD5DC5F34003C5F38005B6
:1070100004932B43934256D1444B33F81780079B7C
:1070200003FB08F8069BB3FBF8F2541EFF2C4AD86A
:1070300002FB08F91DE0059BB9FBF3F37F2B03FB73
:1070400000F040D90028B8BFFF300012A0F5C330CF
:10705000A0380028009AB8BF4042824240DC029B20
:10706000F370337843F00403A9EB0809337054B389
:10707000013C4A464FEAE9735846514608F0A2F8E7
:10708000019A002AD7D1A0F5C333A03B002B009A68
:10709000B8BF5B429A4216DD0093234BB470DA5DB1
:1070A0003378C2F3000161F38613049961F304138A
:1070B00065F3C30333707378C2F3C10262F3010353
:1070C0007370019B029301370D2F9AD1089BF3B186
:1070D000009B099A93421DDC00200BB0BDE8F08FA5
:1070E0000293114B049AD95D33780090C1F30000EC
:1070F00060F3861362F3041365F3C303337073788C
:10710000B470C1F3C10161F301037370A7E70123F8
:1071100008936EE703200BB0BDE8F08F00E001405C
:10712000880D0020A0860100502D0100602D010077
:10713000F0B5EFF30383103B5BB203F1C001344AB7
:10714000344C52F821006FF3104042F8210054F8FB
:107150002300C3691B6913B1036913B1F0BD03694F
:1071600083B9D0E90824937803F07F03002143F02A
:1071700004039370C160002CF0D0BDE8F040802281
:10718000FFF7B2BC05785DB3066AF18AC1F304214A
:10719000A9421ED28478C2681F4F04F0030E7446C1
:1071A0000BE092F800C086F80FC001311B1B22448F
:1071B000A942C0E903230CD25BB1BEF1020FF0D1AA
:1071C000B2F800C04CEA070C1FFA8CFCA6F80EC0FF
:1071D000EBE732796FF3C7123271002BBED1C0E7F3
:1071E000827802F003010229C1680BD0046A0D788D
:1071F000E57002F003029B1A0A44C0E90323002B46
:10720000ACD1AEE70C88056A44F47E44EC81F0E72B
:1072100000600040FC0C002000FEFFFF10B582B0B3
:10722000EFF30383103B5BB203F1C001574A584CA4
:1072300052F821006FF3104042F8210054F8234027
:10724000E369DB6813B1A369002B49D122894FF6AA
:10725000FF739A4275D12278236AF2B1D98AC8069F
:1072600012D01B8AC3F308030193A369FBB9636AB5
:107270002BB1042201992046FFF736FC22782AB16F
:10728000236AD98AC906E8D1BE221A7123894FF62A
:10729000FF72934231D102B010BDA17801F0030119
:1072A0000229DED05B790193A369002BDFD0A2789D
:1072B000606902F0030201A908F0E9F9D4E90521A7
:1072C000A37803F003031A44C91AC4E9052129B9B4
:1072D000636A1BB101222046FFF706FC2278CEE745
:1072E000636A0021C4E90511002BD4D00122204695
:1072F00002B0BDE81040FFF7F7BB1A0A120125499A
:1073000052FA83F351F8232022F0011222F4404272
:1073100042F0040241F82320EFF31082012383F3AB
:1073200010881D4B196811B11968013919601B6863
:107330001BB91A498020CB70C87082F3108802B044
:1073400010BDEFF31081012383F31088124B1A68EC
:107350001AB91248C2704022C2701A6801321A600B
:1073600081F3108822890B49130A1B0153FA82F218
:1073700051F8223023F0011323F4404343F0050376
:1073800041F82230236A227867E700BF006000409E
:10739000FC0C002000080440F80C0020000D044004
:1073A00010B5EFF30384103C0B4B64B253F8240088
:1073B000D0E90821937803F07B03937019B102227E
:1073C0000021FFF791FB054BC03453F824206FF3E5
:1073D000104243F8242010BDFC0C00200060004047
:1073E00010B5EFF30384103C194B64B253F824003A
:1073F000037843B9837803F00303022B03D0036AB5
:107400005979C9B203E0036A198AC1F3080193F8F4
:1074100004C01CF0100F0CF0380206D093F81CC00A
:107420001CF0010F08BF42F0400293F804C00CF0BA
:10743000C70C83F804C0436A0BB1FFF755FB054B3B
:10744000C03453F824206FF3104243F8242010BDB9
:10745000FC0C00200060004030B5436A85B0044653
:107460008C4601ADABB193E8070085E80700626880
:10747000117883F804C0A26A9A6019601846226ADB
:107480009047636A1BB195E8070083E8070005B0E1
:1074900030BD2B46EBE700BF10B4EFF30383103B86
:1074A0005BB203F1C001144A144C52F821006FF38F
:1074B000104042F8210054F823305A69D9698A42B1
:1074C00006D2D3E90240A8B1805CE07001325A6173
:1074D0008A4202D05DF8044B70471A69002AF9D13C
:1074E0009A685DF8044B937803F07B0343F0040340
:1074F00093707047E070E9E700600040FC0C0020EA
:1075000010B4EFF30383103B5BB203F1C001174AE1
:10751000174C52F821006FF3104042F8210054F844
:1075200023305A69D9698A4206D2D3E90240D0B1E0
:10753000805CE07001325A619A698A4207D2986889
:1075400019694079541C9C618854D3E90621914201
:1075500006D19A68937803F03B0343F004039370D9
:107560005DF8044B7047E070E4E700BF0060004046
:10757000FC0C002010B5EFF30384103C0A4B64B2FE
:10758000012153F824008268937803F00303937079
:10759000FFF762FFC034054B53F824206FF310420D
:1075A00043F8242010BD00BFFC0C00200060004008
:1075B00010B5EFF30384103C0C4B64B24FF0840C15
:1075C00053F8240083689A7802F003029A701A79BB
:1075D00083F804C00421FFF73FFFC034044B53F885
:1075E00024206FF3104243F8242010BDFC0C00202F
:1075F0000060004003685969A1B190F82D3070B562
:10760000044603F0FF0563B98A68038C966808682E
:10761000A1692A46B047E269C4E90852012384F807
:10762000333070BD704700BF70B5866B82B00446C2
:107630000B466D463EB396E8030085E80300E26B17
:107640003371236832605A6912B194F82D10A1B1D8
:107650009B6913B194F82D2052B9636B304698475B
:10766000A36B1BB195E8030083E8030002B070BD73
:107670009A68186813699847EFE7936810681B6960
:1076800098472368E4E72E46D9E700BFEFF303836A
:10769000103B5BB2044AC03352F823106FF3104121
:1076A00042F82310704700BF0060004070B5EFF350
:1076B0000383103B5BB2614AC03352F823106FF36F
:1076C000104142F82310EFF30383103B5C4A5BB296
:1076D00052F823402269137BC3F30000DB072CD44C
:1076E00094F82C3094F82A10994216D094F82D1062
:1076F00009B1022B41D02046FFF77CFF236994F8A3
:107700002820DA7094F82B2094F82C30013A0133B9
:1077100084F82B2084F82C3070BD94F8333003F0BB
:10772000FF053BBB236A93BB94F82E3063B3522111
:107730000123D17284F8303070BD94F82D308BB1B4
:1077400094F8313073B9636AA1695279CA54D4E9A3
:10775000082394F82E10013A0133C4E9082379B1C3
:107760002269E4E7002001215423206284F82F10CD
:10777000D37270BD84F8330070BD5223D37270BDD4
:1077800023695422DA7270BD5423D37270BD94F809
:107790002D1041B9616AA069013B405C0131C4E927
:1077A0000831D07070BD94F8311000292ED02168B6
:1077B00084F831504869002838D08969002935D0CB
:1077C000E069022832D98E68831E0868B668F42101
:1077D00091709BB2A2692946B0472268E369526959
:1077E000916810688E68023B9BB22A462946B047D2
:1077F000E36922690220023BC4E90803012184F8FD
:1078000033100023FF209372D070CBE7636AA16925
:107810005279CA54D4E90832013B0132012BC4E940
:107820000832226904D0FF20D070BBE7012BE8D1D9
:107830002023FF209372D070B4E700BF00600040A7
:10784000FC0C002010B582B0EFF30383103B374AE5
:107850005BB252F823000269D37A6FF3C303D37289
:1078600090F82F30ABBB90F82A1003F0FF0C90F883
:107870002C3099421BD1036A5BB990F82D1090F817
:107880003040002914BF02210321A4B3D372FFF7B3
:10789000CBFEEFF30383103B5BB2254AC03352F8B3
:1078A00023106FF3104142F8231002B010BDB3B99A
:1078B000012929D090F829C00021D17282F803C093
:1078C00090F82B200133013A80F82B2080F82C30DF
:1078D000DFE7F023D3720121FFF7A6FED9E790F886
:1078E0002D4004F0FF016CB1022BE5D190F829C0C6
:1078F0004CF0010CE0E7F023D372937803F0CF0350
:107900009370C4E78C46D7E70190FFF773FE0198A8
:1079100090F82A30012B05D190F828C0026990F820
:107920002C30C9E7026990F82C30C3E7FC0C00202A
:1079300000600040F0B583B0EFF30384103C154BBA
:1079400064B253F82450EF68BFB16A682B6992F9AA
:107950000D20121B18BF01226E46C3B193E803002D
:1079600086E803001A706A695A601846B8472B699E
:107970001BB196E8030083E80300074BC03453F8BB
:1079800024206FF3104243F8242003B0F0BD3346A7
:10799000E8E700BFFC0C002000600040EFF3038329
:1079A000103B5BB20649074A51F823100120C0334F
:1079B000087252F823106FF3104142F823107047F9
:1079C000FC0C0020006000400B0A1B01044853FA25
:1079D00081F150F82130C3F3400300201370704749
:1079E00000080440C8B2012383404AB91A040B0AB4
:1079F0005B0103F1804303F5802300209A60704708
:107A00009AB2F4E738B50488002C4DD043680021C1
:107A1000043303EBC40040F202450C4640F2034C31
:107A200040F2044E0FE0624530D153F8042C02F0CE
:107A3000B852B2F1807F14BF41F0020144F0020459
:107A40000833834211D01A88AA42ECD153F8042C8F
:107A500002F0B852B2F1807F03F1080314BF41F085
:107A6000010144F001048342EDD1C943CDB20120AC
:107A700001F042FF0D4B93F8BB2414432C4083F8D4
:107A8000BB440120BDE8384001F006BF7245D7D1A4
:107A900053F8042C02F0B852B2F1807F0CBF44F0CE
:107AA000040441F00401CBE7FF25E0E700E00140DA
:107AB00070B584B002AB012668460C461546ADF899
:107AC0000C100292ADF800600193FFF79BFFEFF3FB
:107AD000108286F310881D490B681BB91C48C370BF
:107AE0004023C3700B6801330B6082F31088EA03F4
:107AF0004FEA1423E4B219D41B01164A234442F876
:107B00002350EFF31082012383F310880B6813B125
:107B10000B68013B0B600B681BB90D498020CB70D3
:107B2000C87082F31088002004B070BD04EB03100D
:107B3000084A52F820606FF3104642F8206025F49E
:107B4000803642F820601B01D7E700BFF80C002008
:107B5000000D04400008044070B5C36A84B00446B8
:107B60008C46164601AD9BB193E8070085E80700F7
:107B700083F808C0226B1846C3E90026A26A904722
:107B8000E36A1BB195E8070083E8070004B070BD05
:107B90002B46EDE78268012370B580F8203002267D
:107BA000B323D37180F82160537904466FF3000347
:107BB0005371C2690D46FFF7CFFFA368DE705A7993
:107BC00042F001025A7194F82120012A16D094F84B
:107BD000212002B170BD052DFCD194F82320002A8C
:107BE000F8D194F821201AB95A7A02F0F3025A72A5
:107BF000BF210122D97184F8232070BD042DECD05F
:107C0000082DE4D1E9E700BF30B583B0EFF303837B
:107C1000103B5BB2454AC03352F823106FF310415A
:107C200042F82310EFF30383103B5BB2404A52F853
:107C3000234094F82230B3B9A368012284F82220AB
:107C4000DA7CD2B28DF805209DF8052012F0010FE4
:107C50005A7A14BF02F0F70202F0F3025A72AC2211
:107C6000DA7103B030BD94F820304BB9A3681B7AA9
:107C700013F0080F204614BF08210421FFF78AFFE4
:107C80002269A2B9A368D97CC9B28DF806109DF803
:107C90000610197941F010011971197941F00801A4
:107CA0001971197962F30411197103B030BDA36918
:107CB000A1689A4209D0E268C97C581CA061D154DD
:107CC000E3690133E36103B030BD022584F821503C
:107CD0004B79E2696FF300034B7120460621FFF7F1
:107CE0003BFFA3682169DD705A7942F001025A71A5
:107CF00091B9DA7CD2B28DF807209DF807201A7965
:107D000042F010021A711A7942F008021A711A79B7
:107D100061F304121A71A4E7A269E168DB7C501CCC
:107D2000A0618B54E3690133E3619AE7006000408E
:107D3000FC0C002038B5EFF30383103B5BB2244A00
:107D4000C03352F823106FF3104142F82310EFF3C1
:107D50000383103B5BB21F4A52F8234094F8203053
:107D600093B194F8213003F0FF0263B9A36921694C
:107D700099420ED0E269E068A168C05C8874013362
:107D80000132C4E9063238BD05212046FFF702FF63
:107D9000E7E723680E4993F90E3003F1C000002B8A
:107DA00051F8205062F3104541F8205009DB5A0980
:107DB000094803F01F030121603201FA03F340F880
:107DC0002230A268D37943F04003D37138BD00BF9D
:107DD00000600040FC0C002000E100E038B5EFF34B
:107DE0000383103B204A5BB252F82340A1680B7911
:107DF0005807C3F3800217D5CA796FF38612C023E0
:107E0000CA7101E0013B02D0CA795206FAD4EFF3FD
:107E10000383103B5BB2154AC03352F823106FF353
:107E2000104142F8231038BD022584F821504B79C7
:107E300062F300034B71E26907212046FFF78CFED5
:107E4000A168CD704B7943F001034B7194F8213058
:107E5000002BD1D1A369E269E0680132C05C88746B
:107E60000133C4E90632C7E7FC0C00200060004083
:107E700010B582B0EFF30383103B3E4A5BB252F879
:107E8000230083685A7A91074DD1D1B211F00C0FBB
:107E90003CD0012280F8242090F82120012A65D0CE
:107EA000016982699142C26988BF02F1FF324FF0D5
:107EB000030188BFC2614FF0000EA024DC7180F87E
:107EC00020E080F822E093F805C06EF3000C83F800
:107ED00005C090F82440002C43D1DF241C709F245F
:107EE0001C7000240223C46180F82130FFF734FEA7
:107EF000EFF30383103B5BB21F4AC03352F82310E9
:107F00006FF3104142F8231002B010BDCA06EFD53E
:107F1000DA7CD2B28DF807209DF80720DA7902F0DA
:107F2000EF02DA71E4E70022A02180F82420D97161
:107F300080F8202080F82220597962F300015971DD
:107F400090F8241081B9DF219F2219701A70002146
:107F50000223C26980F82130C1610121FFF7FCFDD5
:107F6000C6E783F809E0BCE75A72F0E7C26902216C
:107F7000A1E700BFFC0C00200060004030B5836B1F
:107F800083B004460A466D46A3B193E8030085E832
:107F90000300E16B1A71626B196018469047A36B7E
:107FA0001BB195E8030083E80300002384F82B301D
:107FB00003B030BD2B46ECE7036902682DE9F04FB2
:107FC0001F241C705F241C70DF241C70546A5568C9
:107FD0002279564EDFF8608142F0E0021A74E278AE
:107FE00042F0E0025A74A278120102F0700242F0EC
:107FF00008029A7022786478012A0CBF05220422B4
:1080000042EA4402D2B2DA70494A95420CBFF722E2
:1080100077225A710027B3229F71DA7191F91120EA
:1080200091F80DC0B4184FEA0C1C5FFA8CFC84F870
:1080300000C302F1C00548F822003E4C4FEA521E30
:1080400054F825904FEA8E0E67F310490EF1604EFA
:1080500044F825900EF5614E012502F01F0205FA45
:1080600002F2CEF88021CEF8002091F90F2006EB25
:10807000020E02F1C0098EF800C348F822004FEA50
:10808000521E4FEA8E0E54F829B00EF1604E0EF5D6
:10809000614E02F01F0205FA02F267F3104B44F83A
:1080A00029B0CEF88021CEF8002091F9102006EBFF
:1080B000020E02F1C0098EF800C348F822004FEA10
:1080C000521E54F829B04FEA8E0E0EF1604E0EF596
:1080D000614E02F01F0267F3104B44F829B005FA15
:1080E00002F2CEF88021CEF8002091F90E100E4455
:1080F0004A0986F800C348F8210001F1C00001F0E8
:108100001F018D4054F82010920002F1604267F385
:10811000104144F8201002F561424FF09F0AC2F866
:108120008051156083F800A0BDE8F08F00E100E009
:1081300040420F0000600040FC0C002010B483B0EF
:10814000EFF30383103B5BB2484AC03352F823106D
:108150006FF3104142F82310EFF30383103B444ABE
:108160005BB252F8233093F82D20BAB99A69022AEB
:108170001A699EBF117941F040011171D969012935
:1081800017D0D27CD2B28DF8072001219DF80720AC
:1081900083F82D1003B05DF8044B7047DA69002AAC
:1081A000F8D0032A0ED0022A4ED0012A21D0196914
:1081B0000DE0117941F010011171117941F00801C0
:1081C0001171DEE719690A7942F040020A711A6AF0
:1081D0005869C97C8154D3E907210131013AC3E9C7
:1081E0000721002AD6D119690B7962F386130B7126
:1081F000D0E793F82A1089B319681E4C91F90F1033
:108200004809203001F01F0102FA01F144F8201062
:10821000BFF34F8FBFF36F8F1969C87940F08000AB
:10822000C871087940F01000087108794FF0040C0B
:108230006FF3C300087181F801C048796FF3000043
:10824000487183F82C20C2E719690A7942F01002BC
:108250000A710A7942F008020A71B8E719694A7A84
:10826000082002F0F7024A724870B0E70060004050
:10827000FC0C002000E100E0EFF30383103B5BB255
:10828000354AC03352F823106FF3104142F82310DF
:10829000EFF30383103B5BB2304A52F8232092F88D
:1082A0002730002B37D192F829309BBBD36910B40B
:1082B000002B42D11069C1796FF3C711C023C1717E
:1082C00001E0013B02D0C179C909FAD11368224A01
:1082D00093F9103003F1C001002B52F821406FF3E5
:1082E000104442F8214009DB5A091D4C03F01F03DA
:1082F0000121603201FA03F344F82230C3795DF8BA
:10830000044B43F04003C3717047022909D192F82E
:10831000300030B9704792F82610032992F82810DF
:10832000F3D0106992F824C080F812C00131013BEB
:1083300082F8281082F827307047D2E90404116AC5
:10834000013B645C84740131C2E90731002BB2D077
:108350005DF8044B704700BF00600040FC0C00203B
:1083600000E100E010B4EFF30383103B2B4A5BB253
:1083700052F8233093F829201AB193F82720012AC4
:1083800047D0DA69D2B11969CA796FF38612C0236E
:10839000CA7101E0013B02D0CA795206FAD4EFF368
:1083A0000383103B5BB21E4AC03352F823106FF3B5
:1083B000104142F823105DF8044B704793F82A10DF
:1083C000F9B11968174C91F90F10480920304FF096
:1083D000010C01F01F010CFA01F144F82010BFF369
:1083E0004F8FBFF36F8F1969C87940F08000C87153
:1083F00004204870487962F30000487183F82CC06B
:10840000C2E719694B7A082203F0F7034B724A70EE
:10841000BAE793F83020002AB3D1B4E7FC0C00206F
:108420000060004000E100E038B5EFF30383103B4B
:108430004B4A5BB2E02152F8234023695A7A5972C1
:10844000D506D0B202F003011FD55A78520648D49F
:10845000E269012184F82B10002A5ED000252168F2
:10846000DD712046FFF7A8FD94F82610A269236964
:10847000E56184F82810226284F82C50B322DA7166
:1084800001212046FFF77AFD12E00029E0D1010723
:108490001BD594F82B20002A48D194F82910B32238
:1084A000002914BF02210321DA712046FFF766FD7F
:1084B000EFF30383103B5BB22A4AC03352F8231018
:1084C0006FF3104142F8231038BD94F82C20002A95
:1084D000EED04207ECD594F82B200121002AE4D1FC
:1084E000DBE70029B4D15A785506C2F38011CED506
:1084F00084F82B105A7A216802F0F702496A5A72FE
:10850000082058700A78012A0CBF03220222DA7070
:108510005A7942F001025A71CAE794F82C20002AD5
:108520009CD194F82B20002AA8D097E7E2696AB181
:10853000002294F82600A169E26184F828002162F3
:1085400084F82C20B322DA710121AEE794F82C20B4
:10855000002AEDD194F82B20002AF3D0E8E700BFE1
:10856000FC0C00200060004010B582B0EFF30384E3
:10857000103C164B164964B253F8242050790B5C1A
:1085800003F00303032B0FD0C03451F824306FF3F2
:10859000104341F82430936823B1D268CDE900201C
:1085A0006846984702B010BD936823B1D268CDE900
:1085B000002068469847064BC03453F824206FF3D8
:1085C000104243F8242002B010BD00BFFC0C002074
:1085D000006000400346D3E9022300205360704747
:1085E000D0E90123D26930B4D2E9011444F0004447
:1085F000D0685C61D2E9045440F0004041F0004191
:108600009861196100205D629C6230BC704700BFB8
:10861000002800DA704710B400F16043114C03F5F4
:1086200061430901C9B283F8001344F820200E49C0
:1086300000F1C00200F01F0C400951F822408000F8
:1086400000F1604000F561406FF31044012341F8F0
:10865000224003FA0CF3C0F880315DF8044B03604C
:10866000704700BFFC0C00200060004070B58369BB
:1086700084B004468C46164601AD9BB193E80700D2
:1086800085E8070083F804C0E2691A609E60184616
:1086900062699047A3691BB195E8070083E807006A
:1086A00004B070BD2B46EDE790F800C0486EBCF1F9
:1086B000030F98BF01300AB1824227D310B4019C46
:1086C000496BE40754BF01F01F01C1F30441BCF141
:1086D000030F09D9090981F0010172B9E9B9022230
:1086E0005DF8044B5A60704701F00C01A1F10401E0
:1086F000B1FA81F14909002AF0D0824201D3002960
:10870000EDD103225DF8044B5A607047BCF1030FB2
:1087100098BF02F1FF321A6070470028DFD0F0E7FF
:108720002DE9F0470B7C0D46012101FA03F2C260EE
:10873000920716BF002201740274D5E9052103F5E2
:10874000800303F5F0631B0242610022EE6945607D
:10875000C0E9062184B004468360EFF31080012352
:1087600083F31088854B297C0229D3F8081134BF84
:108770006FF020076FF040073940C3F80811D3F8B5
:10878000083180F31088A3686F684FF425411960A1
:10879000DA62DA639A642A78297A032A4FEAC151A5
:1087A00007F1FF3C00F0D58084BF41EA0241BC469E
:1087B000D6E9068ED9624FF0004119610020596157
:1087C00099614FF0FF315862039098620291C3F8AB
:1087D0001C80C3F820E0D6F82C80C3F868C0C3F82A
:1087E00064C0002A40F0A080790801390291404617
:1087F00001224FF0030C5965996500285DD095F86A
:1088000000E0B76A002F71D0B97897F80390090695
:1088100041EA097197F8049041EA09419963B968FE
:10882000C3F88C10002965D0012148B997F81C9035
:1088300097F81BA04FEA496949EA4A2948EA09081A
:10884000C3F8881040B996F8211096F8200049071F
:1088500041EA403148EA01084FF4AA01BEF1010F94
:10886000196402D10021D9641965E168D960C3F89F
:108870003480C3F830C01A63697C95F9120022462F
:10888000FFF7C6FE96F8221096F924002246FFF75D
:10889000BFFE96F8231096F925002246FFF7B8FE92
:1088A0002FB1397897F901002246FFF7B1FE344B1A
:1088B0002360002004B0BDE8F0873178F9B995F85D
:1088C00000E0B17800299CD0F778BEF1020F4FEAA2
:1088D000071141EA87113FD04BD903273943B76AC3
:1088E00048EA014848F08078002F8DD19F63C3F893
:1088F0008870A7E7F968003918BF012195E795F856
:1089000000E07178BEF1020F4FEA81194FEA0117BA
:1089100024D029D9032148EA010848EA090848EA8D
:10892000070848F48078CCE7012A19D0009019464E
:10893000EA68606802ABFFF7B7FEDDE902100204E7
:1089400042EA006242F0030CA368F06A42F00102BE
:1089500051E741F480312BE70927BFE70921DAE726
:1089600040464FF0030C46E7002914BF09210621B9
:10897000D1E7002F14BF09270627AFE7006F044097
:108980005450470030B4436893F91220DB69002A41
:1089900011DB51092E4D02F01F0C2031012404FA85
:1089A0000CF445F82140BFF34F8FBFF36F8F294977
:1089B000002441F8224093F92420002A11DB5109B8
:1089C000234D02F01F0C2031012404FA0CF445F869
:1089D0002140BFF34F8FBFF36F8F1E49002441F832
:1089E000224093F92520002A11DB5109184D02F08D
:1089F0001F0C2031012404FA0CF445F82140BFF388
:108A00004F8FBFF36F8F1349002441F822409B6AB8
:108A1000A3B193F90130002B10DB03F01F045A09B6
:108A20000121A14020320A4C44F82210BFF34F8F9D
:108A3000BFF36F8F074A002142F823108268C16894
:108A40000023036030BC184691605363704700BF39
:108A500000E100E0FC0C002030B4EFF30383103B96
:108A60005BB2184A184C03F1C00152F821006FF3B1
:108A7000104042F8210054F82300446894F800C0E4
:108A8000BCF1010F15D1D0E90254AC600024AC64F4
:108A9000EC642C6552F8215064F3104542F82150E3
:108AA0005A090A4903F01F0360320CFA03F341F834
:108AB0002230436923B1002230BC1146FFF7D6BDF6
:108AC00030BC704700600040FC0C002000E100E07A
:108AD0001E4B10B4C3600B7803F001034370EFF337
:108AE000108C012484F31088194BD3F8082122F448
:108AF0008012C3F80821D3F808318CF31088EFF303
:108B0000108C84F310884278D2B9C468237962F358
:108B1000861323718CF310884A684B78D278C46826
:108B2000D201DB01D2B2DBB26271A3710123E37126
:108B30000A780270074B43605DF8044B00207047D1
:108B4000C26813796FF3C7131371E3E700E00540C0
:108B5000006F044000434144C3684278002023F87A
:108B600012107047EFF31083012282F310884278CD
:108B7000C1683AB90A7942F040020A7183F3108859
:108B8000002070470A7942F080020A7183F310884E
:108B900000207047EFF31081012383F3108842789F
:108BA00042B9C068037962F38613037181F31088B8
:108BB00000207047C26813796FF3C713137181F3F4
:108BC00010880020704700BFEFF3108C012383F35F
:108BD0001088437873B9C268117963F386111171F3
:108BE000117A63F3861111728CF3108800234360AD
:108BF00018467047C3681A796FF3C7121A711A7A48
:108C00006FF3C7121A72EFE7F0B5076A8BB006462A
:108C100067B3BE468C46BEE80F006C460FC4BEE884
:108C20000F000FC49EE8030084E80300BCE80F00B7
:108C30003D460FC5BCE80F000FC59CE803008EE859
:108C40000300F36938469847336A6BB1EE469C4699
:108C5000BEE80F00ACE80F00BEE80F00ACE80F0064
:108C60009EE803008CE803000BB0F0BD0F46E8E778
:108C700030B58BB0EFF30383103B5BB22E4AC033A9
:108C800052F823106FF3104142F82310EFF30383DF
:108C9000103B5BB2294A52F8235000212822684633
:108CA00006F019FD6C6894F84D380020DBB284F8AA
:108CB0004D08ADF80430B4F84218C1F30012C906EB
:108CC00038D543F02003ADF80430022394F853283C
:108CD00084F8533894F8523803F01F03D2B2E118E5
:108CE00084F8532891F8202860F3820281F8202824
:108CF0002A681268009269466A6A039328460492B9
:108D0000FFF782FFB4F84238DB0611D52B681A69E9
:108D1000127D6AB193F91530002B09DB5A09084816
:108D200003F01F030121403201FA03F340F822301F
:108D30000BB030BD1346DBE700600040FC0C0020A8
:108D400000E100E02DE9F0418AB0EFF30383103B2E
:108D50005BB23F4AC03352F823106FF3104142F820
:108D60002310EFF30384103C3A4B66B2002253F811
:108D70002600D0E900E595F8533885F8532895F892
:108D8000527807F01F07DBB207F1200285F853384D
:108D9000130104F0FF0455F803C0CCF380718DF883
:108DA0001910E958DEF810301B7B43EAD17303F049
:108DB00001038DF81830002B46D1CCF38A4305EB24
:108DC000021205939188C1F3030301F00F010829F2
:108DD0008DF81A3035D908218DF81A1008AA002309
:108DE00005EB071808EB030C01339CF806C202F8E8
:108DF00001CB8B42F6D3DEF8003003972F4400936B
:108E0000442387F82038002307934FF48063ADF89C
:108E100004306946436A0493FFF7F6FEB5F842381A
:108E2000DB070BD5002E09DB76090B4A04F01F0483
:108E30000123403603FA04F442F826400AB0BDE8A4
:108E4000F0810029CAD1D6E72CF06043B7E700BF14
:108E500000600040FC0C002000E100E070B58AB02A
:108E6000EFF30383103B5BB2214AC03352F8231067
:108E70006FF3104142F82310EFF30383103B1D4AB8
:108E80005BB2012652F823506C6894F8532884F89A
:108E9000536894F85238D2B203F01F0384F8532871
:108EA0000393E2184FF40063ADF804302B681B689D
:108EB00000936B6A0493002382F82038694682F895
:108EC00020382846FFF7A0FEB4F842389B070CD59F
:108ED0002B6893F91730002B07DB5A09064903F07A
:108EE0001F0340329E4041F822600AB070BD00BFAF
:108EF00000600040FC0C002000E100E08268117A74
:108F000001F00101137AC3F340039942FAD1436897
:108F10001978012908D1C16893F810C004484B1E84
:108F20009BB240F82C101380F1231372002070477D
:108F3000B00C0020D0E90223013BF1219BB2138049
:108F400000201172704700BF8268117A01F00101A0
:108F5000137AC3F340039942FAD143684FF0F40CFB
:108F6000002182F808C0117393F9123013F1210F18
:108F700003D100230360184670478B421ADB5A095D
:108F800010B401210F4C203203F01F0301FA03F348
:108F900044F82230BFF34F8FBFF36F8F43680A4A04
:108FA00093F912305DF8044B42F82300002303606C
:108FB00018467047044A42F823000023036018460D
:108FC000704700BF00E100E0FC0C0020F0B40B7C17
:108FD00003F1401303F500631B02C0E90113EFF333
:108FE0001085012383F310880C7C394AC4F10304F3
:108FF000A340D2F8084124EA0303C2F80831D2F8AA
:10900000083185F31088826800231372137AC3F342
:10901000400C9B07FAD4CC6982F80AC0E378267822
:109020000D7A247903F00703002E42D1002D47D199
:1090300014734C684768002696735372631E9572CA
:109040009BB2C4603D7C1380224B43F8254091F9CC
:109050001230B34222DB4A7C03F1604404F56144E0
:109060001201D2B284F800231B4A1C4C42F82300A0
:1090700003F1C0055A0954F82570920002F16042CC
:1090800066F3104744F8257002F5614203F01F03B0
:10909000012404FA03F3C2F880311360D1E90541D9
:1090A00000230F4A0461C0E905310260F0BC184694
:1090B0007047502E06BF43F0500365463343B7E771
:1090C00085F0020543EA0513DBB23546B0E700BF81
:1090D000006F0440B00C0020FC0C00200060004039
:1090E00054474100F0B585B0EFF30383103B5BB20A
:1090F00003F1C0011B4A1C4C52F821006FF31040D1
:1091000042F8210054F82340D4E901120978137A77
:109110000129DBB204D1F42103F0F00311721372C0
:109120002769B7B1656901AECDB195E8070086E85A
:1091300007009B0644BF00232B71A3692B602846C0
:10914000B84763691BB196E8070083E80700A26887
:10915000137ADBB203F00F03137205B0F0BD35468E
:10916000E7E700BF00600040FC0C00200346002041
:109170001A689B8A1380704703681B88C3F3C03347
:1091800000200B70704700BF03681031002033F8D7
:1091900011301380704700BF43682DE9F041D1E9D9
:1091A00001250C685E6903681FFA84F8A3F804803F
:1091B0001FFA82F8A3F8148022F0405C1FFA85F8A9
:1091C00024F0405E25F040572243A3F808804FEA80
:1091D0001C4C3F0C4FEA1E4812F0405FA3F806807B
:1091E000A3F816C05F8159D1CA68002A00F09880A0
:1091F00015892F0522D5D2E900C7B2F80A80A3F855
:109200009050A3F89C80B2F80C80A3F89E801FFABF
:109210008CF8A3F89480CCF30B484FEA1C7CA3F89D
:10922000968083F892C01FFA87FCA3F898C0C7F312
:109230000B4C3F0FA3F89AC083F89370AF051FD46F
:109240000A8AA3F89050A3F88020F27892B11A8885
:10925000BEFA8EF11FFA82FE2EF01F0E0EF11F0EC7
:10926000828AAEEB010E1FFA8EFE4EEA0202A3F8CE
:1092700000E082822B4BC0E903340020BDE8F0817E
:10928000977C92F813C047EA0C0783F8A670D78939
:10929000128AA3F8A870A3F8AA20D1E7224FD7F822
:1092A0002080224F3F68C8F3026C07FA0CFCC8F319
:1092B00002181F4F2CFA08FCA7FB0C7C4FEA9C1CE1
:1092C0001C4F41F2883808FB0CFCA7FB0C7C4FEAD2
:1092D0009C4C0CF1010CBCF1070F38BF4FF0070C90
:1092E00012F080570AD05FFA8CF715F0805F83F890
:1092F000DE7040F2011708BF4FF48077920009D565
:109300005FFA8CFC47F40077AA0083F8DFC048BFFF
:1093100047F00207CA68BFB25F82002A7FF468AFD5
:1093200015468DE74344415200E00140880D00207E
:10933000D34D621083DE1B432DE9F8430B880C46A6
:109340005B0222696669C968026203F1804303F522
:10935000B8230022036081614460C261317962797F
:109360000546A0788F074FEA0223F17843EA40339D
:1093700054BF43F0400343F48863002900F0DF80CA
:1093800043F42073022A08BF764A9BB208BF32F822
:1093900021C0AB8218BF4FF0000C2279E1787078C1
:1093A00096F800E0D20342EA410242EA4010EFF3AD
:1093B0001088012181F310886B4F2288D7F808911B
:1093C000C2F1100201FA02F229EA0202C7F80821EA
:1093D000D7F8082188F3108847F6FF572A6880B22B
:1093E0003B401380A2F810C0D08182F80CE03379A2
:1093F000980700F1AD8082F88A3094F90630002B8E
:1094000022DB227A03F1604101F561411201D2B2FF
:1094100081F80023554A564942F8235003F1C00011
:109420005A0951F82070920002F160426FF3104720
:1094300041F8207002F5614203F01F03012101FA97
:1094400003F3C2F88031136094F90730002B22DB5C
:10945000627A03F1604101F561411201D2B281F8F3
:109460000023424A424942F8235003F1C0005A09FE
:1094700051F82040920002F160426FF3104441F82D
:10948000204002F5614203F01F03012101FA03F3BA
:10949000C2F88031136096F90630002B22DB327A55
:1094A00003F1604101F561411201D2B281F800235C
:1094B0002E4A2F4942F8235003F1C0005A0951F8AF
:1094C0002040920002F160426FF3104441F82040C6
:1094D00002F5614203F01F03012101FA03F3C2F810
:1094E0008031136096F90730002B22DB727A1F4817
:1094F00003F1604101F561411201D2B281F800230C
:1095000040F8235003F1C001194A52F821006FF3CB
:10951000104042F821005A09920002F1604202F51F
:10952000614203F01F03012101FA03F3C2F8803105
:109530001360104BAB6000202861BDE8F883002A5F
:109540007FF420AF43F400439BB2AB82944624E700
:1095500043F0030382F88A30084600F03DF92A6898
:10956000337948E77C2D0100006F0440FC0C00209B
:10957000006000404344415270B40021C0E9021130
:10958000436893F906205C698A4211DB5309364E21
:10959000203302F01F0C012505FA0CF546F8235084
:1095A000BFF34F8FBFF36F8F304B43F822104368E8
:1095B00093F90730002B11DB5A092B4D03F01F0CD8
:1095C0002032012101FA0CF145F82210BFF34F8F30
:1095D000BFF36F8F254A002142F8231094F906301B
:1095E000002B11DB5A09204D03F01F0C2032012102
:1095F00001FA0CF145F82210BFF34F8FBFF36F8FC4
:109600001A4A002142F8231094F90730002B10DB8E
:1096100003F01F045A090121A1402032124C44F8E2
:109620002210BFF34F8FBFF36F8F104A002142F813
:109630002310036800221A821A80EFF3108401239A
:1096400083F3108840680A490088C0F11000834005
:10965000D1F808010343C1F80831D1F8083184F387
:109660001088104670BC704700E100E0FC0C002040
:10967000006F0440064B074993F826001A6A51F818
:1096800020300549C2F30262D3400B60704700BF2F
:1096900000E00140B8020020880D002038B5434B9F
:1096A000434C444844494AF20355A3F8FE53002270
:1096B000424DA0F8002121604FF4004193F82600AC
:1096C000C4E90151C4E90321196A626154F82020F8
:1096D0003B4DC1F30261CA40082009212A6083F88A
:1096E000130483F8A21093F88024002A55D02F4B3E
:1096F000002283F8812483F8802493F8A0208AB183
:1097000093F83620002A3FD0284A92F8A030D80695
:10971000C3F30011F9D4254882F8A01090F8A030C6
:10972000D906FBD4214B002283F8362093F83C2045
:10973000D207FBD50121002283F8311083F82620BF
:10974000204A1A6293F8262054F822001C6A194A0B
:10975000C4F30264E04028604FF0040C842083F8D6
:109760003EC083F83E004FF4254083F8D010A3F8A4
:10977000FE03A2F80411B2F804319BB2002BFAD117
:109780000123A2F8003138BD93F83C20D207BBD4A6
:1097900093F83C20D207F7D5B6E7012183F880146F
:1097A00040F2C44000F018F8A1E700BF00E001401B
:1097B000B802002000C00140006CDC0200127A00F8
:1097C000880D002000010110704700BFA0F10100CA
:1097D0000028FBD1704700BF30B5144D144A00FB80
:1097E00001F14FF47A732868B2FBF0F2A1FB03C4D5
:1097F0004FF0FF304FF0000E60457EEB040407D3BE
:10980000BCFBF2F0800878B1BDE83040FFF7DEBF66
:109810009200B1FBF2F1A1FB031388427EEB03033C
:10982000F2D308460028EFD130BD00BF880D0020DC
:1098300000CA9A3B0B4B70B5B3F840510A4E002456
:10984000ADB225FA04F3DB07E0B203D556F82430B5
:1098500003B198470134102CF3D1024BA3F83051D7
:1098600070BD00BF00600040B80C0020084B10B471
:10987000084C03F1200C5842C21813F8011FC032E3
:10988000634544F82210F7D15DF8044B704700BFE0
:10989000B037010000600040EFF31081012383F333
:1098A0001088124B33F8102092B22AB133F81020EE
:1098B000013A92B223F8102033F810309BB293B9DA
:1098C0000B4A10B4B2F8FE330A4C9BB234F81000C5
:1098D00043F4254323EA0003A2F8FE3381F3108802
:1098E0005DF8044B704781F3108870477C0D0020B1
:1098F00000E00140882D010030B4EFF31081012316
:1099000083F310880E4A32F810309BB26BB90D4CBD
:109910000D4DB4F8FE3335F810C09BB243EA0C038A
:1099200043F425439BB2A4F8FE3332F810300133E0
:109930009BB222F8103081F3108830BC704700BF12
:109940007C0D002000E00140882D01000B4A08B585
:109950000346106840B10333094923F0030303446D
:109960008B4204D8136008BD06481060F3E705F089
:10997000EDFD0C2303604FF0FF3008BD840D002087
:10998000007B0020B824002000BE704708B500F01E
:1099900005F8FCF7B5FDFEE7704700BF70B5464B14
:1099A000464A47484FF47004C3F888404AF20251CF
:1099B00098600123A2F8FE1382B082F81F3492F857
:1099C000B134DB06FBD500204FF425460446A2F84F
:1099D000FE63FFF7E1FFFFF761FE8DF8074001200E
:1099E0009DF80730FFF788FFEFF31081012585F31D
:1099F0001088344BD3F8042122F00042C3F804212C
:109A0000D3F8042181F310882F4A1168C1F30001B3
:109A10008DF807101168C1F300018DF80710126866
:109A2000C2F300028DF80720EFF3108185F3108850
:109A3000D3F8042142F00042C3F80421D3F80431E2
:109A400081F310882846FFF727FF2846FFF7A4FF79
:109A50001E4B1F499C801F4A1E8099601E49D96079
:109A60004FF48051A2F820111C481D4A9D80121A03
:109A7000214605F030FE1B481B4A1C491C4D121A9A
:109A800005F005FE1B4B5B1BA3424FEAA30605DD59
:109A900055F8043B01349847A642F9DCFFF7EAFD8C
:109AA0000220FFF779FFFFF7E1FE002002B0BDE8DA
:109AB0007040FFF789BE00BF00ED00E000E001400C
:109AC00000400000006F044000080440000D00400A
:109AD000007B002000600040007F0020D0020020BA
:109AE000B424002000000020B80200209C3A0100AD
:109AF000640200209C02002000220270C0E90122C2
:109B000080F83520012280F83620DF2282777047E6
:109B10002DE9F04704464FF000081F469DF8283015
:109B200080F8008021730375089B0361099B8361A2
:109B30000B9B03620C9BDFF84091C0E90938FF23BF
:109B40008A4643771546002A3ED184F835205020B6
:109B500004F05DFE4FF6FF73A0F8423000F12008DC
:109B6000DF2380F8205080F8215080F8225080F8C0
:109B70002350C0E90955C562C0E90E55C0E90C552E
:109B800080F8443080F8453080F8405080F84150EB
:109B9000C0E91255C4F8288020222946064605F05F
:109BA0009AFD072FA6605AD8314ABAF1020FD35D49
:109BB000114642D099F80000002856D1002B4ED112
:109BC00002232777D35548E0012A48D184F835206D
:109BD000242004F01CFE837880F8008068F30203E0
:109BE00083704378C57003F0F80368F306130646E4
:109BF000437080F8048080F8058080F80680A062B9
:109C00001C224146083005F066FD012F666026D80B
:109C1000184BBAF1020FDA5D194602D099F800002C
:109C200028B1012A1BD802232777CB5515E0B2B9FA
:109C30000222DA552777257011E0012BF3D9277717
:109C4000384601F037FC3022816A404605F01FFD9E
:109C5000384601F02FFC036BA3610123237000231E
:109C600089F800302078BDE8F087012BDAE700BFE3
:109C70008E0D00208C0D0020960D002038B590F838
:109C8000353004468BB9806808B9002038BD04F12E
:109C90000C01FEF745FD0546A068FEF7A1FC0E2D60
:109CA00001D0002DF1D10120F0E7012BEDD140686A
:109CB0000028EAD004F10C010830FFF787F90546C7
:109CC00060680830FFF736F9E9E708B590F83530F5
:109CD0003BB9806820B1FEF77DFCB0FA80F0400906
:109CE00008BD012B06D140680028F9D00830FFF7E5
:109CF00005F9F2E70020F3E708B590F835303BB9F5
:109D0000806820B1FEF73EFEB0FA80F0400908BD41
:109D1000012B06D140680028F9D00830FFF714F96C
:109D2000F2E70020F3E7FFFF38B50446FFF7E4FF52
:109D3000606838B1237F0C4A00252421D55404F0F3
:109D400055FD6560A56875B1237F084AA86C0021A0
:109D5000D15410B1202104F049FD5021284604F0CF
:109D600045FD0023A36038BD8C0D00208E0D002022
:109D700010B50446FFF7D8FF204610BD01F10C03D3
:109D800003608B6803B1203343604B688360704786
:109D9000836823B11868003018BF012070474068FD
:109DA0000028FBD08068F6E7F0B585B004460F4682
:109DB000014601A81546FFF7E1FF2046FFF7E8FF3F
:109DC000064610B12046FFF797FF00F057F82A46E5
:109DD00001A900F01FF9054650B167772EB1204662
:109DE000FFF74CFF2046FFF770FF284605B0F0BD97
:109DF000DF23A377F2E7FFFF0028A8BF00F1604050
:109E00004FEA0111AEBF00F5614000F00F00034BB7
:109E1000C9B2ACBF80F800131954704714ED00E0CC
:109E200000F1C0020A4B53F822106FF3104143F8BF
:109E3000221000F01F024009800000F1604000F590
:109E4000614001239340C0F880310360704700BF38
:109E5000006000404309012200F01F0002FA00F0F8
:109E60002033044A42F82300BFF34F8FBFF36F8FB4
:109E7000704700BF00E100E07047FFFF38B50A4DB2
:109E80002B78BFF35B8F13F001040BD1284604F04D
:109E9000AFFC38B1054B28461C6004F0B5FC044803
:109EA00002F037FB014838BD980D00209C0D0020C2
:109EB000799E00002AB9304BC031012243F821209D
:109EC0007047012A03D1C0312B4B0222F6E7022A48
:109ED00003D1C031284B0322F0E7032A03D1C0315C
:109EE000254B0422EAE7042A03D1C031224B052284
:109EF000E4E7052A03D1C0311F4B0622DEE7062A1C
:109F000003D1C0311C4B0722D8E7072A03D1C03147
:109F1000194B0822D2E7082A03D1C031164B092277
:109F2000CCE7092A03D1C031134B0A22C6E70A2A1B
:109F300003D1C031104B0B22C0E70B2A03D1C03133
:109F40000D4B0C22BAE70C2A03D1C0310A4B0D226B
:109F5000B4E70D2A03D1C031074B0E22AEE70E2A1B
:109F600003D1C031044B0F22A8E70F2AA8D1C0317A
:109F7000014B1022A2E700BF0060004032B91A4B2B
:109F8000C0315D2243F8212001207047012A05D10C
:109F9000C031154B652043F82100F5E7022A03D1B3
:109FA000C031114B6D22EDE7032A03D1C0310E4BB6
:109FB0007522E7E7042A03D1C0310B4B7D22E1E78C
:109FC000052A03D1C031084B8522DBE7062A03D1DD
:109FD000C031054B8D22D5E7072A03D1C031024B92
:109FE0009522CFE7002070470060004032B9C031B1
:109FF000074B1E2243F8212001207047012A05D17A
:10A00000C031034B212043F82100F5E700207047C1
:10A0100000600040F8B50E4601681B4B1F2905463D
:10A0200017469C682CD8336893F91220213201D04E
:10A030000120F8BD7268403482B11A7CFFF79EFFA0
:10A040000028F5D03268082353742B689374A7B99D
:10A050000E4A44F8232001332B60EAE7B2688AB144
:10A060001A7CFFF7C3FF0028E2D03268082353743C
:10A070002B6893740FB9064AEBE744F82370EAE7BC
:10A080000020D6E71046D4E700ED00E0598A000032
:10A09000E59000002AB9064BC031362243F8212052
:10A0A0007047012AFCD1C031014B3B22F6E700BFCB
:10A0B000006000402AB9064BC031352243F8212008
:10A0C0007047012AFCD1C031014B3A22F6E700BFAC
:10A0D000006000402AB9064BC031372243F82120E6
:10A0E0007047012AFCD1C031014B3C22F6E700BF8A
:10A0F000006000402AB9064BC031382243F82120C5
:10A100007047012AFCD1C031014B3D22F6E700BF68
:10A11000006000402AB90C4BC031992243F821203D
:10A120007047012A03D1C031074B9F22F6E7022A6C
:10A1300003D1C031044BA422F0E7092AF0D1C03189
:10A14000014BA922EAE700BF006000402AB90C4B8E
:10A15000C031982243F821207047012A03D1C03131
:10A16000074B9E22F6E7022A03D1C031044BA322FB
:10A17000F0E7092AF0D1C031014BA822EAE700BF7D
:10A18000006000402AB90C4BC0319A2243F82120CC
:10A190007047012A03D1C031074BA022F6E7022AFB
:10A1A00003D1C031044BA522F0E7092AF0D1C03118
:10A1B000014BAA22EAE700BF006000402AB90C4B1D
:10A1C000C0319B2243F821207047012A03D1C031BE
:10A1D000074BA122F6E7022A03D1C031044BA62285
:10A1E000F0E7092AF0D1C031014BAB22EAE700BF0A
:10A1F000006000402AB9064BC031AE2243F821204E
:10A200007047012AFCD1C031014BB322F6E700BFF1
:10A21000006000402AB9064BC031AD2243F821202E
:10A220007047012AFCD1C031014BB222F6E700BFD2
:10A23000006000402AB9064BC031B12243F821200A
:10A240007047012AFCD1C031014BB622F6E700BFAE
:10A25000006000402AB9064BC031B02243F82120EB
:10A260007047012AFCD1C031014BB522F6E700BF8F
:10A27000006000402DE9F84FB44B9F6803681F2B26
:10A280000446154603D9002062B6BDE8F88F403772
:10A2900072B6012940F09080002AF4D093682133EF
:10A2A00040F08880036812681A441F2AEBD86A6855
:10A2B000DFF8B48247F82320C033332248F8232044
:10A2C00090F90000FFF7C6FD94F90030C0330C216F
:10A2D00058F823206FF3104248F8232094F9000027
:10A2E000FFF78AFD94F90000FFF79AFD2368AB6041
:10A2F0005A1C69682260C13347F82210342248F89A
:10A30000232094F90000FFF7A5FD94F90030C03335
:10A310000C2158F823206FF3104248F8232094F9B9
:10A320000000FFF769FD94F90000FFF779FD23684D
:10A3300069685A1CC133226047F82210312248F85C
:10A34000232094F90000FFF785FD94F90030C03315
:10A350000C2158F823206FF3104248F8232094F979
:10A360000000FFF749FD94F90000FFF759FD23684D
:10A3700069685A1CC133226047F82210322248F81B
:10A38000232094F90000FFF765FD94F90030C033F5
:10A390000C2158F823206FF3104248F8232094F939
:10A3A0000000FFF729FD94F90000FFF739FD23684D
:10A3B00001332360012067E702290DD1002A3FF411
:10A3C00062AF93682133F5D10068136818441F28E1
:10A3D0008CBF0020012057E7032911D1002A3FF448
:10A3E00052AF92F912302133E4D10E235374016835
:10A3F000574B917447F82130127CFFF7F7FDD6E7F1
:10A40000042949D1002A3FF43EAF92F907302133A5
:10A4100031D101680B1D202B3FF635AF0C264D4B7B
:10A42000D171967147F821301278FFF773FE0168F9
:10A43000494B0131016069722E7247F821302A7848
:10A44000FFF7A0FE0168454B0131016069712E7173
:10A4500047F821302A78FFF779FE0168404B013137
:10A460000160AE72E97247F821302A78FFF7A6FE44
:10A4700003680133036095F90700FFF7D1FC95F9F4
:10A480000900FFF7CDFC95F90500FFF7C9FC95F928
:10A490000B00FFF7C5FC8DE7002940F09480002AEF
:10A4A0003FF4F1AE137A3BBB126892F90D302133C1
:10A4B0001ED10C231373036853732A4A47F82320D1
:10A4C000C033294A262142F823102B68686893F983
:10A4D0000D101B7B01F160421B0102F56142DBB2F2
:10A4E00082F80033214B43F82100236801332360B5
:10A4F0002B6893F90D00CCE7012B39D1126892F942
:10A500000F3021331ED10C2393730368D373154A84
:10A5100047F82320C033144A272142F823102B6820
:10A52000686893F90F109B7B01F160421B0102F5F3
:10A530006142DBB282F800330C4B43F82100236800
:10A54000013323602B6893F90F00A2E700ED00E0D0
:10A55000E590000031710000A17300001D72000041
:10A56000E17300003579000000600040FC0C002021
:10A57000022B7FF488AE126892F9113021331ED17C
:10A580000C23137403685374A84A47F82320C0337C
:10A59000A74A282142F823102B68686893F9111004
:10A5A0001B7C01F160421B0102F56142DBB282F8C3
:10A5B0000033A04B43F821002368013323602B684C
:10A5C00093F9110065E7052973D1002A3FF45BAECA
:10A5D00016680C23737396F90F30213348D1016844
:10A5E0000B1D202B3FF64FAEF1733278DFF87882E7
:10A5F000DFF84092FFF74EFD90F9003008EB0302C0
:10A600004FF0C00A82F800A3016849F823600131C5
:10A610002B680160B1731A78FFF74CFD90F9003098
:10A6200008EB030282F800A3016849F823600131B6
:10A630002B68016031741A78FFF74CFD90F90030F7
:10A6400008EB030282F800A3016849F82360013196
:10A650002B68016071741A78FFF74CFD90F9003097
:10A66000984488F800A349F8236003680133036025
:10A6700096F90F00704B47F8203096F90E306F4A6C
:10A6800047F8232096F910306D4A47F8232096F9B1
:10A6900011306C4A47F82320FFF7C2FB96F90E00F1
:10A6A000FFF7BEFB96F91000FFF7BAFB96F9110011
:10A6B000EFE6062956D1002A3FF4E5AD16680C23D3
:10A6C000737396F90F30213341D10168CB1C202BD5
:10A6D0003FF6D9AD5C4BF17347F821303278DFF8A3
:10A6E0008881DFF85091FFF715FD90F9003008EBF5
:10A6F00003024FF0C00A82F800A3016849F8236002
:10A700000131524B0160B17347F821302B681A7840
:10A71000FFF71CFD90F9003008EB030282F800A35C
:10A72000016849F823600131494B0160317447F8F1
:10A7300021302B681A78FFF725FD90F900309844F6
:10A7400088F800A349F8236003680133036096F991
:10A750000F00FFF765FB96F90E00FFF761FB96F916
:10A76000100096E607294CD1002A3FF48CAD5568BD
:10A7700040F60C432B8295F90D30213320D101682E
:10A780000B1D202B3FF67FAD69732A78FFF782FC03
:10A790000168013101602A782973FFF78BFC016899
:10A7A000013101602A78A973FFF794FC0168013137
:10A7B00001602A78E973FFF79DFC036801330360A9
:10A7C00095F90D00234B47F8203095F90C30224ABB
:10A7D00047F8232095F90E30204A47F8232095F9B1
:10A7E0000F301F4A47F82320FFF71AFB95F90C009A
:10A7F000FFF716FB95F90E00FFF712FB95F90F0016
:10A8000047E6082932D1002A3FF43DAD92F90230E3
:10A8100021337FF4CFAD0C2353700168114B91703D
:10A8200047F821301278FFF745FBC0E59D7900001D
:10A8300000600040FC0C0020798200003D81000097
:10A840006583000029840000AD7600008D7600004D
:10A8500045780000357D0000097C0000DD7D0000AA
:10A86000717E00006985000000E100E0092978D1CF
:10A87000002A3FF408AD566896F90230213365D1BD
:10A8800001680B1D202B3FF6FEAC92F808A0AC4BE4
:10A89000D2F80090B1704FF0060B86F806B0524621
:10A8A00047F82130FFF7A6FCA64D96F90220B379B0
:10A8B000DFF8BC82A9181B01DBB281F80033016804
:10A8C000A14B48F82290013101605246717086F820
:10A8D00005B047F82130FFF79DFC96F90120737908
:10A8E000A9181B01DBB281F800330168974B48F8C7
:10A8F0002290013101605246317186F808B047F864
:10A900002130FFF7A7FC96F90420337AA9181B0120
:10A91000DBB281F8003301688D4B48F82290013199
:10A9200001605246F17086F807B047F82130FFF712
:10A9300081FC96F90320F37915441B01DBB285F8FD
:10A940000033036848F822900133036096F902004F
:10A95000FFF766FA96F90100FFF762FA96F904002C
:10A9600097E50A297CD1002A3FF48DAC566896F908
:10A970000230213365D101680B1D202B3FF683ACDB
:10A9800092F808A0734BD2F80090B1704FF0060B0C
:10A9900086F806B0524647F82130FFF7BBFB694DF9
:10A9A00096F90220B379DFF8C881A9181B01DBB240
:10A9B00081F800330168684B48F82290013101604A
:10A9C0005246717086F805B047F82130FFF7BEFB9C
:10A9D00096F901207379A9181B01DBB281F80033C5
:10A9E00001685E4B48F82290013101605246317196
:10A9F00086F808B047F82130FFF7E0FB96F904200D
:10AA0000337AA9181B01DBB281F800330168544B7B
:10AA100048F82290013101605246F17086F807B083
:10AA200047F82130FFF7AEFB96F90320F379154480
:10AA30001B01DBB285F80033036848F8229001332C
:10AA4000036096F90200FFF7EBF996F90100FFF7B2
:10AA5000E7F996F90400FFF7E3F996F9030018E522
:10AA60000B297FF410AC002A3FF40DACD2E900159D
:10AA70000C232B7595F91530213356D10368DA1C58
:10AA8000202A3FF600AC374A6B7547F823202A6826
:10AA900022B9C033344A4A2042F8230095F9150000
:10AAA0002B7D324E00F1604202F561421B01DBB2A8
:10AAB00082F8003322682E4B43F82010501C20608F
:10AAC000A87547F82060286820B9C13226484D266D
:10AAD00040F8226095F916602A7D06F1604000F585
:10AAE00061401201D2B280F80023226843F8261098
:10AAF000501C204E2060E87547F82060286820B977
:10AB0000C13219484E2640F8226095F917602A7D17
:10AB100006F16040120100F56140D2B280F80023D6
:10AB200043F8261023680133236095F91500FFF7D9
:10AB300077F995F91600FFF773F995F91700A8E46E
:10AB40008966000000E100E0ED650000416800005A
:10AB5000616700009974000001750000B175000084
:10AB600075750000718C000000600040458D00008C
:10AB7000FC0C00205D8E000008B53C22002102483C
:10AB800004F0A9FD08BD00BFA00D002070B5002491
:10AB9000064D264655F8240020B12C2103F026FE50
:10ABA00045F8246001340F2CF4D170BDA00D0020B5
:10ABB00001207047036840F213421B6A184790F85F
:10ABC0003D34002BFBD07047D0F82C322BB1D0F89D
:10ABD0002832184490F8240070474FF0FF30704737
:10ABE00013B5044690F8A8048DF80710002378B137
:10ABF00084F83C34012284F83D340DF1070104F55A
:10AC00008860FBF78BFE94F83C34002BFBD00120CE
:10AC100002B010BD0023C0F82432C0F82832C0F8BA
:10AC20002C32C0F83034C0F83434C0F8383400F571
:10AC30008860FBF7EDBE13B5EFF31083009301239B
:10AC4000019372B6019B5A1E01923BB1D0F82C427F
:10AC50006846FAF717FF204602B010BD6846FAF7BB
:10AC600011FF4FF0FF34F6E70268224B53F8223011
:10AC700013B54BB10279042A0CD0802A06D0022ADF
:10AC800002D1012283F83D2402B010BD012283F8D5
:10AC90003C24F9E7D3F82C22B2F5007FF4D0007AF7
:10ACA000EFF3108200920122019272B6019A013AEA
:10ACB000511C1AD0D3F82C12B1F5007F02F1FF34E9
:10ACC00011D0D3F82412194481F82400D3F82412A7
:10ACD0000131C1F30801C3F82412D3F82C12013159
:10ACE000C3F82C12E3E72246E2E768460192FAF73E
:10ACF000C9FEC9E7DC0D002013B5EFF31083009304
:10AD00000123019372B6019B5A1E0192E3B1D0F860
:10AD10002C32B3B1D0F82832034493F82440D0F851
:10AD200028320133C3F30803C0F82832D0F82C329C
:10AD3000013BC0F82C326846FAF7A4FE204602B068
:10AD400010BD4FF0FF34F6E76846FAF79BFE4FF070
:10AD5000FF34F3E738B5044600254FF47A70C4E9B0
:10AD60000150A3611848049BE361C4E90412206008
:10AD700029464FF4007204F1240004F0ACFCC4F83E
:10AD800024524FF40072C4F828522946C4F82C52B9
:10AD900004F50C7004F09FFC0123C4F83054C4F88F
:10ADA0003454C4F8385484F83C3484F83D34DF23F8
:10ADB00084F8A85484F8773484F8793484F87534A6
:10ADC00084F87B34204638BD982D010010B50C4620
:10ADD000FFF754F822460421BDE81040FFF74ABAB5
:10ADE00038B590F8A8340446154600206BB184F8B5
:10ADF0003C0484F83D0404F58860FBF78FFD94F86B
:10AE00003C34002BFBD0284638BD1D46FBE7FFFF36
:10AE1000F0B50369002B85B0044602DA002005B0C6
:10AE2000F0BD4269002AF9DB8B42F7DA8A42F5DA93
:10AE3000D9B20022684602AE03F066FC0122217DF1
:10AE4000304603F061FC00223DF812500021AB11A6
:10AE5000002D45D036F81200002841D036F81100F8
:10AE600083EA9017FF063BD103F01F0323620028FB
:10AE7000D4D0092BD2DC15F4F04F23691C4E0CBF43
:10AE80004FF080624FF0A06236F8331010F4F04FAC
:10AE900042F4803217480CBF4FF080654FF0A06538
:10AEA000FCF706FE6369134836F8331045F4803525
:10AEB0002A46FCF7FDFDA3695A1C0FD0E269013256
:10AEC0000CD036F833100B482A46FCF7F1FDE36945
:10AED000084836F833102A46FCF7EAFD01209EE7C1
:10AEE00001310329B4D10132032AADD196E700BF65
:10AEF000182C0100702400202DE9F04104460E4674
:10AF00001546FBF702FB01462046FFF781FF84F858
:10AF1000A804002800F0BD8094F891145E4B226ACA
:10AF20006FF3010184F89114192143F82240A4F829
:10AF3000921494F89034012184F895140F2103F0B1
:10AF4000E70384F89C144FF6FF7143F04003A4F824
:10AF50009E14A1696FF3820384F8903404F592671C
:10AF60000023013184F8943484F89634C4F898743A
:10AF700084F8A03405D0E16901311CBF082184F8B0
:10AF8000A01484F8702404F29442C4F88C2440F293
:10AF900013424FF6FF71954284F8A23484F8A3342B
:10AFA000A4F8A414C4F88834C4F88034C4F87C34F9
:10AFB0003ED02DD840F21142954248D040F2124284
:10AFC00095424AD0354BC4F8843404F58E68414626
:10AFD0002046FFF7FBFE94F8A834184084F8A80434
:10AFE00001213B4640F6B8323046FBF7DFFF94F8CC
:10AFF000931429B93B4640F6B8323046FBF7D6FFEA
:10B0000004F5886541462846FBF7ACFD78B3FEE7BA
:10B0100040F23242954225D040F2334295420FD061
:10B0200040F231439D42CDD1022384F871340AE0CD
:10B03000022284F8712484F8723484F87334C1E7EE
:10B04000022284F8712484F872340123F5E7022285
:10B0500084F8712484F87224EFE7022284F87124C2
:10B060000322F7E7022384F871340323EBE7394620
:10B070002846FBF7ABFC00B1FEE7C4F82402C4F895
:10B080002802C4F82C02C4F83004C4F83404C4F80C
:10B090003804BDE8F08100BFDC0D002069AC000081
:10B0A00030B58C18A14208D0D0F8603411F8015B9B
:10B0B000DD701D796D07FCD5F4E7104630BDFFFF4C
:10B0C00007B54FF0FF330093172216210248FFF710
:10B0D00041FE03B05DF804FB040E002007B54FF0FD
:10B0E000FF330093002201210248FFF733FE03B033
:10B0F0005DF804FBB012002007B54FF0FF3300935A
:10B10000192218210248FFF725FE03B05DF804FB61
:10B110005C1700200148FEF7EFBC00BF081C0020B0
:10B120000148FEF725BE00BF081C0020F8B5094FF6
:10B13000054600240126AA6C06FA04F3134205D042
:10B1400007EB440261B22846FEF71EF801341D2CBD
:10B15000F1D1F8BD4C1C0020837870B5044683B94A
:10B160000E4D2A68AAB103883BB90D48FFF7DEFFF0
:10B170002B682078BDE870401847012BF8D10948AA
:10B18000F4E7012B05D00A2B04D1074B1B68002BD9
:10B19000EFD170BD0B2BFCD1044BF7E7401C002016
:10B1A000881C0020E41C0020441C0020481C0020B7
:10B1B000F0B5044685B0002843D0002380F8323033
:10B1C000C1F38415836C012707FA05F213438364E6
:10B1D00000F13001FEF7B0F804AE04F1480120465A
:10B1E000FDF7DAFF2046FDF7C1FF06F8047D9DF864
:10B1F0000C30012B04D131462046FDF7BDFFF6E7A8
:10B200000DF10E0229462046FDF7BEFF0E4BBDF89C
:10B210000E0093F83330052B9CBF0C4AD2560C4BD2
:10B220001B684FF0010101FA03F388BF002200936D
:10B23000002301FA02F2194600F086F980B205B047
:10B24000F0BD4FF0FF30FAE7881C0020C42D01004C
:10B250007000002013B50A220C46C1B2684603F004
:10B2600053FABDF800205AB1064B074902F4F040EA
:10B27000B0F5006F0CBF18460846228002B010BD22
:10B280001046FAE7E41C0020881C0020F0B50126D7
:10B2900080F82560C0E90F23022600F12403002571
:10B2A00040F60C4780F826600186DF2603214364C0
:10B2B0004FF4C05380F8245080F8275080F828506D
:10B2C00080F8295080F82A6080F82B60878580F804
:10B2D000325080F8331080F8345080F8355080F8C0
:10B2E000366080F837600787C0E91255C0E9145509
:10B2F000A0F85850A0F85A30F0BD10B50446406D83
:10B3000010B1142103F072FA204610BD37B50D2894
:10B31000044602A998BF0E34002321F8023D2046BE
:10B32000FFF798FF074B05464FF4004133F8340010
:10B3300001F0F2F8BDF806102846FFF739FF03B018
:10B3400030BD00BF182C0100042838B598BF104B41
:10B35000104C98BF1D5CA36888BF002513B1204620
:10B36000FEF70AF90C4984F828500C4CA1F1300082
:10B37000FDF7E2FFA36813B12046FEF7FDF8084988
:10B3800084F82850A1F13000BDE83840FDF7D4BF63
:10B39000CA2D0100881C0020B81C0020E41C0020DD
:10B3A000141D0020FFFFFFFF2DE9F04D3C4B93F8EB
:10B3B0002830192B2DED028B6BD057D8012B62D082
:10B3C000022B63D0374CD4ED007AF5EE407AF1EEE3
:10B3D00010FA48D10020FFF7B7FF052001F0ACF8C4
:10B3E0000FF2B40BDBE900AB9FED2F8ADFF8C080D2
:10B3F0000A251420FFF78AFF07EE900AF8EEE77A95
:10B4000067EE887A17EE900A03F084FB52465B469B
:10B4100003F0D8FBD8F800300646012098400F46CC
:10B4200003F066FB02460B463046394603F0F4FC57
:10B43000064620680F4603F06DFB02460B46304679
:10B44000394603F009FA03F06DFE013D07EE900A5C
:10B450002060CED1F2EE046A87EEA67A052084ED54
:10B46000007AFFF771FF94ED000A08E01D2B04D06D
:10B470001F2BA7D1B0EE040A01E0B0EE000ABDEC2C
:10B48000028BBDE8F08D9FED090AF8E79FED060AF3
:10B49000F5E7B7EE080AF2E7295C8FC2F5A820406D
:10B4A000881C0020401D00203D0AB73F0000C07FDF
:10B4B0007000002030B5094B53F8144B00218C422A
:10B4C00007D053F8042F92F82450A84202D001313B
:10B4D000F5E7002202F1080030BD00BF441D002046
:10B4E00038B50E4C0E4D0F48002322461946FFF783
:10B4F000CDFE002301210C48FFF7C8FE284600249A
:10B50000214640F8044B142204F0E5F8502221466D
:10B5100005F1180004F0DFF838BD00BF59B1000094
:10B52000441D0020881C0020E41C002008B50448AD
:10B53000FFF7E3FE0348BDE80840FFF7DEBE00BFAB
:10B54000E41C0020881C002010B5029C401AE41A5C
:10B550006043521A90FBF2F0184410BD2DE9F04FF1
:10B56000027D012A85B005460F4640F097800021F4
:10B570004FF0FF3B04460B465E4694F804C048B2C9
:10B58000BCF1000F7CD194F805C0BCF1000F77D15D
:10B59000B6F1FF3F1BBF01335BB20123304693423C
:10B5A00001DD1A4683460131082904F1020465D100
:10B5B000002402EB0B03A1460293CB4502DC029B65
:10B5C0004B4560DC6E7995F804A04FEA26180AF026
:10B5D0000F035FFA88F25FEA2A1A019206F00F065B
:10B5E00077D05FFA8AF1BAF1090FCABF573130310B
:10B5F00049B23846039300F013FA039B0444092B25
:10B600008ABF03F1570103F1300149B23846039371
:10B6100000F006FA0444BAF1000F04D1039B13B9F9
:10B62000B8F1000F0DD0019BB8F1090FD4BF03F1A1
:10B63000300803F157084FFA88F1384600F0F0F966
:10B640000444092E8ABF573606F1300171B23846DC
:10B6500000F0E6F9B9F1070F044404D03A21384666
:10B6600000F0DEF9044409F10109B9F1080F05F110
:10B670000205A2D1204605B0BDE8F08F06467CE762
:10B680004FF0FF308FE7CB45EDD1BBF1000FE5D197
:10B690003A21384600F0C4F90444DFE700F110060F
:10B6A00000F11309002416F8011B0A22384600F0A5
:10B6B0003EFA2E218046384600F0B2F9B1454044AA
:10B6C0000444F0D10A22E97C384600F030FA044400
:10B6D000D0E7002B93D1A3E710B5054B03600446D8
:10B6E000017510220021043003F0F5FF204610BD43
:10B6F0002C2E010010B500210446FFF7EDFF204677
:10B7000010BDFFFFF8B50F461D460021084B036032
:10B710000446164601751022043003F0DCFF9DF844
:10B72000183027746674A574E3742046F8BD00BF12
:10B730002C2E010010B588B0CA7C0B7C02928A7C4A
:10B7400001924A7C009210210446064A0DEB01004A
:10B7500004F042FD04A9204600F038FA204608B063
:10B7600010BD00BFCF2D010010B59AB0CA7C0B7977
:10B770000E928A7C0D924A7C0C920A7C0B92CA7BB8
:10B780000A928A7B09924A7B08920A7B0792CA7ABC
:10B7900006928A7A05924A7A04920A7A0392CA79C0
:10B7A00002928A7901924A7900920446054A282138
:10B7B00010A804F011FD10A9204600F007FA204659
:10B7C0001AB010BDDB2D010010B50B7D04461BB96E
:10B7D000FFF7B0FF204610BDFFF7C6FFFAE738B508
:10B7E00010220D4604460021043003F074FF691E48
:10B7F00000224FF0FF3311F9010F00B3A0F1300523
:10B80000EDB2092D10D880B25D1CA0F1300001D13D
:10B8100003B2F0E703EB830300EB430080B2FF28A1
:10B8200003B2E8D9002011E02E28FBD1032AF9D079
:10B83000581CF7D0501C22441374C2B2D9E7032A13
:10B8400004D15A1C02D02075E374012038BD2DE9C3
:10B85000F84F0024064689464FF0FF37254699F9F0
:10B860000000002840D004F0A5FD4FFA80F8824681
:10B87000404609F1010B03F06FFE80B1B8F1660F8D
:10B8800002DD0020BDE8F88FB8F1600F24DC08EB82
:10B890000515303DB5F5803FF3D2D946DFE7B8F165
:10B8A0003A0FEED199F901303A2B1AD10137E8D18C
:10B8B00099F902303A2BE4D0002D0CBF2746671CC3
:10B8C00009F1020B072CDCD006EB44032A0A5D7158
:10B8D0001A7101340025E0E7AAF127084FFA88F829
:10B8E000D5E7002BEED1CCE77A1C1BD1072CC8D1B1
:10B8F00006EB44032A0A1A715D717B1C21D00134C6
:10B90000E31B07F108015B00091B013B7A004900BA
:10B91000002B0ADBD0183044057958183044013B1D
:10B920000571F5E7062CE3DDABE7C4F108043C4400
:10B930001346640000219C4203DDF21801331171AB
:10B94000F9E7012030759DE738B504460D46FFF74D
:10B9500046FF28B929462046BDE83840FFF777BFA3
:10B9600038BD08B50B46027D097D914208D1011D05
:10B970001022181D03F07CFEB0FA80F0400908BDCB
:10B980000020FCE7037D13B91031084470470431EF
:10B99000FBE7FFFF07B501210648FFF79DFE0023E7
:10B9A00000931A4619460448FFF7ACFE03B05DF851
:10B9B00004FB00BFAC1D0020C41D00202DE9F04198
:10B9C00006460D4601EB02080C464445A4EB05076C
:10B9D00007D0336814F8011B1B68304698470028CD
:10B9E000F3D13846BDE8F08170B5036804460846D7
:10B9F0000D465E6804F044FC294602463346204664
:10BA0000BDE87040184709B1FFF7EEBF0846704720
:10BA100008B5FFF7F8FF08BD08B5FFF7F4FF08BD4C
:10BA20000368C9B21B6818470A680B4612680146CA
:10BA3000184610470149FFF7D7BF00BFE5270100AF
:10BA400038B50546FFF7DFFF04462846FFF7F2FF4B
:10BA5000204438BD38B50546FFF7D5FF04462846D3
:10BA6000FFF7E8FF204438BD38B50546FFF7DCFF97
:10BA700004462846FFF7DEFF204438BD70B58AB083
:10BA80000E460AA9002301F8043D012A98BF0A22A4
:10BA9000B6FBF2F502FB1564E3B264B2092CD4BF25
:10BAA000303337335BB22E4601F8013D002DEFD124
:10BAB000FFF7A9FF0AB070BD2DE9F04107460E4619
:10BAC00015462AB90368C9B21B68BDE8F04118479A
:10BAD0000A2A05D1002905DBBDE8F041FFF7CEBFFA
:10BAE000D2B2F9E72D21FFF79BFF2A4604467142A7
:10BAF0003846FFF7C3FF2044BDE8F081FFF7DCBF05
:10BB000038B50546FFF7D8FF04462846FFF792FFF1
:10BB1000204438BD10B42AB903685DF8044B1B6893
:10BB2000C9B21847D2B25DF8044BFFF7A7BFFFF7C1
:10BB3000F1BFFFF7EFBF10B50446006808B103F08E
:10BB40002DFD204610BD10B50446006808B103F075
:10BB500025FD00232360C4E9013310BD38B5044638
:10BB60000D460068013104F0DBFA10B1C4E90005AC
:10BB7000012038BD036810B5044623B143688B42E9
:10BB800001D3012010BD2046FFF7E8FF0028F9D0BF
:10BB9000A368002BF5D122681370F3E770B50E4649
:10BBA000114604461546FFF7E5FF20B92046FFF78A
:10BBB000CAFF204670BD2A463146A560206803F0C2
:10BBC00066FD2268A3680021D154F2E738B500234E
:10BBD0000446C0E9003383600D4639B1084604F0DD
:10BBE0004FFB294602462046FFF7D8FF204638BDC6
:10BBF0000F4B10494AF20252A3F8FE230E4A11607D
:10BC00004FF42542A3F8FE2303F5E4231A886FF3CB
:10BC100004121A80BFF34F8F0849094BCA6802F417
:10BC2000E0621343CB60BFF34F8F00BFFDE700BF5F
:10BC300000E001403581730700E5014000ED00E0C0
:10BC40000400FA05F8B5184B1B780546144646184B
:10BC50004BB11146154804F04BFA154804F048FA68
:10BC6000AC4212D22C461348134D114F04F040FA47
:10BC70000F4804F03DFAB4420BD3104804F038FAF0
:10BC80000B48BDE8F84004F033BAB44228BF34464C
:10BC9000E9E722682146284604F02AFA384604F0EB
:10BCA00027FA0434E7E700BFCC1E00209C350100D2
:10BCB000E5270100C1350100E6350100292F01000B
:10BCC00008B50F4B0F4918600F4B1A600F4B104A05
:10BCD0001A60104B9B1A104A1360104A1160104AE8
:10BCE000521A10490A603BB90F4804F001FA0F4894
:10BCF000BDE8084004F0FCB90D4B01221A7008BDE4
:10BD0000741E002000400000D01E0020801E002075
:10BD1000007B0020007F00207C1E0020701E002081
:10BD2000943A01006C1E00203A350100E52701001D
:10BD3000781E002008B5064B06481A68064B19689D
:10BD400004F0D6F90548BDE8084004F0D1B900BFB9
:10BD5000D01E002017350100741E0020E5270100C9
:10BD6000304B2DE9F04F1C682F4BD3F800E02F4BE0
:10BD70001D782F4B1E782F4B1F682F4B1B688B464F
:10BD800007EB030CDDB1CEB92C4B99695B690160FF
:10BD9000013BBB4215D3634513D8BBF1010F10D94A
:10BDA00043600223A64426B1944203D8724528BFBB
:10BDB000724614460437DFF888802EE000252B46B3
:10BDC000F0E735460123EDE72268D10724D5561E5A
:10BDD000B74221D866451FD80F2B1DD832F8059CD5
:10BDE00032F8032C02EA080ABAF5784F04D109EABE
:10BDF0000809B9F5704F04D002F47F42B2F58E4FB6
:10BE00000AD15B4508D2022B03D115B14268B24278
:10BE100002D040F82360013304347445D4D318466B
:10BE2000BDE8F08F801E00207C1E0020841E0020B4
:10BE3000CC1E0020701E00206C1E0020881E0020DA
:10BE400000F8FFFF2DE9F04391B0044640220021A5
:10BE5000684603F040FC224610216846FFF780FF49
:10BE6000164FDFF87080064600244FF02009B442D8
:10BE700013D1FCB1114B12491248096804EBC404F8
:10BE80001C44002204F8012C0F4A04F031F90F4839
:10BE900004F02EF911B0BDE8F08304EBC4053D4475
:10BEA0005DF824204146284604F0CAF9013485F89B
:10BEB0000890DCE7064804F01BF9E8E7DC1D0020E9
:10BEC000741E00200C36010007360100E527010032
:10BED00049360100013601002DE9F0410D4B1B7878
:10BEE00086B006460D4643B90B4A0C490C4804F08F
:10BEF000FFF80C4804F0FCF8FEE70B4B1A78BAB1D7
:10BF0000054A0A49064804F0F3F8064804F0F0F838
:10BF1000FEE700BF781E0020302E0100432E0100F6
:10BF20004B2E0100E5270100841E0020692E010030
:10BF3000A64AA7481468A74AA74FD2F80080012252
:10BF40001A7004F0D5F8A54804F0D2F8FFF7F2FE15
:10BF5000A34804F0CDF8A14804F0CAF8F6064CBF97
:10BF600005F1200605F16806B44203D804EB080386
:10BF7000B34201D201233B70204632464146FFF7CF
:10BF800061FE3B78974C002B3DD1974804F0B0F808
:10BF9000924804F0ADF82F6927616F692A686B68D1
:10BFA000A968E8686761AF69ED6922606360A160B4
:10BFB000E060A761E56104908C48CDE902108C49EE
:10BFC0008C48CDE900318C4B8C4904F091F88348C2
:10BFD00004F08EF8E3690493894B0393A3690293F9
:10BFE000884B0193636900932269874B8749814895
:10BFF00004F07EF8794804F07BF8854804F078F87E
:10C00000764804F075F8834B834A1B682362834BA0
:10C010001B7884F82430824B1B68A362814B1B7809
:10C0200084F82C30804B1B682363804B1B88A386CD
:10C030007F4B1B681288E2637E4AA36312882264E6
:10C040009D0705D57C4804F053F8644804F050F887
:10C0500094F83B30580640F1278194F82430002BA7
:10C060003CD0D90705D5754804F042F85B4804F088
:10C070003FF894F824309A0705D5714804F038F851
:10C08000564804F035F894F824301B0705D56D4860
:10C0900004F02EF8514804F02BF894F82430DF0611
:10C0A00005D5694804F024F84C4804F021F894F8C8
:10C0B00024309D0605D5654804F01AF8474804F079
:10C0C00017F894F82430180608D5990706D0A16A05
:10C0D0005F4804F00DF8414804F00AF894F82C3059
:10C0E000002B46D0DA0705D55A4804F001F83B4842
:10C0F00003F0FEFF94F82C309B0705D5564803F05B
:10C10000F7FF364803F0F4FF94F82C305F0705D5AD
:10C11000524803F0EDFF314803F0EAFF94F82C3069
:10C120001D0705D54E4803F0E3FF2C4803F0E0FF60
:10C1300094F82C30D80605D54A4803F0D9FF274893
:10C1400003F0D6FF94F82C30990605D5464803F045
:10C15000CFFF224803F0CCFF94F82C301A0608D504
:10C160009F0706D5216B414803F0C2FF1B4803F02F
:10C17000BFFFA38E002B00F0978094F83430DD07CA
:10C1800005D53B4803F0B4FF144803F0B1FF94F821
:10C190003430980705D5374803F0AAFF0F4803F05D
:10C1A000A7FF94F83430590705D5334803F0A0FFB2
:10C1B0000A4803F09DFF94F834301A0760D52F48E1
:10C1C00003F096FF054803F093FF59E0801E00201E
:10C1D000E62701007C1E0020CC1E0020E527010080
:10C1E000732E0100881E0020A72E01006E3601006C
:10C1F00072360100E62E0100663601006A36010043
:10C200007E36010082360100763601007A36010062
:10C210000F2F010024ED00E030ED00E028ED00E0FC
:10C2200034ED00E029ED00E038ED00E02AED00E01B
:10C230002CED00E03CED00E04E2F01007A2F0100D4
:10C24000BC2F0100F72F01002D30010061300100EB
:10C25000AD300100E2300100163101004B31010028
:10C2600082310100AA310100D03101000E320100FB
:10C27000353201007B320100C73201002633010054
:10C2800094F83530DB0705D5274803F031FF274800
:10C2900003F02EFF94F835309F0705D5244803F0AE
:10C2A00027FF224803F024FF94F93B30002B34DAB7
:10C2B000E36B002B31D094F83C30DD0705D51D48E9
:10C2C00003F016FF194803F013FF94F83C30980769
:10C2D00005D5194803F00CFF144803F009FF94F842
:10C2E0003C30590705D5154803F002FF0F4803F00D
:10C2F000FFFE94F83C301A0705D5114803F0F8FE0C
:10C300000A4803F0F5FE94F83C30DB0605D50D48ED
:10C3100003F0EEFE054803F0EBFE304606B0BDE844
:10C32000F041FFF78FBD00BF6D330100E52701002D
:10C33000BF33010029340100593401008C3401005D
:10C34000B8340100E734010070466946FFF7C4FDC8
:10C35000FEE7FFFF73B50025044680F830500D223C
:10C3600068460E4602F0D0F9BDF800306363C3F3AF
:10C37000841203F4F043B3F5006F84F83860257439
:10C38000E5746574A574657522750CD004F110030D
:10C39000A361064BE361064B2362064B6362064BC7
:10C3A000A362064BE362204602B070BDD18A000052
:10C3B000C98B0000598B0000658B0000958B000035
:10C3C0000E210148FFF7C6BFD41E0020042911D852
:10C3D000DFE801F0030C0A030E000022064B33F8DD
:10C3E00030100020FBF764BB1022F7E70422F5E7CA
:10C3F0008422F3E7704700BF182C0100044B0A1C8D
:10C4000018BF012233F830100020FBF7EBBA00BF51
:10C41000182C010007B5084B0DF1070233F8301056
:10C420000020FBF7D1FA9DF80700003018BF01206B
:10C4300003B05DF804FB00BF182C0100EFF310807F
:10C44000012383F31088064B196819B9054AD17086
:10C450004021D1701A6801321A6080F31088704749
:10C46000F80C0020000D0440704770471A4A38B598
:10C470000023938072B61949194A1A4C0A60185958
:10C48000D0500433402BFAD1174D002302F1400065
:10C490005C59C4500433802BFAD1144B9A60BFF31B
:10C4A0004F8F62B60B68124ADA601249124A13487B
:10C4B000FFF706FCFFF7C2FFFAF72AF8FEF774FF52
:10C4C00000F04CF8FFF7D1FFF7F73AFFFFF7CCFF8A
:10C4D000F8F78EF9FCE700BF000D0040101F0020A8
:10C4E000007F0020004000004040000000ED00E020
:10C4F00049C30000933601008636010096360100DC
:10C500000148FEF7CDBD00BF040E002008B5FFF7BF
:10C51000ADFF00207047FFFF0A4601460148FBF7C8
:10C52000C7BA00BF70240020024A136801331360A9
:10C53000704700BF4C1F00200121FDF74DB9704727
:10C5400038B5054C2568054423689D4202D9FFF79C
:10C55000F6FFF9E738BD00BF4C1F002030B5164B81
:10C56000164C196A164B87B0012203930323CDE9B9
:10C5700001230025134B04951B68C1F3026083401F
:10C58000C1F30221CB4020464FF4FA51B3FBF1F343
:10C59000294600932B46FDF7BBFA2A460821204680
:10C5A000FDF702FC2046FDF769FB204607B0BDE819
:10C5B0003040FDF78ABB00BF00E00140141F00209F
:10C5C00029C50000880D0020014B1868704700BF86
:10C5D0004C1F00200148FDF78FBA00BF141F002038
:10C5E0000148FDF7C5BB00BF141F002070B500F166
:10C5F00010050446284600F0C6FD3F2815D9E1780D
:10C60000002000F019FF80B1284600F0BCFD3F2853
:10C61000E17807D904F50A7240230020BDE8704094
:10C6200000F026BF002000F015FF002070BDFFFFC6
:10C6300010B5044600F098FE08B9002010BD00F0C7
:10C640009BFE0028F9D1044B4FF42A7202FB0434FC
:10C65000207900F00100F1E7501F002008B5044ADE
:10C660004FF42A7303FB0020103000F075FD08BD65
:10C67000501F002070B54FF42A730A4C58434FF6F0
:10C68000FE764FF6FF732518B24288BF1A46103067
:10C6900092B2204400F098FD04462846FFF7A6FF1A
:10C6A000204670BD501F0020034A4FF42A7303FB3D
:10C6B0000020103000F09BBD501F00202DE9F041FC
:10C6C000054600F051FE10B90020BDE8F08100F0F1
:10C6D00053FE07460028F7D14FF42A746C43174DD8
:10C6E00004F11C062E44304600F036FD0028EBD045
:10C6F00005EB0408384698F8021000F09DFE00286B
:10C70000E2D004F51A74254429464022304600F050
:10C710005BFD98F80210044658B103462A46384695
:10C7200000F0A6FE38B9064B1B68DB07CCD500BE6F
:10C73000CBE700F08FFE2046C7E700BF501F002068
:10C74000F0ED00E00E4B70B54FF42A7404FB00349A
:10C7500005464FF6FF734FF6FE70824288BF1A46B9
:10C760001C3492B2204600F046FD0646204600F0FA
:10C77000F3FC3F2802D92846FFF7A0FF304670BDE2
:10C78000501F002008B5044A4FF42A7303FB002011
:10C790001C3000F0F8FC08BD501F002013B5134CEE
:10C7A0004FF42A720021204602F095FFFF236371A7
:10C7B0004FF4E133A36008220023A381A273009306
:10C7C00004F1280101234FF4807204F1100000F0FD
:10C7D000ACFC012300934FF4807204F5947104F1D2
:10C7E0001C0000F0A2FC02B010BD00BF501F0020D2
:10C7F00010B50A4C00210522204602F06CFF04F11E
:10C8000010001C3400F0FDFC204600F0FAFC20462D
:10C810000121BDE8104000F0F9BC00BF501F00200E
:10C82000F7B54B79022B074603D00024204603B00E
:10C83000F0BD8B79022BF8D11F4EB3787BBB8B7880
:10C8400033700D7809240D4403E02B781C44A4B206
:10C850001D446B78242B1BD19442F6D96B78042BA2
:10C8600012D16B790A2B0FD1144B2E78019301331F
:10C87000009302231A46A919384600F0A9FD70B1A9
:10C880000E3416FA84F4A4B20B48FFF7AFFECDE7DE
:10C89000052BE3D12946384600F076FD28B9084B30
:10C8A0001B68DB07C1D500BEBFE7AB7873702B7880
:10C8B0001C44A4B21D44D1E7501F0020521F002089
:10C8C000F0ED00E038B50B461146127802F0600238
:10C8D000202A47D1244A8C881578A54242D14C7829
:10C8E000203C032C3ED8DFE804F002141731012B62
:10C8F00005D107231D4A01F051F9012038BD032B52
:10C90000FBD11B4B002BF8D01849002001F050FE42
:10C91000F3E7012BF1D1ECE7012B02D101F026F96D
:10C92000EBE7032BE9D14C881471E14301F00101DD
:10C93000104800F06BFC104B002BDED0C4F340021B
:10C9400004F00101002001F01FFED6E7012BE5D025
:10C95000032BD2D1094B002BCFD049880020AFF355
:10C960000080CAE70020C9E7501F0020581F0020A0
:10C97000B1E500006C1F002089E500000000000008
:10C980002DE9F0471C46374BDA788A4280460F463D
:10C990001D4607D09B788B4259D1AB78BB4234D02F
:10C9A00001245BE003F50A7103F11000A2B200F06C
:10C9B00022FC2D4B2BB92D4BFBB92A48FFF716FE55
:10C9C000EBE795F905300133F5D005F2272606EBA4
:10C9D0000409A6F2172A4E45EDD095F9052016F860
:10C9E000013F9A42F7D1504600F0C6FB0028F2D131
:10C9F00095F90510AFF30080EDE71D4800F0BCFB92
:10CA00000028DAD1AFF30080D7E71A4B13B100202A
:10CA1000AFF300800020FFF751FE0028C0D1164878
:10CA200000F09AFB0028BBD1002CB9D014F03F06CF
:10CA3000B6D1A978404600F0FFFC04460028AFD0EC
:10CA400033463246A978404600F012FD06E00B4B13
:10CA50001C6814F0010401D000BE00242046BDE88B
:10CA6000F08700BF501F0020000000000000000001
:10CA7000601F0020000000006C1F0020F0ED00E0AF
:10CA80008C220021014802F026BE00BFF8210020C0
:10CA90000020FFF7F5BFFFFF2DE9F7430E460746DD
:10CAA0007379032B114604D00024204603B0BDE85F
:10CAB000F0833279C2EBC2041234A4B28C4205D99D
:10CAC000234B1B68DA07EFD500BEEDE7214D95F843
:10CAD00001E0A846BEF1000FF2D196F800C006EBC7
:10CAE0000C0191F80190B9F1210FE9D1C5F8881036
:10CAF00016F80CC005F1010E0235CDF804E00095E2
:10CB0000614400F065FC0028DAD0B37998F802108F
:10CB1000012B04BFF37988F80330012388F804302F
:10CB2000B37888F80030D8F88830B3F80730A8F820
:10CB300006300029B9D04023074A384600F098FC57
:10CB40000028B2D1024B1B68DB07AED500BEACE7B4
:10CB5000F0ED00E0F82100204022002013782DE9BC
:10CB6000F341154603F01F02012A06460C4601D088
:10CB700000246DE0DFF8C081AA8898F80010D2B2D6
:10CB800091424746F4D113F060031FD0202BEFD120
:10CB90006B78013B0A2BEBD801A252F823F000BFBF
:10CBA00013CC0000DBCC0000E7CC000071CB000010
:10CBB00071CB000071CB000071CB000071CB000085
:10CBC0006DCC0000B7CC0000F3CC0000012C01D0EC
:10CBD00001243DE06A78062ACAD16A88120A212A0D
:10CBE0000AD1D8F88820002AC2D01378294602B08A
:10CBF000BDE8F04100F0D2BF222AB9D1184601F0B9
:10CC000021FDB8F8063002462946304600F0C6FF3E
:10CC10001EE0012CDCD1EB886988402B4FEA112201
:10CC2000184628BF402011F0FF0115D0012B13D961
:10CC30000138384B397280B20090002001F060FD5D
:10CC40000444A4B25CB9344B1B68DB0790D500BE2A
:10CC5000204602B0BDE8F0810024304BECE72346CB
:10CC60002E4A2946304600F099FFB1E7012C05D144
:10CC7000EB88402B3FF67CAF294AC5E7032CA7D1B0
:10CC8000EB886988402B4FEA1122184628BF4020C4
:10CC900011F0FF010DD0012B0BD997F848308B42D2
:10CCA00007D101381F4B80B20090002001F02AFD0F
:10CCB0008EE71B4BF8E7012C8AD169881A4B090AC9
:10CCC00079712BB10020AFF3008000283FF450AF02
:10CCD0002946304600F04AFF7AE7012C7FF478AF0E
:10CCE0002346124A90E7012C7FF472AF2346104A84
:10CCF0008AE7012CECD0032C7FF46AAF69880D4BD6
:10CD0000C9B23971002B3FF463AF0020AFF300804C
:10CD10005EE700BF01220020F0ED00E000220020CD
:10CD2000402200204122002000000000FD210020C0
:10CD3000FC21002000000000F821002037B51A4C2B
:10CD4000A2788A420546607813D088420AD1174AF1
:10CD500012B9012003B030BD9AB215490020AFF3DB
:10CD60000080F6E7134B1B68DB0700D500BE0020F0
:10CD7000F0E79042EBD000229BB2114610460093A0
:10CD800004F1480301F0BEFC402304F14802A178FD
:10CD9000284600F06DFB0028DBD1064B1B68DA0744
:10CDA000E5D500BED6E700BFF82100200000000056
:10CDB00000220020F0ED00E00A4492B291424FEAD6
:10CDC000400001D8824201DB121A92B2104670472D
:10CDD00038B50D46D41A8188A4B29A423CBF04EB00
:10CDE0004104A4B2BCB1A14205D2914294BF531AEE
:10CDF0008B189BB2438199420AD9C2880168C2F359
:10CE00000E0202FB0311284602F041FC012038BD4E
:10CE10005B1A9BB2EFE72046F9E7F7B504469008A6
:10CE200003460D464FF6FF76013B9BB2B3420ED14F
:10CE300012F0030201EB800107D002A8002340F8A2
:10CE4000043D02F024FC019B236003B0F0BD55F8C3
:10CE5000047B2760E8E72DE9F3470F46BDF828106B
:10CE600084885E1AB6B28B423CBF06EB4406B6B26B
:10CE700080466EB3B44206D29C4294BF191BE1189F
:10CE800089B241812646964228BF16468C4223D954
:10CE9000B8F80630D8F80050C3F30E03641A9AB2FB
:10CEA000A4B202FB01559DF82C10A6EB040914FB5B
:10CEB00003FA19FB03F901291FFA8AFA1FFA89F903
:10CEC00018D0A6420BD872432946384602F0DFFB41
:10CED000304602B0BDE8F087091B89B2D6E752465A
:10CEE0002946384602F0D3FB4A46D8F8001007EB33
:10CEF0000A00EBE7A64207D816FB03F292B22946D6
:10CF00003846FFF78AFFE3E72AF00304A4B222467B
:10CF100029463846FFF781FF1AF0030A28D0CAF1E4
:10CF200004039BB24B4505EB040102AC28BF4B4602
:10CF30000020A9EB030944F8040D1FFA89F90A5CE3
:10CF40000255421C92450CD1D8F8001020440B44E5
:10CF5000994208D1019B3B60B9F1000FB8D04A4615
:10CF6000CEE71046EBE711F8012B00F8012FEFE7B1
:10CF7000D8F80010F0E7F7B59408234605464FF6B9
:10CF8000FF76013B9BB2B3420CD112F0030200EBDF
:10CF9000840005D00B6802A941F8043D02F077FB3C
:10CFA00003B0F0BD0F6845F8047BEAE72DE9F74FC1
:10CFB0001446C2790589B0F804800F4641899B4622
:10CFC000D3090646ADB289B215D18D4236BFC1EB49
:10CFD0004801691A491989B2414536BFA8EB0101D8
:10CFE000002189B28C4228BF0C46002C50D120462B
:10CFF00003B0BDE8F08F44450CD3BBF1000F06D160
:10D00000C288A4EB0804C2F30E0202FB04770D46AB
:10D010004446EAE78D424FEA480036BF421A6A1A90
:10D02000521992B222448242DFDBA8EB040292B290
:10D030004046FFF7C1FE0546D7E7ACEB080C1FFAE8
:10D040008CFCC445F9D2A8EB0C01F088336889B296
:10D05000C0F30E00A4EB010982B211FB00FA19FB28
:10D0600000F9BBF1010F1FFA8AFA1FFA89F902FBD6
:10D070000C3819D08C420DD862433946404602F034
:10D0800006FB22462946B088FFF796FE3081AEE7C0
:10D09000AC46D6E752463946404602F0F8FA4A46D0
:10D0A00007EB0A013068EAE78C4207D814FB00F26C
:10D0B00092B239464046FFF75EFFE2E72AF0030BE3
:10D0C0001FFA8BFB5A4639464046FFF754FF1AF0C9
:10D0D000030A28D0CAF1040080B2484502AB28BF39
:10D0E00048463A6843F8042DA9EB0009D8441FFAD2
:10D0F00089F90021CA5C08F8012001318A45F9D17B
:10D100009A4433680AEB00015A1E514506D118446F
:10D11000B9F1000FB5D04A463946CCE71AF801CB31
:10D1200002F801CFF1E73068F2E7B2F5004F11D80D
:10D130008280C288016063F30E029DF80030C280D5
:10D14000C2F3072263F3C71200234381C271038134
:10D1500001207047002070470389428981889BB273
:10D1600092B2934236BFC2EB41029B1A9B1898B20F
:10D17000884228BF08467047028943899BB29B1AA0
:10D180005842584170478288038940899BB280B2D7
:10D19000834236BFC0EB4200181AC01880B28242E8
:10D1A00086BF101A80B20020704710B502894389EB
:10D1B0000446FFF70DFE6189034682B2A088FFF79F
:10D1C000FBFD6081184610BD73B5038945890026B3
:10D1D000CDE900560446FFF73EFE6189034602464C
:10D1E000A088FFF7E9FD6081184602B070BD028992
:10D1F0004389FFF7EDBD12B10023FFF7D7BE1046FC
:10D20000704700234381038101207047C37961F394
:10D21000C713C3710120704708B5034640890A4609
:10D2200001469888FFF7C8FD588108BD70B505898B
:10D2300043898488ADB29BB29D4236BFC3EB4402A2
:10D24000EA1A521992B2944206D2AC4294BF2B1BF6
:10D2500063199BB2438122462AB9C1E900228A6040
:10D2600070BD2D1BADB2AC42FBD99C420AD90068FF
:10D27000AB4200EB03064E6007D200230A804B80CE
:10D280008B60EDE71B1B9BB2EFE7E31A9BB2D21A50
:10D290000B804A808860E3E70A4B1B78834206D9FB
:10D2A000094B1B6800EB400003EBC00070475A1CA1
:10D2B0008242A1BFC01A054B182202FB0030B8BF42
:10D2C0000020704788220020842200200C370100B3
:10D2D00070B5134D064600242B78E0B2013383422B
:10D2E00010DA3B2200210F4802F0F5F91022FF214D
:10D2F0000D4802F0F0F91422FF210C48BDE87040FF
:10D3000002F0E9B9FFF7C8FF013428B9084B1B68E0
:10D31000DB0700D500BE70BD436830469847DBE7A9
:10D3200088220020892200208C2200209C220020BC
:10D33000F0ED00E070B50C4605461646086800F0B2
:10D340006DFC2368324628460121BDE8704018472D
:10D35000044B1B7810B1184600F060BE184600F070
:10D3600073BE00BF74000020024B5878003018BF15
:10D370000120704789220020024B1878C0F38000FA
:10D38000704700BF8922002038B58B7803F07F03F7
:10D39000092B0C4606D90B4B1B68DB0700D500BEDA
:10D3A000002038BD084B1D78084B2046997800F0C6
:10D3B000FFFF0028EFD021462846BDE8384000F0A6
:10D3C0005FBE00BFF0ED00E0740000208922002065
:10D3D0002DE9F047DDE9085680460C4691469A460D
:10D3E0000027B94501DC01200CE06378052B04D14E
:10D3F000E17801F00301514508D00E4B1B68DA07B4
:10D4000002D40020BDE8F08700BEFAE7214640467E
:10D41000FFF7BAFF28B9074B1B68DB07F1D500BE41
:10D42000F0E7A178CB0914BF317029702378013758
:10D430001C44D6E7F0ED00E0CB0901F07F00273374
:10D4400003EB400302480021184400F089BF00BFED
:10D4500089220020CB0901F07F00273303EB400332
:10D4600002480021184400F092BF00BF892200202A
:10D4700038B5154C01F07F0504EB450404EBD114DD
:10D480002034E079C00707D5104B1B68DA0701D4B8
:10D49000002038BD00BEFBE7E5790D4845F00105E9
:10D4A0000078E57100F0D2FE0028F2D1E37960F354
:10D4B0000003E371E37960F38203E371034B1B68BC
:10D4C000DB07E5D500BEE4E789220020F0ED00E0AF
:10D4D0007400002010B50C4C01F07F0204EB4204F4
:10D4E00004EBD1142034E3799B070BD4074B187855
:10D4F00000F0D0FEE37943F00203E371E37943F0F7
:10D500000103E37110BD00BF8922002074000020D8
:10D5100010B50C4C01F07F0204EB420404EBD11473
:10D520002034E3799B070BD5074B187800F0DEFE1B
:10D53000E3796FF34103E371E3796FF30003E37180
:10D5400010BD00BF89220020740000202DE9F04F9B
:10D55000BA4B1B78FF2B89B000F09982B84B1D683D
:10D560002C46002054F8043B9847204605A9FFF7B5
:10D570001CFE2B68044601209847002C00F087828F
:10D580009DF81530013B072B00F2AE82DFE813F067
:10D5900008001300AC028A0299021F005802A5027B
:10D5A0009DF81400FFF794FE00F030FBA54B9DF8AA
:10D5B00018209A70D2E79DF81400FFF789FE00F05A
:10D5C00025FBA14B002BC9D0AFF30080C6E79D4CD3
:10D5D0009DF81450237843F00103237094F827300A
:10D5E0006FF3000384F8273094F827306FF3820339
:10D5F00084F8273094F828306FF3000384F828303B
:10D6000094F828306FF3820384F82830002000F06B
:10D6100005FB9DF8187007F06008B8F1600F0FD196
:10D620008A4B1B68DC0700D500BE9DF81400002162
:10D6300000F030FE80219DF8140000F02BFE8DE7F5
:10D64000B8F1400F0DD182480028EED000F0E6FA84
:10D6500006AA01212846AFF3008000287FF47EAFA0
:10D66000E3E707F01F07012F00F0938119D3022F82
:10D67000D6D19DF81C1001F07F06092ED0D804EBFE
:10D68000460606EBD116F07CFFF706FE8146B8F1A0
:10D69000000F00F0AA810028C7D006AA00F10C01F3
:10D6A0000FE0B8F1200F10D19DF81C300F2BBCD823
:10D6B0001C44E078FFF7F0FD0028B6D006AA00F180
:10D6C0000C012846FFF736FEC7E7B8F1000FA7D1D7
:10D6D0009DF81930092BA3D801A252F823F000BFFE
:10D6E0007BD9000069D9000021D6000055D900007F
:10D6F00021D6000009D7000095D8000021D60000EF
:10D7000023D7000037D7000006A800F08DFA9DF857
:10D710001A10284600F0B2FC237843F0020323706D
:10D720001CE708AA637802F80E3D012306A92846E3
:10D7300000F034FA12E79DF81A906378994531D0D9
:10D7400063783BB1284600F067FDA6782846FFF7CE
:10D75000BFFDA670B9F1000F00F0968009F1FF300F
:10D76000C0B200F07DFF10B14378022B06D0374BDA
:10D770001B68DF077FF554AF00BE51E7C2792378FD
:10D78000511161F30413921162F34513237043881E
:10D79000C31800F109060293029BB34209D82D4B2E
:10D7A000002B6ED184F8019006A9284600F0DEF91E
:10D7B000D4E673780B2B03BF337896F80380F61802
:10D7C0004FF001087378042BD1D1029B9B1B9BB2B5
:10D7D000039300230193204B9DF804701B780133C1
:10D7E000BB4225DB3846FFF757FD83460028BED0F5
:10D7F0008368039A314628469847082882463DD9CF
:10D80000039B83423AD3B8F1010F06D1DBF808201D
:10D81000124B9A4208BF4FF002080022D3B2434590
:10D8200020D331463B4652460D4800F0F1FD5644A8
:10D83000094B1B7801339F42AEDD98E7740000204E
:10D84000C42200208922002000000000F0ED00E04A
:10D8500000000000000000008822002021C8000015
:10D860009C220020B1780B44A34951FA83F3013282
:10D87000D978FF297FF47BAFDF70CFE7019B0133BD
:10D88000A8E7AFF300808DE79C4B002B8AD0AFF365
:10D89000008087E7BDF81A00030A5A1EC0B20E2A9C
:10D8A0003FF6C3AE01A151F822F000BFE9D8000055
:10D8B00013D9000033D900002BD600002BD600006E
:10D8C00047D9000013D900002BD600002BD600004A
:10D8D0002BD600002BD600002BD600002BD6000044
:10D8E0002BD60000F3D8000000F0A4FE122302465D
:10D8F0000AE0834B002B3FF498AEAFF30080024662
:10D9000000283FF48DAE438806A9284600F046F96A
:10D91000A3E6022B06D100F0A3FE00283FF480AE60
:10D920004388E4E7774B002B3FF47FAEAFF30080F2
:10D93000F3E7BDF81C1000F099FE024600283FF402
:10D9400074AE0378E0E7704B002B3FF46EAEAFF39C
:10D950000080F2E7BDF81A30012B7FF466AE237821
:10D9600043F0080323701FE7BDF81A30012B7FF442
:10D970005CAE23786FF3C303F4E72378C3F340125C
:10D980009B0803F00203134308AA22F80E3D02236A
:10D99000CCE69DF81C300F2B3FF647AE1C44E078D8
:10D9A000FFF77AFC00283FF440AE00F10C0106AA14
:10D9B0002846FFF7BFFC00287FF4D0AD9DF8183053
:10D9C00013F060047FF431AE9DF819300A3B012B4F
:10D9D0003FF62BAE00F022F99DF819300A2B7FF4A8
:10D9E000E3AE08AA02F80E4D9FE69DF81930012B10
:10D9F00003D01DD3032B7FF413AEBDF81A2022B938
:10DA0000012B284619D1FFF783FDB9F1000F3FF430
:10DA1000A5AD06AA09F10C012846FFF78BFC0020F2
:10DA200000F0FCF894F82830DE073FF597ADBBE630
:10DA300096F82730C3F34003A6E7FFF74BFDE4E772
:10DA40009DF818102C4B01F07F0403EB440303EB0B
:10DA5000D11393F827006FF3000083F8270093F8A1
:10DA600027006FF3820083F827003CB9079B9DF8DD
:10DA700019209DF8140000F0E3F86FE5D87CFFF75B
:10DA80000BFC38B9214B1B68D80700D500BE09B084
:10DA9000BDE8F08F0469079B9DF819209DF81400DC
:10DAA000A0475BE5144B1A78D1077FF557AD184AAC
:10DAB000002A3FF453AD1878C0F3C000AFF30080E4
:10DAC0004CE50D4B1B78DA077FF548AD114B002B69
:10DAD0003FF444ADAFF3008040E5069B002B3FF4DC
:10DAE0003DAD0798984739E5084B1B68DB077FF584
:10DAF00035AD00BE32E500BF8922002000000000E5
:10DB0000000000000000000000000000F0ED00E058
:10DB10000000000000000000124B9989DA8970B5FE
:10DB20008C1AA4B2054693F90000402C28BF40246B
:10DB3000002809DA914212D099680B48224601F078
:10DB4000A6FD8021084A04E091424FF00001F9D17E
:10DB5000002223462846BDE87040FFF789BC80219B
:10DB6000F6E700BFC8220020DC22002030B40A4CB7
:10DB700005460A4608684968234603C30023C4E9EA
:10DB8000023392F900209A4228461A46ACBF8021FF
:10DB9000194630BCFFF76CBCC8220020F8B5194DFF
:10DBA0000C46074608684968AA602E4603C600214D
:10DBB000E981E1888B4228BF0B46AB8179B143B143
:10DBC0003AB9114B1B68DA0701D40020F8BD00BE3A
:10DBD000FBE73846FFF7A0FF68B10120F6E794F9AC
:10DBE0000030002B0A460B463846ACBF802100218E
:10DBF000FFF73EFCF0E7044B1B68DB07E5D500BEF2
:10DC0000E4E700BFC8220020F0ED00E0142200216C
:10DC1000014801F060BD00BFC8220020014B18611F
:10DC2000704700BFC82200200146044A00684968C6
:10DC3000134603C30023C2E902337047C822002001
:10DC400070B52F4C1E462378C909B1EBD31F05468A
:10DC500016D03EB12B4B1B68DA0701D4002070BDF3
:10DC600000BEFBE7284B13B12146AFF300802369C8
:10DC70000BB90120F3E7224A032128469847F8E729
:10DC800094F90030002B06DBA0680028E6D032466D
:10DC90001E4901F0FCFCA368E28933443244A360CE
:10DCA000E38892B29342E28101D03F2E24D82369C7
:10DCB0009BB994F90030002B4FF000031A46ACBF1B
:10DCC000802119462846FFF7D3FB0028D1D10D4B00
:10DCD0001B68DB07C2D500BEC1E70221084A2846FF
:10DCE000984701460028E4D1284600F0D3FA802165
:10DCF000284600F0CFFABCE72846FFF70DFFE4E71F
:10DD0000C8220020F0ED00E000000000DC2200202E
:10DD100030B503468518EC1A012C09D854086FF069
:10DD2000010303FB042212B110F814300B7030BD54
:10DD300033F8024B0C80EEE7F0B585B00F4601A931
:10DD400015460646FFF772FABDF804400298AC4249
:10DD500028BF2C462D1B22463946ADB2FFF7D8FF0F
:10DD600055B1BDF8063003989D4228BF1D462A468E
:10DD7000FFF7CEFF2C44A4B221463046FFF74CFA01
:10DD800005B0F0BD2DE9F843174BDC8881461F46EE
:10DD900034B91C705C709C70DC700120BDE8F883A5
:10DDA000B0F85E8008F07F084445254628BF454608
:10DDB0004DB11E685B7ADB0700F114012A4630463C
:10DDC0000DD5FFF7B9FF454538BF4FF40043A4EB2D
:10DDD000050438BFA9F82230FC800020DEE72E447D
:10DDE000FFF796FF3E60EEE71C23002070B5044667
:10DDF000BDF81050FAB14FF484602084208C860660
:10DE0000FCD51748467A858061F300064672C580C6
:10DE1000EDB10360BAB1B4F86030DB0B03D0B4F8F5
:10DE200054301B060CD40F4B186810F0010001D0C1
:10DE300000BE002070BD0284208C8006FCD4E0E788
:10DE40002046FFF79FFF0120A4F86000F2E70523BA
:10DE5000057045708570C570A4F860300120E9E751
:10DE60001C230020F0ED00E02DE9F84F314E0C238B
:10DE700003FB01630546B3F806800C46B8F1000FBA
:10DE800017D131B101F1370235F812305904FBD402
:10DE900004E0294B1B68D80700D500BE0C235C4367
:10DEA000321900233355012053709370D370BDE8AD
:10DEB000F88F8BB243F480620285A0F86430B0F82A
:10DEC0006CA01FFA8AFA2B8D03F00F039C42FAD143
:10DED0006B8D9A04FCD5D045474628BF574687B17D
:10DEE0004FF00C0B0BFB04FB06EB0B0305F11801C9
:10DEF00053F8089B5B78DB073A46484613D5FFF793
:10DF00001BFF57453CBF4FF400436B8500232B8517
:10DF1000288D10F00F00FBD10C2303FB0464A8EB49
:10DF20000707E780C3E7B944FFF7F2FE46F80B9016
:10DF3000E7E700BF1C230020F0ED00E02DE9F843E7
:10DF4000DFF8D4C0BDF82050D7098E4602F07F021A
:10DF50000CEB07110A44044692F8781041B92D4B96
:10DF6000186810F0010001D000BE0846BDE8F88333
:10DF70000C224A430CEB02064CF8023096F809904A
:10DF8000B5806EF3000986F80990F580BFB11DB128
:10DF9000FFF76AFF0120E9E78BB20385238D03F0C9
:10DFA0000F039942FAD1638D9E04FCD54FF40043D0
:10DFB000638500232385238D1D07FCD1EAE74B1ED3
:10DFC000042BE7D801F1230610EB8603E2D08AB2D6
:10DFD00000EB4101A0F86420B0F86C20B1F86E00AD
:10DFE000800718BFA1F86E7014F82600002004F80E
:10DFF000260092B25878154401205870013D95FBD7
:10E00000F2F55D805A7842F002025A70A1F86E0073
:10E01000ACE700BFF0ED00E01C230020084B03EB51
:10E02000C000426853B2002B08DB012102F01F023E
:10E0300001FA02F25B09034941F82320704700BF4F
:10E040007800002000E100E00A4B03EBC0004268CA
:10E0500053B2002B0DDB01215B0902F01F0201FA14
:10E0600002F22033044941F82320BFF34F8FBFF35E
:10E070006F8F70477800002000E100E07047FFFFDD
:10E080002DE9F84FCE78B1F804A006F00306012E72
:10E090008046CAF30A0A04D1BAF5807F06D9002067
:10E0A00060E0022E04D067D8012E70D13F4B0CE007
:10E0B0003E4B93F82C20002A56D093F83820002AA3
:10E0C00054D093F84420002A52D01A7D002A51D00F
:10E0D00093F82030002B5AD102248978344B334AEC
:10E0E00053F838704FEAD1194FEA09150C2303FB96
:10E0F000042301F07F0B2A445A441972404682F8E7
:10E100007840FFF7A1FFA3B207EB4402A7F8643001
:10E110004FF44073A7F86CA0022EA2F86E304FF0B7
:10E120000003A2F86E3045EA0B0337D143F4854370
:10E130009BB2A7F86830012303FA04F4A4B284F474
:10E14000FF715940A7F84610F98E0C43FC86B9F1CF
:10E15000000F01D1022E01D0A2F86E304046FFF729
:10E160005DFF0120BDE8F88F0324B6E70424B4E77F
:10E170000524B2E70124B0E70C4B06240C2202FB75
:10E180000430007A0028A8D001340A2CF7D1094BBA
:10E19000186810F00100E5D000BE80E7032E0CBF28
:10E1A00043F4004343F44243C2E700BF1C23002072
:10E1B00078000020F0ED00E0154B70B553F83050BA
:10E1C000144BE88E01F07F06C90909015A18324440
:10E1D000012492F87820944020EA0400E8869AB15D
:10E1E00002F1370405EB44040020208094B2A5F826
:10E1F00064400C2404FB02320B443344A5F868004D
:10E2000083F87800107270BD05F16004ECE700BF80
:10E21000780000201C230020F8B50546FFF714FF06
:10E22000094E0A240C27013C04D12846BDE8F840D9
:10E23000FFF7F4BE07FB0463197A0029F3D02846E0
:10E24000FFF7BAFFEFE700BF1C2300202DE9F341E1
:10E2500098460F4B0C46174653F830600546FFF7BB
:10E26000F3FE14F07F01CDF800803B4622460AD130
:10E270003046FFF7BBFD04462846FFF7CFFE204699
:10E2800002B0BDE8F08100213046FFF757FEF2E70B
:10E290007800002038B5134B11F07F02054653F883
:10E2A00030401BD0CB09104901EB0311114491F808
:10E2B00078309BB1373304EB43048CB12846FFF729
:10E2C000C3FE238803F0030343F0020323800223E9
:10E2D00023802846BDE83840FFF7A0BE6034ECE755
:10E2E00038BD00BF780000201C2300201A4B2DE908
:10E2F000F04111F07F0807460E4653F8305016D013
:10E30000164ACB0902EB0313434493F8784074B1E7
:10E31000373405EB4404ECB13846FFF795FE4FF473
:10E3200080732380F30905D0012323800DE005F1DC
:10E330006004F0E7094B434493F87830A5F8643063
:10E34000B5F868309B0B012BEED13846BDE8F041A3
:10E35000FFF764BEBDE8F081780000201C23002098
:10E36000037813F0010310D10278C2F3800262B97E
:10E37000037813F0010308D10278530705D403781A
:10E3800043F00403037001207047002070470378B6
:10E39000C3F380034BB1027812F0010105D102787A
:10E3A00061F3820202701846704700207047FFFF39
:10E3B0008388C07800F003000228C3F30A0312D058
:10E3C0001BD801280DD1022940F2FF3208BF4FF4BB
:10E3D00080629A420DD20D4B186810F0010008D0EF
:10E3E00000BE00207047022904D1B3F5007FF2D1AE
:10E3F00001207047402BEED8FAE702290CBF4FF4FA
:10E40000806240229A42E6D3F2E700BFF0ED00E0DE
:10E4100030B50A44914200D330BD4C78052C06D16A
:10E420008C7804F07F0500EB4505E4092B550C784A
:10E430002144EFE70368DB691847037C0BB901232C
:10E4400003747047704713B502AB026803F8011DEF
:10E45000546819460122A04702B010BD007C10B1DB
:10E460000020FEF7FBB87047007C10B10020FEF7DB
:10E4700089B97047037C13B10020FEF71FB97047BC
:10E4800007B5007C38B10DF107010020FEF70CF94B
:10E4900020B19DF8070003B05DF804FB4FF0FF309A
:10E4A000F9E710B504460020FEF7C2F800B9607C19
:10E4B00010BD037C07B513B94FF0FF3012E0FFF732
:10E4C000F0FF0028F8D00020FEF7C8F80028F3D0AD
:10E4D00001220DF107010020FEF7CCF80028EBD057
:10E4E0009DF8070003B05DF804FB037C2DE9F041C3
:10E4F0008846174623B3FFF7D4FF08B30020FEF782
:10E5000027FF3D460024FDB10020FEF73BF930B95E
:10E510000120FEF71DFF0020FEF7D0F8F3E7A84228
:10E52000024608EB040128BF2A460020FEF70AF93C
:10E5300006460120FEF70CFF1EB13444AD1BEAE78E
:10E5400000242046BDE8F0813C46FAE738B5037C5C
:10E5500004460BB9002038BD4FF0FF300021FEF714
:10E56000F5FF2046FFF79DFF0028F3D0054D2C78DE
:10E57000002CF0D00A20FDF7E3FF00232B7020468B
:10E58000E9E700BF80000020064B1970064B1A70A7
:10E59000064B1B68B3F5966F02D109B9FDF728BB8E
:10E5A000704700BFCC230020CD230020C8230020CB
:10E5B0000A4A0B6813600A4A48791060094A0879C8
:10E5C0001060094A89791160B3F5966F04D1074B41
:10E5D0001B780BB9FDF70CBB704700BFC8230020A8
:10E5E000D8230020D4230020D0230020CC230020D7
:10E5F000054B00224FF47A71C3E9012103491960E8
:10E600001A745A74704700BFB423002044370100C5
:10E6100010B501F1080400F00F02D3B2092ACCBFF3
:10E620003733303304F8013DA1424FEA1010F2D1E4
:10E6300010BDFFFF024800230371437183717047CF
:10E640008100002007B505480023019310B101A8FF
:10E65000AFF3008003B05DF804FB00BF00000000D2
:10E66000014B1868704700BFDC23002070B5204CB8
:10E6700094F900300546B3B91E4B1B6803F114062C
:10E6800058692146FFF7C4FF04F108017068FFF7DD
:10E69000BFFF04F11001B068FFF7BAFF04F11801E1
:10E6A000F068FFF7B5FF5DB9134B40F209425A809D
:10E6B0000123013310485B0043F44073038070BDB5
:10E6C000052D12D80D4B0C4C53F8251001220139A1
:10E6D00011F9010F531EDBB20028EAD024F8120012
:10E6E0000132212AF4D12023E3E70020E7E700BF2D
:10E6F000222400209CB17F40E023002070370100DD
:10E70000002070477047FFFFF8B500260F4604460B
:10E710001546068046808680F7F7F7FE874216D8B2
:10E72000304901EBC70133464868F2B230F81210A5
:10E730001DB901F03E020A2A04E0012D09D101F0C1
:10E740003E02082A0BD00A0406F10106EDD5204648
:10E75000F8BD022D08D101F03E02042AF1D15A1C65
:10E7600024F81310D3B2EEE7032D04D101F03E02DA
:10E77000062AE0D1F3E7042D02D101F03A02E0E7E6
:10E78000052D02D101F03A02D5E7062D03D101F0A3
:10E790003E02102AD6E7072D05D101F03E02122ACB
:10E7A000DDD0182ACEE7082D03D101F03E02022A5F
:10E7B000C8E70A2D03D101F03E02142AC2E70B2D4F
:10E7C00003D101F03E021C2ABCE70C2D03D101F05D
:10E7D0003E021A2AB6E70D2DB5D101F03E021E2ADF
:10E7E000B0E700BF182C010000F0D8BEFFF7FCBF57
:10E7F0000368DB0706D4437803B1FFDE01234370CF
:10E80000184670470020704701230360704710B519
:10E81000002814BF04460124204600F0B7FE30B99A
:10E8200000F00CF808B900F085FE8047F4E710BD51
:10E8300008B500F07FFE08B500F07CFE024B1868BA
:10E84000BFF35B8F704700BF6424002081F000415C
:10E8500002E000BF83F0004330B54FEA41044FEAC5
:10E86000430594EA050F08BF90EA020F1FBF54EA60
:10E87000000C55EA020C7FEA645C7FEA655C00F0FC
:10E88000E2804FEA5454D4EB5555B8BF6D420CDDCD
:10E890002C4480EA020281EA030382EA000083EA50
:10E8A000010180EA020281EA0303362D88BF30BDF0
:10E8B00011F0004F4FEA01314FF4801C4CEA113146
:10E8C00002D0404261EB410113F0004F4FEA0333A5
:10E8D0004CEA133302D0524263EB430394EA050F30
:10E8E00000F0A780A4F10104D5F1200E0DDB02FA9F
:10E8F0000EFC22FA05F2801841F1000103FA0EF233
:10E90000801843FA05F359410EE0A5F120050EF1F8
:10E91000200E012A03FA0EFC28BF4CF0020C43FA29
:10E9200005F3C01851EBE37101F0004507D54FF036
:10E93000000EDCF1000C7EEB00006EEB0101B1F586
:10E94000801F1BD3B1F5001F0CD349085FEA3000CC
:10E950004FEA3C0C04F101044FEA445212F5800FD7
:10E9600080F09A80BCF1004F08BF5FEA500C50F174
:10E97000000041EB045141EA050130BD5FEA4C0C57
:10E98000404141EB010111F4801FA4F10104E9D1E0
:10E9900091F0000F04BF01460020B1FA81F308BFD7
:10E9A0002033A3F10B03B3F120020CDA0C3208DDA3
:10E9B00002F1140CC2F10C0201FA0CF021FA02F17E
:10E9C0000CE002F11402D8BFC2F1200C01FA02F1EE
:10E9D00020FA0CFCDCBF41EA0C019040E41AA2BF13
:10E9E00001EB0451294330BD6FEA04041F3C1CDADB
:10E9F0000C340EDC04F11404C4F1200220FA04F0FB
:10EA000001FA02F340EA030021FA04F345EA0301A4
:10EA100030BDC4F10C04C4F1200220FA02F001FA66
:10EA200004F340EA0300294630BD21FA04F02946E8
:10EA300030BD94F0000F83F4801306BF81F4801181
:10EA40000134013D4EE77FEA645C18BF7FEA655CF4
:10EA500029D094EA050F08BF90EA020F05D054EAC6
:10EA6000000C04BF1946104630BD91EA030F1EBFCB
:10EA70000021002030BD5FEA545C05D140004941CF
:10EA800028BF41F0004130BD14F580043CBF01F5C2
:10EA9000801130BD01F0004545F0FE4141F47001A8
:10EAA0004FF0000030BD7FEA645C1ABF1946104683
:10EAB0007FEA655C1CBF0B46024650EA013406BF84
:10EAC00052EA033591EA030F41F4002130BD00BF43
:10EAD00090F0000F04BF0021704730B54FF4806400
:10EAE00004F132044FF000054FF0000150E700BF81
:10EAF00090F0000F04BF0021704730B54FF48064E0
:10EB000004F1320410F0004548BF40424FF00001CC
:10EB10003EE700BF42004FEAE2014FEA31014FEA0F
:10EB200002701FBF12F07F4393F07F4F81F060515E
:10EB3000704732F07F4208BF704793F07F4F04BFA9
:10EB400041F40021704730B54FF4607401F0004586
:10EB500021F000411CE700BF50EA010208BF7047E6
:10EB600030B54FF000050AE050EA010208BF7047D7
:10EB700030B511F0004502D5404261EB41014FF440
:10EB8000806404F132045FEA915C3FF4D8AE4FF048
:10EB900003025FEADC0C18BF03325FEADC0C18BF2B
:10EBA000033202EBDC02C2F1200300FA03FC20FA7C
:10EBB00002F001FA03FE40EA0E0021FA02F11444C9
:10EBC000BDE600BF70B54FF0FF0C4CF4E06C1CEAE2
:10EBD00011541DBF1CEA135594EA0C0F95EA0C0F53
:10EBE00000F0DEF82C4481EA030621EA4C5123EAC6
:10EBF0004C5350EA013518BF52EA033541F48011F5
:10EC000043F4801338D0A0FB02CE4FF00005E1FBA7
:10EC100002E506F00042E0FB03E54FF00006E1FBF1
:10EC200003569CF0000F18BF4EF0010EA4F1FF0434
:10EC3000B6F5007F64F5407404D25FEA4E0E6D4174
:10EC400046EB060642EAC62141EA55514FEAC52085
:10EC500040EA5E504FEACE2EB4F1FD0C88BFBCF501
:10EC6000E06F1ED8BEF1004F08BF5FEA500E50F1B2
:10EC7000000041EB045170BD06F0004646EA010178
:10EC800040EA020081EA0301B4EB5C04C2BFD4EBAA
:10EC90000C0541EA045170BD41F480114FF0000EA3
:10ECA000013C00F3AB8014F1360FDEBF002001F011
:10ECB000004170BDC4F10004203C35DA0C341BDC8B
:10ECC00004F11404C4F1200500FA05F320FA04F05D
:10ECD00001FA05F240EA020001F0004221F0004191
:10ECE00010EBD37021FA04F642EB06015EEA430E04
:10ECF00008BF20EAD37070BDC4F10C04C4F1200534
:10ED000000FA04F320FA05F001FA04F240EA0200E6
:10ED100001F0004110EBD37041F100015EEA430EB7
:10ED200008BF20EAD37070BDC4F1200500FA05F2D7
:10ED30004EEA020E20FA04F301FA05F243EA020356
:10ED400021FA04F001F0004121FA04F220EA020065
:10ED500000EBD3705EEA430E08BF20EAD37070BDAB
:10ED600094F0000F0FD101F00046400041EB01018B
:10ED700011F4801F08BF013CF7D041EA060195F06D
:10ED8000000F18BF704703F00046520043EB030327
:10ED900013F4801F08BF013DF7D043EA0603704714
:10EDA00094EA0C0F0CEA135518BF95EA0C0F0CD01F
:10EDB00050EA410618BF52EA4306D1D181EA030165
:10EDC00001F000414FF0000070BD50EA410606BF5F
:10EDD0001046194652EA430619D094EA0C0F02D1A4
:10EDE00050EA013613D195EA0C0F05D152EA0336E9
:10EDF0001CBF104619460AD181EA030101F0004107
:10EE000041F0FE4141F470014FF0000070BD41F04F
:10EE1000FE4141F4780170BD70B54FF0FF0C4CF429
:10EE2000E06C1CEA11541DBF1CEA135594EA0C0F48
:10EE300095EA0C0F00F0A7F8A4EB050481EA030E95
:10EE400052EA03354FEA013100F088804FEA03337C
:10EE50004FF0805545EA131343EA12634FEA02224A
:10EE600045EA111545EA10654FEA00260EF000410B
:10EE70009D4208BF964244F1FD0404F5407402D25D
:10EE80005B084FEA3202B61A65EB03055B084FEAEE
:10EE900032024FF480104FF4002CB6EB020E75EBEB
:10EEA000030E22BFB61A754640EA0C005B084FEA13
:10EEB0003202B6EB020E75EB030E22BFB61A754690
:10EEC00040EA5C005B084FEA3202B6EB020E75EBDB
:10EED000030E22BFB61A754640EA9C005B084FEA53
:10EEE0003202B6EB020E75EB030E22BFB61A754660
:10EEF00040EADC0055EA060E18D04FEA051545EA4F
:10EF000016754FEA06164FEAC30343EA52734FEAF7
:10EF1000C2025FEA1C1CC0D111F4801F0BD141EA70
:10EF200000014FF000004FF0004CB6E711F4801FD5
:10EF300004BF01430020B4F1FD0C88BFBCF5E06FB5
:10EF40003FF6AFAEB5EB030C04BFB6EB020C5FEAC5
:10EF5000500C50F1000041EB045170BD0EF0004E1A
:10EF60004EEA113114EB5C04C2BFD4EB0C0541EA4C
:10EF7000045170BD41F480114FF0000E013C90E649
:10EF800045EA060E8DE60CEA135594EA0C0F08BF0D
:10EF900095EA0C0F3FF43BAF94EA0C0F0AD150EA0C
:10EFA00001347FF434AF95EA0C0F7FF425AF10469F
:10EFB00019462CE795EA0C0F06D152EA03353FF4C7
:10EFC000FDAE1046194622E750EA410618BF52EA44
:10EFD00043067FF4C5AE50EA41047FF40DAF52EA18
:10EFE00043057FF4EBAE12E74FF0FF3C06E000BFB5
:10EFF0004FF0010C02E000BF4FF0010C4DF804CDC2
:10F000004FEA410C7FEA6C5C4FEA430C18BF7FEA81
:10F010006C5C1BD001B050EA410C0CBF52EA430CAF
:10F0200091EA030F02BF90EA020F0020704710F12F
:10F03000000F91EA030F58BF994208BF90422CBFBE
:10F04000D8176FEAE37040F0010070474FEA410CB7
:10F050007FEA6C5C02D150EA013C07D14FEA430CD5
:10F060007FEA6C5CD6D152EA033CD3D05DF8040B46
:10F07000704700BF8446104662468C461946634678
:10F0800000E000BF01B5FFF7B7FF002848BF10F14F
:10F09000000F01BD4DF808EDFFF7F4FF0CBF012094
:10F0A00000205DF808FB00BF4DF808EDFFF7EAFF10
:10F0B00034BF012000205DF808FB00BF4DF808EDCB
:10F0C000FFF7E0FF94BF012000205DF808FB00BFC0
:10F0D0004DF808EDFFF7CEFF94BF012000205DF84A
:10F0E00008FB00BF4DF808EDFFF7C4FF34BF012057
:10F0F00000205DF808FB00BF4FEA410C7FEA6C5C22
:10F1000002D150EA013C0AD14FEA430C7FEA6C5C21
:10F1100002D152EA033C02D14FF0000070474FF099
:10F12000010070474FEA4102B2F1E04324BFB3F55A
:10F13000001CDCF1FE5C0DD901F0004C4FEAC0026E
:10F140004CEA5070B2F1004F40EB830008BF20F052
:10F150000100704711F0804F21D113F13872BCBF0C
:10F1600001F00040704741F480114FEA5252C2F161
:10F170001802C2F1200C10FA0CF320FA02F018BFAA
:10F1800040F001004FEAC1234FEAD32303FA0CFCFD
:10F1900040EA0C0023FA02F34FEA4303CCE77FEA8C
:10F1A000625307D150EA01331EBF4FF0FE4040F4D6
:10F1B0004000704701F0004040F0FE4040F4000085
:10F1C000704700BF7BB972B90029BEBF00204FF065
:10F1D000004106E008BF00281CBF6FF000414FF05F
:10F1E000FF3000F0A5B9ADF1080C6DE904CE00299F
:10F1F00009DB002B1ADB00F035F8DDF804E0DDE96F
:10F20000022304B07047404261EB4101002B1BDB3D
:10F2100000F028F8DDF804E0DDE9022304B0404204
:10F2200061EB4101524263EB43037047524263EB8F
:10F23000430300F017F8DDF804E0DDE9022304B031
:10F24000404261EB41017047524263EB430300F0DF
:10F2500009F8DDF804E0DDE9022304B0524263EB73
:10F26000430370472DE9F047089E04468846002B6B
:10F270004BD18A42154667D9B2FA82F24AB1C2F13D
:10F28000200701FA02F320FA07F7954047EA03083E
:10F2900094404FEA154E230CB8FBFEF71FFA85FC8D
:10F2A0000EFB178843EA084307FB0CF1994209D982
:10F2B000EB1807F1FF3080F01B81994240F2188172
:10F2C000023F2B445B1AA4B2B3FBFEF00EFB1033DB
:10F2D00044EA034400FB0CFCA44509D92C1900F1B5
:10F2E000FF3380F00781A44540F2048102382C44AA
:10F2F00040EA0740A4EB0C0400271EB1D4400023D1
:10F30000C6E900433946BDE8F0878B4209D9002E93
:10F3100000F0EB800027C6E9000138463946BDE819
:10F32000F087B3FA83F7002F47D18B4202D3824292
:10F3300000F2FA80841A61EB030301209846002E44
:10F34000E0D0C6E90048DDE702B9FFDEB2FA82F29A
:10F35000002A40F08F80491B4FEA154E1FFA85F8AE
:10F360000127B1FBFEFC230C0EFB1C1143EA0143F9
:10F3700008FB0CF1994207D9EB180CF1FF3002D2CF
:10F38000994200F2CD808446591AA3B2B1FBFEF037
:10F390000EFB101443EA044408FB00F8A04507D90B
:10F3A0002C1900F1FF3302D2A04500F2B6801846B6
:10F3B000A4EB080440EA0C409FE7C7F1200CBB40D7
:10F3C00022FA0CFE4EEA030E01FA07F420FA0CF5BD
:10F3D00021FA0CF34FEA1E482543B3FBF8F92C0C35
:10F3E00008FB19331FFA8EFA44EA034309FB0AF4B7
:10F3F0009C4202FA07F200FA07F10BD91EEB030355
:10F4000009F1FF3080F087809C4240F28480A9F1AE
:10F41000020973441B1BADB2B3FBF8F008FB1033B9
:10F4200045EA034400FB0AFAA24508D91EEB04048E
:10F4300000F1FF336BD2A24569D90238744440EA27
:10F440000940A0FB0289A4EB0A044C45C2464B4686
:10F4500054D351D0002E69D0B1EB0A0564EB0304FC
:10F4600004FA0CFCFD40FC404CEA0505C6E90054DA
:10F47000002747E7C2F1200320FA03F7954001FA7D
:10F4800002F021FA03F34FEA154E3843010CB3FBA7
:10F49000FEF71FFA85F80EFB173341EA034107FB1D
:10F4A00008F38B4204FA02F407D9691807F1FF3C0C
:10F4B0002FD28B422DD9023F2944CB1A81B2B3FB04
:10F4C000FEF00EFB103341EA034100FB08F38B42D0
:10F4D00007D9691800F1FF3C17D28B4215D90238C1
:10F4E0002944C91A40EA07473BE73746304609E74F
:10F4F0000746E7E61846FBE64145ABD2B8EB020A01
:10F5000069EB0E0201381346A4E76046E9E71846A6
:10F5100095E76746D1E781467CE702382C4447E708
:10F52000ACF1020C2B442FE7384608E73746E9E6F2
:10F53000704700BF08B5062000F032FE012002F03F
:10F5400033FF0A22002100F01FBFFFFF014B1868A4
:10F55000704700BF9400002010B5044600F008F882
:10F560002044407800F0070010BDD0F8EC00704750
:10F57000044B054A1B681B6A002B08BF1346D3F8CF
:10F58000EC00704794000020F8000020024B014678
:10F59000186800F0F7B800BF94000020024B014645
:10F5A000186800F0A1B800BF9400002082B001B933
:10F5B00001A942B14BB113780B601278101C18BF2F
:10F5C000012002B070471046FBE76FF00100F8E73A
:10F5D00001F0FF01102A2BDB10F0070F08D010F804
:10F5E000013B013A8B422DD010F0070F42B3F6D108
:10F5F000F0B441EA012141EA014122F007047FF021
:10F6000000070023F0E80256083C85EA010586EA77
:10F61000010685FA47F5A3FA87F586FA47F6A5FAB3
:10F6200087F68EB9EED1F0BC01F0FF0102F00702BF
:10F6300032B110F8013B013A83EA010313B1F8D16A
:10F640000020704701387047002D06BF354603384B
:10F65000073815F0010F07D1013015F4807F02BF84
:10F66000013015F4C03F0130F0BC0138704700BFD5
:10F6700030B50024A24201D1002007E0035D01342F
:10F680000D1915F8015CAB42F4D0581B30BD10B514
:10F69000431E0A44914200D110BD11F8014B03F8FA
:10F6A000014FF7E7884210B501EB020307D8421E6D
:10F6B00099420AD011F8014B02F8014FF8E7834252
:10F6C000F5D98118D21AD34200D110BD13F8014DDB
:10F6D00001F8014DF7E702440346934200D1704719
:10F6E00003F8011BF9E7FFFF38B50546002945D0AF
:10F6F00051F8043C0C1F002BB8BFE41801F0CCFDFE
:10F700001F4A1368104633B9636014602846BDE889
:10F71000384001F0C2BDA3420CD92168621893425F
:10F7200004BF1A685B68636004BF521822600460FB
:10F73000ECE713465A680AB1A242FAD91968581878
:10F74000A0420BD120680144581882421960DDD1D3
:10F75000106852685A6001441960D7E702D90C2337
:10F760002B60D3E7206821188A4204BF11685268D1
:10F77000626004BF091821605C60C7E738BD00BF44
:10F780006824002070B5CD1C25F0030508350C2D2C
:10F7900038BF0C25002D064601DBA94203D90C23F6
:10F7A0003360002070BD01F077FD214A14682146C6
:10F7B00091B9204C23681BB9304600F0B9FC206099
:10F7C0002946304600F0B4FC431C24D10C2333609E
:10F7D000304601F062FDE4E70B685B1B18D40B2B8D
:10F7E0000FD90B60CD50CC18304601F056FD04F116
:10F7F0000B00231D20F00700C31AD3D05A42E25059
:10F80000D0E78C424B6816BF636013600C46EBE791
:10F810000C464968CCE7C41C24F00304A04205D080
:10F82000211A304600F084FC0130CFD02560DBE7A0
:10F83000682400206C2400202DE9FF4755EC104B74
:10F840000D9FDDF830A0002D0E4691461946B8BF39
:10F8500022462B4627F02007BBBF05F100431D467B
:10F8600000232D23B8BF1446462F0B7004D0452F1C
:10F8700000D10136022100E0032103AB019302AB6A
:10F8800000933246534645EC104B00F075FE472F6F
:10F89000804602D119F0010F26D0462F08EB060949
:10F8A00011D198F80030302B0AD1002200232046D5
:10F8B0002946FFF7EFFB18B9C6F10106CAF8006048
:10F8C000DAF8003099440022002320462946FFF749
:10F8D000E1FB38B93022039B4B4505D2591C0391FB
:10F8E0001A70F8E7CDF80C90039B0E9AA3EB08036F
:10F8F0004046136004B0BDE8F087F7B50029044620
:10F90000BABF49422D232B23092904F8022B437047
:10F9100020DD0DF107031F460A2691FBF6F506FBD5
:10F9200015113031092D03F8011C03F1FF3229466E
:10F9300009DC3031023B02F8011CBB42224604D3F1
:10F94000101A03B0F0BD1346E7E713F8012B04F8D3
:10F95000012BF2E7302319448370021DC170EFE7D9
:10F960002DE9F04F8DB00C46DDF8588016461F4645
:10F97000054601F083FC03680493184600F080FC00
:10F9800000230A93D8F800300590073323F00703CB
:10F9900003F1080294F818A0D4F800B0C8F80020C9
:10F9A000D3E90023C4E91223D4E9128929F00043E2
:10F9B0000793CDF818804FF0FF32A74BDDE9060121
:10F9C000FFF79AFB70BB4FF0FF32A34BDDE9060156
:10F9D000FFF774FB30BB0022002340464946FFF787
:10F9E00063FB10B12D2384F843309C4A9C4BBAF141
:10F9F000470F8CBF9046984603232BF004022361E7
:10FA000022604FF00009009733460BAA2146284692
:10FA100000F0E6F9013040F08D804FF0FF300DB07E
:10FA2000BDE8F08F42464B4640464946FFF764FB2F
:10FA300010B18C4A8C4BDAE761684B1C4BF4806246
:10FA40000AA83ED1062363600023CDE9020309AB77
:10FA5000009349EC108B0DF123032260CDF804A034
:10FA600061682846FFF7E8FE0AF0DF03472B80466F
:10FA700009D1099BD81C02DB6268934247DDAAF1D9
:10FA8000020A5FFA8AFABAF1650F099924D8013996
:10FA9000524604F150000991FFF72FFF0A9A1318FC
:10FAA000012A8146236102DC2268D10701D5013396
:10FAB00023619DF82330002BA5D02D2384F84330FB
:10FAC000A1E7BAF1670F00F07781BAF1470FBBD118
:10FAD0000029B9D10123B6E7BAF1660F19D100297F
:10FAE00063680CDD216113B92268D20702D50133A6
:10FAF0000B442361099BA3654FF00009D9E713B9B3
:10FB00002268D00701D50233F3E70123F1E74FF074
:10FB1000670ADDE90932934205DB22682361D107D8
:10FB2000E8D50133E5E7002BD4BFC3F1020301237D
:10FB30001344DEE723685A0507D423694246314659
:10FB40002846B84701302BD167E7BAF1650F40F27C
:10FB5000DC8000220023D4E91201FFF79BFA002881
:10FB600033D00123414A31462846B84701303FF49B
:10FB700054AFDDE909239A4202DB2368D8070FD589
:10FB8000DDE9042331462846B84701303FF445AF4C
:10FB90004FF0000804F11A090A9B013B434509DCB8
:10FBA00023689B0700F10381E0680B9B9842B8BF74
:10FBB000184634E701234A4631462846B847013003
:10FBC0003FF42BAF08F10108E6E7099B002B2BDC83
:10FBD0000123264A31462846B84701303FF41DAF7D
:10FBE000099B23B90A9B13B92368D907D8D5DDE946
:10FBF000042331462846B84701303FF40EAF4FF09A
:10FC0000000904F11A0A099B5B424B4501DC0A9B7F
:10FC100094E70123524631462846B84701303FF465
:10FC2000FCAE09F10109EEE70A9AA36D9A42A8BF5A
:10FC30001A46002A914607DD1346314642462846B9
:10FC4000B84701303FF4E9AE04F11A034FF0000B5E
:10FC500029EAE979069315E0FFFFEF7FE23701001B
:10FC6000DE370100EA370100E637010022260100F5
:10FC70000123069A31462846B84701303FF4CDAEFD
:10FC80000BF1010BD4F858A0AAEB09035B45EFDC9C
:10FC9000DDE909239A42D04415DB2368DA0712D440
:10FCA0000A9B0999A3EB0A02A3EB010A9245A8BF9C
:10FCB0009246BAF1000F0EDC4FF000082AEAEA7A09
:10FCC00004F11A0919E0DDE9042331462846B84752
:10FCD0000130E5D1A1E65346424631462846B847B1
:10FCE0000130E9D199E601234A4631462846B84712
:10FCF00001303FF492AE08F10108DDE909239B1AB7
:10FD0000A3EB0A034345EEDC4AE70A9A012A01DC29
:10FD1000DB073AD50123424631462846B847013031
:10FD20003FF47BAEDDE9042331462846B847013075
:10FD300008F101083FF471AE0A9B002203F1FF3A7B
:10FD4000D4E912010023FFF7A5F9C8B9534642468A
:10FD500031462846B84701300ED15EE601235246AF
:10FD600031462846B84701303FF457AE08F1010844
:10FD70000A9B013B4345F1DC4B4604F15002DEE6B1
:10FD80004FF0000804F11A0AF2E70123DFE701232C
:10FD90004A4631462846B84701303FF43EAE08F1A6
:10FDA0000108E3680B9A9B1A4345F0DCFCE64FF030
:10FDB000000804F11909F4E700293FF48BAE002391
:10FDC000CDE9020309AB009349EC108B2260CDF81A
:10FDD00004A00DF123032846FFF72EFD804648E6D8
:10FDE0002DE9F04791461F468A680B69DDF82080AF
:10FDF0009342B8BF1346C9F8003091F84320064635
:10FE00000C4612B10133C9F800302368990642BF8D
:10FE1000D9F800300233C9F80030256815F006051E
:10FE200007D104F1190AE368D9F800209B1AAB4204
:10FE300028DC94F843302268003318BF012392066F
:10FE40002DD404F1430239463046C047013020D05A
:10FE50002368E568D9F8002003F00603042B08BFE7
:10FE6000AD1AA36822690CBF25EAE5750025934207
:10FE7000C4BF9B1AED184FF000091A344D451AD132
:10FE8000002008E00123524639463046C047013081
:10FE900003D14FF0FF30BDE8F0870135C3E7E1182B
:10FEA0005A1C302081F84300224494F8451082F80F
:10FEB00043100233C5E70123224639463046C04786
:10FEC0000130E6D009F10109D8E7FFFF2DE9F04341
:10FED00001F1430C0C46097E85B06E291746064693
:10FEE00098460C9A00F0B38022D8632936D00AD8FD
:10FEF000002900F0B980582900F0838004F1420500
:10FF000084F8421032E0642901D06929F6D12068D2
:10FF10001368050603F104012AD51B681160002B44
:10FF200003DA2D225B4284F843206F480A2239E02D
:10FF3000732900F09D8008D86F2920D07029DDD169
:10FF4000236843F02003236003E0752917D0782944
:10FF5000D4D1782384F84530644855E01368191DDE
:10FF60001B68116004F1420584F8423001238CE0E3
:10FF70001B68116010F0400F18BF1BB2CFE7136869
:10FF80002568181D1060280601D51B6802E0680668
:10FF9000FBD51B8854486F2914BF0A220822002170
:10FFA00084F843106568A560002DC0F29580216833
:10FFB00021F004012160002B3DD1002D40F08E8006
:10FFC0006546082A0BD12368DB0708D523696268D8
:10FFD0009A42DEBF302305F8013C05F1FF35ACEB5A
:10FFE00005032361CDF800803B4603AA2146304635
:10FFF000FFF7F6FE01304DD14FF0FF3005B0BDE800
:020000021000EC
:10000000F083394884F84510136821681D1D1B686A
:1000100015600A060BD5CA0744BF41F020012160D4
:100020001BB9226822F0200222601022B7E74D0699
:1000300048BF9BB2EFE76546B3FBF2F102FB113319
:10004000C35C05F8013D0B460029F5D1B9E71368FB
:1000500025686169181D106028061B6801D51960A4
:1000600002E06A06FBD51980002323616546B9E7E3
:100070001368191D11601D68626800212846FFF78A
:10008000A7FA08B1401B606063682361002384F80D
:100090004330A7E723692A4639463046C047013036
:1000A000AAD023689B0713D4E068039B9842B8BF8B
:1000B0001846A3E701234A4639463046C047013077
:1000C0009AD00135E368039A9B1AAB42F2DCEBE766
:1000D000002504F11909F5E7002BACD1037884F869
:1000E000423004F142056CE7EE370100FF370100B2
:1000F0000FB40A4B13B51C6824B1A36913B9204689
:1001000001F032F805AB049AA1680193204601F092
:100110004FFD02B0BDE8104004B0704794000020CD
:10012000024B0A460146186801F0A2BB9400002069
:1001300038B5064C0023054608462360F9F706FC4F
:10014000431C02D1236803B12B6038BDB0240020CA
:100150001F2938B504460D4604D9162303604FF015
:10016000FF3038BD426C12B152F821304BB92046F5
:1001700000F030F82A4601462046BDE8384000F03D
:1001800017B8012B0AD0591C03D116230360012094
:10019000E7E7002442F82540284698470020E0E79A
:1001A000024B01461868FFF7D3BF00BF9400002040
:1001B00038B5074C0023054608461146236002F077
:1001C000DBF8431C02D1236803B12B6038BD00BFAC
:1001D000B024002002F0C0B80CB430B5174B0C1E90
:1001E0009DB01D6808DA8B232B604FF0FF301DB0E7
:1001F000BDE8304002B070474FF40273ADF81430E0
:1002000014BF04F1FF332346049307934FF6FF73A3
:1002100002900690ADF81630209A21AB02A928462C
:10022000019301F0A5FB431CBCBF8B232B60002C6A
:10023000DDD0029B00221A70D9E700BF9400002095
:100240000EB400B59CB01DAB029006906FF000415B
:10025000094807910491094953F8042B0591006856
:10026000019302A901F084FB029B00221A701CB0CA
:100270005DF804EB03B07047940000200802FFFF14
:10028000034613F8012B002AFBD1181A01387047D6
:100290002DE9F0478046894692461E460F463D4668
:1002A000089815F8014BFFF760F92044437813F0E4
:1002B000080332D12D2C32D17C78BD1C0122002EB6
:1002C0005DD0102E09D1302C07D12B7803F0DF033D
:1002D000582B4FD16C7810260235002A14BF4FF0EE
:1002E00000416FF000410027B1FBF6FC384606FBE9
:1002F0001C1EA4F13003092B17D81C46A64223DD8F
:100300007B1C07D084451CD301D1A64519DB00FB1B
:100310000640012715F8014BEBE72F46BFE72B2CD2
:1003200004BFBD1C7C781A46C9E7A4F14103192B10
:1003300001D8373CE2E7A4F16103192B04D8573CFC
:10034000DCE74FF0FF37E5E77B1C08D12223C8F834
:1003500000300846BAF1000F07D1BDE8F08702B1BE
:100360004042BAF1000FF8D00FB105F1FF39CAF8D9
:100370000090F2E73024002EAFD10826ADE7302CF4
:10038000A3D00A26A9E7FFFF084B37B51C68084D24
:10039000236A002B08BF2B46009313460A460146EA
:1003A0002046FFF775FF03B030BD00BF940000206A
:1003B000F800002010B50446FFF7DAF8204443782F
:1003C00003F00303012B08BF2034204610BD30B5D5
:1003D000141E05469BB0184605DA8B232B604FF0A0
:1003E000FF301BB030BD4FF40273ADF80C3014BFBA
:1003F00004F1FF332346029305934FF6FF730091F8
:100400000491ADF80E3002461E9B6946284601F065
:10041000AFFA431CBCBF8B232B60002CE1D0009BA8
:1004200000221A70DDE7FFFF07B5009313460A4666
:10043000014603480068FFF7CAFF03B05DF804FBFC
:100440009400002049B1FF2A85BF8A2303600A7007
:100450004FF0FF3098BF01207047084670472DE9E4
:10046000F74F03690C69A3428046C0F28280013CC9
:1004700001F114074FEA840C00F1140657F82450D8
:1004800056F8240006EB0C03013507EB0C09019329
:10049000B0FBF5F595B34FF0000A3846B646D346A3
:1004A00050F8042B93B205FB03A34FEA134A9BB207
:1004B000ABEB0303120CDEF800B005FB02A213FA4B
:1004C0008BF34FEA124A1FFA82FBDEF80020CBEBD7
:1004D000124202EB23429BB243EA024381454FEAB8
:1004E000224B4EF8043BDBD256F80C3033B9019B5B
:1004F000043B9E421A4630D3C8F81040404601F0F3
:10050000E3F8002825DB013530464FF0000C57F8A2
:10051000042BD0F800E093B2ACEB0303120C13FAF7
:100520008EF3C2EB1E4202EB23429BB243EA02432C
:10053000B9454FEA224C40F8043BE8D256F8242053
:1005400006EB84032AB9043B9E421A460BD3C8F833
:100550001040284603B0BDE8F08F1268043B002A23
:10056000CAD1013CC5E71268043B002AEFD1013C27
:10057000EAE70020EEE7FFFF2DE9F04F57EC106BA4
:1005800097B0456A069104460B921293DDF880807D
:10059000CDE900673DB91020FEF7F8FF6062C0E9C1
:1005A00001550560C560636A196851B15A684A60AF
:1005B000012393408B60204600F0A4FE636A002272
:1005C0001A603B1EBBBF23F00043019300230122AE
:1005D000ACBFC8F80030C8F80020AF4BDDF804808D
:1005E00033EA080314D1129A42F20F731360009B8E
:1005F00023B9C8F31300002800F04285219BDFF8DF
:10060000ACB2002B00F044850BF1030300F03EBDBB
:10061000DDE900670022002330463946FEF73AFD47
:10062000814668B1129A01231360219B002B00F0D0
:1006300024859A4B219A03F1FF3B136000F028BDFB
:1006400014AA15A947EC106B204601F0B4F8C8F3C2
:100650000A550490002D7CD0C7F3130343F07F5B51
:10066000B2464BF4401BA5F2FF35CDF84C9000226A
:100670008B4B50465946FEF7EDF881A3D3E9002392
:10068000FEF7A0FA80A3D3E90023FEF7E5F80646BB
:1006900028460F46FEF72CFA7DA3D3E90023FEF788
:1006A00091FA02460B4630463946FEF7D5F8064623
:1006B0000F4601F019FE00228246002330463946DB
:1006C000FEF7F2FC48B15046FEF712FA32463B46BE
:1006D000FEF7E0FC08B90AF1FF3ABAF1160F59D853
:1006E000704901EBCA01DDE90023D1E90001FEF701
:1006F000F9FC002850D00AF1FF3A00230F93149B15
:100700005D1BB5F1010849BFC5F101030023059345
:100710004FF0000858BF0593BAF1000F3EDB0023ED
:10072000D044CDF838A00793069B092B00F29080A7
:10073000052BC4BF043B0693069BA3F10203CCBF69
:1007400000250125032B00F28F80DFE803F07D7F79
:100750003171DDE914531D4405F23240202813DDC8
:10076000C0F14000009B08FA00F805F2124023FA9D
:1007700000F048EA0000FEF7ABF901238246A1F140
:10078000F87B013D139372E7009BC0F1200003FA50
:1007900000F0F0E70123B1E70F90B0E7059BA3EB72
:1007A0000A030593CAF10003079300230E93BBE7E6
:1007B00001230A930B9B002B59DD02939946666A2D
:1007C00000227260042202F114009842716853D929
:1007D000204600F063FD636A3060B9F10E0FD3F874
:1007E00000B000F2E680002D00F0E3809DED007B7C
:1007F000BAF1000F8DED107B74DD2A4A0AF00F0369
:1008000002EBC30393ED007B4FEA2A16F0068DED51
:10081000087B65D5244BDDE91001D3E90823FEF7F9
:10082000FBFACDE9000106F00F0603251E4F4CE050
:1008300001230A930B9B534403F1010902934B4696
:10084000012BB8BF0123BAE70023B2E70023F0E78A
:100850000125002306930A954FF0FF330293994632
:10086000002212230B92AAE701230A93F4E7012343
:10087000029399461A46F5E7013171605200A2E7EA
:1008800061436F63A787D23FB3C8608B288AC63F96
:10089000FB799F501344D33F0000F07F23260100D3
:1008A0000000F83FA8390100803901001A39010021
:1008B000F10708D5DDE90801D7E90023FEF782F941
:1008C000CDE90801013576100837002EF0D1DDE9B9
:1008D0000823DDE90001FEF79FFACDE900011AE0E7
:1008E0000225A3E700F0A080CAF100069F4BA04FAD
:1008F00006F00F0203EBC203D3E90023DDE9100188
:10090000FEF760F9CDE90001361100230225002E23
:100910007FD1002BE1D10F9B002B00F08780DDE918
:1009200000670022934B30463946FEF7BDFB002896
:100930007CD0B9F1000F79D0029B002B35DD0AF194
:10094000FF330893394600228B4B3046FEF73AF9C5
:10095000CDE90001029F01352846FEF7C9F8DDE91F
:100960000023FEF72FF90022844BFDF775FF0546A3
:10097000A1F15076002F5DD10022814BDDE900010D
:10098000FDF768FF2A463346CDE90001FEF7AAFBD2
:10099000002840F088822A4606F10043DDE9000184
:1009A000FEF782FB002840F07C82DDE91023CDE9D0
:1009B0000023159B002BC0F25081BAF10E0F00F3FB
:1009C0004C816A4B03EBCA0393ED007B0B9B002B1E
:1009D0008DED027B80F2D880B9F1000F00F3D48056
:1009E00040F05E820022664B51EC170BFEF7EAF8EE
:1009F000DDE90023FEF76CFB4F464E46002840F031
:100A0000348231230BF101058BF800300AF1010A21
:100A10002FE2F20705D5D7E90023FEF7D3F8013519
:100A200001237610083772E7022574E7CDF820A07D
:100A30004F4691E74D4B03EBC70353E902010A9B75
:100A4000002B47D002460B4600204E49FEF7E4F942
:100A50002A463346FDF7FEFECDE90C015D46DDE991
:100A6000000101F041FC0646FEF742F802460B4643
:100A7000DDE90001FDF7EEFE303605F8016BDDE93A
:100A80000C23CDE90001FEF70FFB002863D1DDE95F
:100A9000002300203749FDF7DDFEDDE90C23FEF7DA
:100AA00003FB002840F0B780A5EB0B039F427FF7C4
:100AB0007CAF0022304BDDE90C01FEF783F8002209
:100AC000CDE90C012C4BDDE90001FEF77BF8CDE907
:100AD0000001C4E72A463346FEF774F8CDE90C015D
:100AE0000BEB07055E46DDE9000101F0FDFB074663
:100AF000FDF7FEFF303702460B46DDE90001FDF74A
:100B0000A9FE06F8017BAE42CDE900014FF00002DC
:100B100026D11C4BDDE90C01FDF79EFE02460B467B
:100B2000DDE90001FEF7DEFA002874D1DDE90C23CF
:100B300000201449FDF78EFE02460B46DDE9000158
:100B4000FEF7B2FA00283FF430AF15F8013C302B25
:100B500005F1FF3202D0DDF820A04AE01546F4E7A7
:100B6000054BFEF72FF8CDE90001BCE7A8390100DD
:100B7000803901000000F03F0000244000001C40CC
:100B8000000014400000E03FDDE900675D46DDE95C
:100B9000022330463946FEF73FF901F0A5FB8046B7
:100BA000FDF7A6FFDDE90223FEF70CF802460B462F
:100BB0003046394608F13006FDF74CFE05F8016B6A
:100BC000A5EB0B06B14502460B4639D1FDF744FEB5
:100BD000DDE9022306460F46FEF784FAC8B9DDE9CF
:100BE000022330463946FEF755FA10B118F0010FCE
:100BF0000FD10499204600F085FB0023129A2B7038
:100C00000AF101031360219B002B00F041821D605B
:100C10003EE2CDF820A015F8012C392A05F1FF336A
:100C200008D19B450AD1089B0133089330238BF8E8
:100C300000305B461A7801321A708CE71D46EAE7ED
:100C400000229B4BFDF7BEFF0022002306460F4605
:100C5000FEF720FA00289AD0CBE70A9A002A00F083
:100C60008B80069A012A6EDC139A002A67D003F261
:100C70003343079F059D059A01211A44204605929A
:100C8000984400F0DFFB0646002D0CDDB8F1000FA4
:100C900009DD4545059A2B46A8BF4346D21A059261
:100CA000ED1AA8EB0308079BEBB10A9B002B67D05A
:100CB0008FB131463A46204600F064FC049A014662
:100CC0000646204600F0C7FB04990890204600F035
:100CD00019FB089B0493079BDA1B04D00499204658
:100CE00000F050FC04900121204600F0ABFB0E9B6D
:100CF0000746002B00F0D0811A460146204600F03E
:100D000041FC069B012B074640DC009B002B39D1A0
:100D1000019BC3F31303002B36D1019B23F0004347
:100D20001B0D1B052BB1059B0133059308F1010831
:100D3000012307930E9B002B2AD1012030E0149B46
:100D4000C3F1360395E7079B09F1FF37BB42BFBFED
:100D5000079B0797FA1A0E9BBBBF9B180E93DF1BCE
:100D60000027B9F1000FB5BF059B059DA3EB090551
:100D70004B46B8BF00237EE7079F059D0A9E83E789
:100D8000079AABE70023D4E7009BD2E70023079341
:100D90003B6907EB8303186900F006FBC0F12000F4
:100DA000404410F01F0047D0C0F12003042B3BDD6E
:100DB000059BC0F11C000344059305448044059B3A
:100DC000002B05DD1A460499204600F029FC04900A
:100DD000B8F1000F05DD39464246204600F020FC00
:100DE00007460F9B53B33946049800F06DFC00286A
:100DF00024DA00230A220499204600F09AFA0A9B7A
:100E000004900AF1FF3A002B00F04D810023314697
:100E10000A22204600F08DFA029B002B06464FDC8A
:100E2000069B022B4CDD11E0C9D0059A1C331A44F5
:100E300005921D449844C2E70346F6E7B9F1000F56
:100E400038DC069B022B35DDCDF80890029B63B998
:100E500039460522204600F06CFA01460746049800
:100E600000F032FC00283FF7CCAD0B9B5D466FEAEB
:100E7000030A4FF000093946204600F043FA002EDD
:100E80003FF4B7AEB9F1000F05D0B14503D04946E4
:100E9000204600F037FA3146204600F033FAA8E643
:100EA00000273E46E1E7DDF820A03E46A9E500BF69
:100EB000000024400A9BCDF80890002B00F0FA8037
:100EC000002D05DD31462A46204600F0A9FB0646E6
:100ED000079B002B4CD07168204600F0DFF9326987
:100EE00002320546920006F10C010C30FEF7CFFBF2
:100EF00001222946204600F093FB009BCDF814B058
:100F000003F00103B1460793064639460498FFF7FC
:100F1000A6FA4946054600F13008049800F0D4FBD3
:100F2000324600903946204600F0E8FBC36802468E
:100F300003BB01460890049800F0C6FB089A0346DC
:100F400011462046089300F0DDF9089BA3B9069AE4
:100F500092B9079A82B9B8F1390F29D0009B002BBA
:100F600001DD05F13108059B5D1C83F8008082E7F7
:100F70003046C2E70123E3E7009A002A04DB25D1CB
:100F8000069A1ABB079A0ABB002BECDD01220499D2
:100F9000204600F045FB3946049000F095FB002800
:100FA00003DCE0D118F0010FDDD0B8F1390FD8D152
:100FB000059B059A5D1C3923137015F8013C392BEC
:100FC00005F1FF324FD00133137054E7059A002B1F
:100FD00002F1010506DDB8F1390FE9D008F1010889
:100FE000059BC2E7029A05F8018CA5EB0B0393421F
:100FF00021D000230A220499204600F09AF9B14535
:1010000004904FF000034FF00A024946204605D1F4
:1010100000F08FF981460646059576E700F089F9DC
:101020003146814600230A22204600F082F9064616
:10103000F2E74FF0000901220499204600F0F0FA8F
:101040003946049000F040FB0028B6DC02D118F0CD
:10105000010FB2D115F8013C302B05F1FF327FF4BE
:101060000AAF1546F6E7934505D131230AF1010A87
:101070008BF80030FFE615469FE7DFF864B007E025
:10108000219BDFF860B01BB10BF10803219A1360BC
:10109000584617B0BDE8F08F069B012B7FF735AEA1
:1010A0000E9B079349E6029B002B03DC069B022B59
:1010B0003FF7CCAE5D4639460498FFF7D0F900F112
:1010C000300805F8018B029AA5EB0B039A42B0DDBC
:1010D00000230A220499204600F02BF90490EAE745
:1010E0002226010011390100002310B50446C0E991
:1010F0000033836081814366C281C0E90433836128
:10110000194608225C30FEF7E6FA054B6362054B90
:10111000A362054BE362054B2462236310BD00BF4D
:10112000D91D0100FB1D0100331E0100571E0100E7
:10113000014900F085B800BF3121010070B54A1E99
:10114000682555430E4605F17401FEF71BFB044666
:1011500040B10021C0E900160C30A06005F1680222
:10116000FEF7B9FA204670BD836910B5044633BB5B
:10117000C0E912330365124B124A1B68826298421F
:1011800004BF0123836100F01FF86060204600F077
:101190001BF8A060204600F017F80022E060042150
:1011A0006068FFF7A1FF01220921A068FFF79CFFFB
:1011B00002221221E068FFF797FF0123A36110BD0F
:1011C000D437010031110100F8B51B4B1E68B3691B
:1011D000074613B93046FFF7C7FF4836D6E9013452
:1011E000013B03D5336833B13668F7E7B4F90C50E7
:1011F0006DB16834F4E704213846FFF79FFF306093
:101200000028F1D10C233B6004462046F8BD0B4B6F
:101210006566C4E90055A560C4E90335C4E9055510
:101220000822294604F15C00FEF755FAC4E90D5581
:10123000C4E91255E9E700BFD43701000100FFFF00
:101240002DE9F8438046894600F14804002614B988
:101250003046BDE8F883D4E90175013F01D5246823
:10126000F5E7AB89012B07D9B5F90E30013303D06F
:1012700029464046C84706436835EEE7044B1B68DD
:10128000186A044B002808BF1846F030704700BFAA
:1012900094000020F80000207047704770B5456A40
:1012A00004460E463DB91020FEF770F96062C0E9B1
:1012B00001550560C560656AEB6883B1636ADB68E8
:1012C00053F82600B8B9012101FA06F56A1D92000B
:1012D000204600F0BFFA60B1C0E901650EE02122AE
:1012E0000421204600F0B6FA636AE860DB68002B50
:1012F000E4D1002070BD026843F826200023C0E935
:101300000333F7E770B5446A06460D463CB9102032
:10131000FEF73CF97062C0E901440460C4603DB16D
:10132000736A6A68DB6853F82210296043F8225018
:1013300070BD2DE9F0410D691F4606460C4601F1CE
:10134000140C0023DCF8000081B202FB01710F0CC9
:10135000000C02FB007089B2013301EB00419D4299
:101360004FEA10474CF8041BECDCD7B1A368AB4242
:1013700012DC616830460131FFF790FF22690232CA
:1013800004F10C01804692000C30FEF780F92146F2
:101390003046FFF7B7FF444604EB850301355F6134
:1013A00025612046BDE8F081020C12040346B2B963
:1013B0000304102013F07F4F04BF1B02083013F00A
:1013C000704F04BF1B01043013F0404F04BF9B005B
:1013D0000230002B06DB5B0003D501307047002094
:1013E000E8E720207047036813F0070201460BD09E
:1013F000DA0723D4980749BF5B089B0801200B60DC
:101400005CBF0B600220704798B2A8B91B0C10207B
:1014100013F0FF0F04BF1B0A08301A0704BF1B0993
:1014200004309A0704BF9B080230DA0702D45B0835
:1014300006D001300B6070471046E9E70020704786
:101440002020704710B50C460121FFF727FF01222D
:101450004461026110BD2DE9F74F14460A69236902
:101460009A42B8BF0B468846BCBFA0461C46D8F877
:101470001070D4F81090D8F80830D8F8041007EBA2
:101480000906B342B8BF0131FFF708FF00F11405A8
:1014900005EB860E2B460022734516D304F1140289
:1014A00008F1140102EB890301EB87070093009B0D
:1014B000019293420CD8002E03DD5EF8043D002B10
:1014C0005DD0066103B0BDE8F08F43F8042BE3E77D
:1014D000B2F800B0BBF1000F23D08946AC464FF004
:1014E000000859F8044BDCF800A0A3B21FFA8AFAEE
:1014F0000BFB03A34FEA144ADCF8004043444FEAD5
:1015000014480BFB0A8404EB1344E2469BB243EA03
:1015100004434F454FEA14484AF8043B2BD8CCF813
:101520000480019BB3F802A00432BAF1000F20D06E
:101530002B688946A8464FF0000BB9F800C0B8F8F0
:1015400002400AFB0C445C44C4469BB243EA044399
:101550004CF8043B59F8043BB8F804B01B0C0AFBE8
:1015600003B303EB14434F454FEA134B05D8C8F8B8
:10157000043004359BE7D446B3E7E046DDE7013E9F
:1015800099E7FFFF2DE9F843154612F003020646DE
:101590000F4607D0013A214C002354F82220FFF7D0
:1015A000C8FE0746AD1035D0746A3CB91020FDF76F
:1015B000EDFF7062C0E901440460C460D6F8248085
:1015C000D8F808404CB940F271213046FFF73AFF95
:1015D0000023C8F80800044603604FF00008EB073A
:1015E0000AD5394622463046FFF735FF394681464F
:1015F0003046FFF787FE4F466D100BD0206838B994
:10160000224621463046FFF726FF2060C0F80080C2
:101610000446E4E73846BDE8F88300BF703A0100AD
:101620002DE9F0470C464FEA621A236949680AEB34
:101630000309A3680746164609F10105AB4232DBF0
:101640003846FFF72BFE0023804600F114011A46AE
:1016500053452BDB20692AEAEA7A04F1140316F0D9
:101660001F0201EB8A0103EB800C25D0C2F1200E92
:1016700000201E688A46964030434AF8040B53F80F
:10168000040B9C4520FA0EF014D8486008B109F10B
:101690000205013D3846C8F810502146FFF732FEDA
:1016A0004046BDE8F08701315B00C7E741F82320E1
:1016B0000133CDE75146DCE7043953F8042B41F8F8
:1016C000042F9C45F9D8E4E703690A699B1A30B5F1
:1016D0000CD19200143014318418114454F8045D74
:1016E00051F8042D954203D005D30123184630BD8F
:1016F000A042F3D3FAE74FF0FF33F7E72DE9F047C5
:101700000D460746114628461446FFF7DDFF061E24
:1017100008D131463846FFF7C1FD0123C0E9043640
:10172000BDE8F087A4BF23462C4638466168A6BFB3
:101730001D4600260126FFF7B1FD2B69C66026690C
:1017400005F1140904F1140202EB860709EB830882
:1017500000F114054FF0000E52F804AB59F8044B99
:101760001EFA8AF1A3B2C91A230CC3EB1A4303EB86
:10177000214389B24FEA234EC84541EA03439446C8
:1017800045F8043BE8D8BC4504D355F8043D83B183
:101790000661C5E75CF8041B1EFA81F31A1402EB1C
:1017A00011429BB243EA02434FEA224E45F8043B02
:1017B000E9E7013EE9E72DE9F7430E46012159EC3F
:1017C000108B1546FFF76AFDC9F30A540746C9F3A3
:1017D000130334BB0193B8F1000327D002A840F8EB
:1017E000083DFFF700FE0099F0B1019AC0F1200317
:1017F00002FA03F30B43C2407B610192019BBB6180
:10180000002B14BF022101213961C4B1A4F2334479
:1018100004443460C0F135002860384603B0BDE8A8
:10182000F08343F48013D5E77961E7E701A8FFF778
:10183000DAFD019B7B61012139612030E5E707EB8F
:101840008103A0F2324030601869FFF7ADFDC0EBB4
:101850004110E1E738B502FB01F42146FDF792FFA4
:10186000054618B122460021FDF735FF284638BD50
:10187000F8B5074614460E4621B91146BDE8F840B2
:10188000FDF780BF22B9FDF72FFF25462846F8BD9A
:1018900000F0EEFCA0420FD221463846FDF772FF61
:1018A00005460028F2D031462246FDF7F0FE3146CB
:1018B0003846FDF719FFE9E73546E7E72DE9F04738
:1018C0008E689E4282460C469046994637D88A8951
:1018D00012F4906F31D0256809696F1A6569022387
:1018E00005EB450595FBF3F509F101033B449D42EA
:1018F00038BF1D46530530D52946FDF743FF064640
:1019000050B90C23CAF80030A38943F04003A381E7
:101910004FF0FF30BDE8F0873A462169FDF7B7FE8A
:10192000A38923F4906343F08003A381266165615A
:101930003E44ED1B2660A5604E464E4500D94E46FE
:10194000324641462068FDF7ADFEA3689B1BA360AD
:1019500023681E4426600020DCE72A46FFF788FF44
:1019600006460028E2D121695046FDF7BDFEC8E7D2
:101970002DE9F04F9DB0804603938B891D060C46E0
:1019800016460FD50B696BB94021FDF7FBFE2060B1
:10199000206128B90C23C8F800304FF0FF30C7E0B1
:1019A000402363610023099320238DF829303023DD
:1019B0008DF82A304FF0010B37463D4615F8013BB4
:1019C0000BB1252B3ED1B7EB060A0BD0534632465E
:1019D00021464046FFF772FF013000F0A480099BCA
:1019E000534409933B78002B00F09D8000234FF077
:1019F000FF32CDE90523049307938DF853301A93F2
:101A00002F46052217F8011B4F48FDF7E1FD049B07
:101A1000D0B9D90644BF20228DF853201A0744BFFD
:101A20002B228DF853202A782A2A15D0079A2F4680
:101A300000200A25394611F8013B303B092B4DD9CE
:101A4000B8B10FE02F46B8E73F4A801A0BFA00F012
:101A5000184304903D46D3E7039A111D1268039181
:101A6000002A01DB079204E0524243F0020307928E
:101A700004933B782E2B0CD17B782A2B33D1039BFC
:101A80001A1D1B680392002BB8BF4FF0FF330237BB
:101A900005932E4D397803222846FDF799FD38B17C
:101AA0004023401B03FA00F0049B034301370493D7
:101AB000397827488DF8281006227E1CFDF788FD0E
:101AC000002838D0234B13BB039B073323F00703B5
:101AD00008330393099B4B4409936DE705FB0232DE
:101AE00001200F46A6E700230137059319460A2572
:101AF000384610F8012B303A092A03D9002BC8D0F8
:101B00000591C6E705FB012101230746F0E703AB7A
:101B100000932246104B04A94046FDF721FFB0F187
:101B2000FF3F8146D6D1A3895B063FF536AF0998C2
:101B30001DB0BDE8F08F03AB00932246064B04A90D
:101B40004046FEF7C3F9EAE77C3A0100823A010019
:101B5000863A010061F90000BD1801009368013B5D
:101B6000002B10B4936008DA9469A34201DB0A29C0
:101B700003D15DF8044B00F073B91368581C106072
:101B8000197008465DF8044B7047F8B506460F46D5
:101B90001446D518AC4201D1002007E03A4614F8AB
:101BA000011B3046FFF7DAFF431CF3D1F8BDFFFFFE
:101BB0002DE9F04F9DB00C4617460393064618B129
:101BC00083690BB9FFF7D0FA7B4B9C4257D17468FD
:101BD000A38918075DD52369002B5AD000230993E8
:101BE00020238DF8293030238DF82A304FF0010B57
:101BF000B846454615F8013B0BB1252B54D1B8EB3F
:101C0000070A0BD053463A4621463046FFF7BDFF40
:101C1000013000F0C280099B5344099398F80030CA
:101C2000002B00F0BA8000234FF0FF32CDE90523EE
:101C3000049307938DF853301A93A846052218F899
:101C4000011B5E48FDF7C4FC049B78BBD90644BF6A
:101C500020228DF853201A0744BF2B228DF85320E1
:101C60002A782A2A2AD0079AA84600200A2541461F
:101C700011F8013B303B092B69D960B324E0504B8C
:101C80009C4201D1B468A3E74E4B9C4208BFF46864
:101C90009EE72146304600F047F900289ED04FF0DD
:101CA000FF301DB0BDE8F08FA846A2E7434A801A76
:101CB0000BFA00F0184304904546BEE7039A111D45
:101CC00012680391002A01DB079204E0524243F0BC
:101CD00002030792049398F800302E2B0ED198F847
:101CE00001302A2B38D1039B1A1D1B680392002B4D
:101CF000B8BF4FF0FF3308F102080593324D98F852
:101D0000001003222846FDF763FC40B14023401B2E
:101D100003FA00F0049B034308F10108049398F8C8
:101D200000102A488DF82810062208F10107FDF757
:101D30004FFC002837D0264B1BBB039B073323F0F7
:101D4000070308330393099B4B44099350E705FBB2
:101D50000232012088468AE7002308F10108059332
:101D600019460A25404610F8012B303A092A03D9B2
:101D7000002BC3D00591C1E705FB0121012380465B
:101D8000F0E703AB00932246124B04A93046FDF75F
:101D9000E7FDB0F1FF3F8146D5D1A3895B063FF552
:101DA0007EAF09987DE703AB00932246094B04A957
:101DB0003046FEF78BF8ECE7403901007C3A010031
:101DC0006039010020390100823A0100863A0100A1
:101DD00061F900008B1B010010B50C46B1F90E1023
:101DE00000F04EFA0028ABBF636DA3891B1823F4E3
:101DF0008053ACBF6365A38110BD2DE9F0411F4640
:101E00008B89DB0505460C46164605D502230022C4
:101E1000B1F90E1000F0B6F9A389B4F90E1023F44D
:101E20008053A38132463B462846BDE8F04100F08E
:101E300069B810B50C46B1F90E1000F0A3F9431CB7
:101E4000A38915BF606523F4805343F48053A381B5
:101E500018BFA38110BDB1F90E1000F0D3B8FFFF79
:101E6000F8B50E461446054618B183690BB9FFF75D
:101E70007BF9214B9C422AD16C68A369A360A3899A
:101E80001A072ED5236963B323692068C01A6369D2
:101E9000F6B28342374604DC2146284600F048F972
:101EA00028BBA368013BA36023685A1C22601E70F4
:101EB00063690130834204D0A389DB0719D50A2E58
:101EC00017D12146284600F033F990B10FE00B4BB3
:101ED0009C4201D1AC68D0E7094B9C4208BFEC683A
:101EE000CBE72146284600F01FF80028CCD04FF061
:101EF000FF373846F8BD00BF4039010060390100A6
:101F00002039010038B5074C054608461146002225
:101F100022601A46FAF7F4FA431C02D1236803B18F
:101F20002B6038BDB0240020324B70B51D680646CA
:101F30000C4625B1AB6913B92846FFF715F92E4BAE
:101F40009C420FD16C68B4F90C309AB215072CD4AE
:101F5000D00611D40922326043F04003A3814FF030
:101F6000FF303EE0254B9C4201D1AC68EBE7244BAF
:101F70009C4208BFEC68E6E7510712D5616B41B19E
:101F800004F14403994202D03046FDF7ADFB002333
:101F90006363A38923F02403A3810023636023697F
:101FA0002360A38943F00803A38123694BB9A38964
:101FB00003F42073B3F5007F03D02146304600F0D0
:101FC00017F9A28912F001030CD00023A360636902
:101FD0005B42A361236953B9B4F90C3013F080005C
:101FE000BAD170BD920758BF6369A360F2E70020C1
:101FF000F7E700BF9400002040390100603901007C
:102000002039010038B5064C0023054608462360F8
:1020100000F092F9431C02D1236803B12B6038BD54
:10202000B02400208A892DE9F041054610070C46AE
:1020300058D44B68002B05DC0B6C002B02DC002015
:10204000BDE8F081E66A002EF9D0002312F4805238
:102050002F68216A2B6032D0606DA3895A0705D59D
:102060006368C01A636B0BB1236CC01A002302466D
:10207000E66A216A2846B047431CA38906D129682D
:102080001D2948D8294ACA40D60744D50022626093
:10209000D9042269226004D5421C01D12B6803B9FE
:1020A0006065616B2F600029C9D004F14403994237
:1020B00002D02846FDF718FB00206063C0E701232B
:1020C0002846B047411CC8D12B68002BC5D01D2B1A
:1020D00001D0162B01D12F60B1E7A38943F0400353
:1020E000A381ADE70F69002FA9D093070E6808BF41
:1020F0004B690F6018BF0023A6EB07088B60B8F18F
:10210000000F9CDD43463A46216AA66A2846B0473E
:10211000002806DCA38943F04003A3814FF0FF3081
:102120008EE70744A8EB0008E9E700BF0100402064
:1021300038B50B6905460C46DBB118B183690BB99C
:10214000FFF712F80C4B9C4209D16C68B4F90C30C3
:102150007BB121462846BDE83840FFF763BF074BF7
:102160009C4201D1AC68F1E7054B9C4208BFEC688A
:10217000ECE7002038BD00BF4039010060390100A4
:102180002039010038B5074C0546084611460022A3
:1021900022601A4600F0F8F8431C02D1236803B10C
:1021A0002B6038BDB024002070B50E46B1F90E107A
:1021B000002996B014461D4607DA00232B60B38928
:1021C0001A0610D44FF480630EE06A4600F06AF8F5
:1021D0000028F2DB019A02F47042A2F500535A4241
:1021E0005A412A60EEE740230020236016B070BDFC
:1021F0008B8973B59D0706460C4607D504F1470346
:10220000236023610123636102B070BD01AB6A46A4
:10221000FFF7CAFF009905463046FDF7B3FA48B903
:10222000B4F90C309A05EFD423F0030343F0020312
:10223000A381E3E70D4BB362A389206043F08003E1
:10224000A381009B6361019B20615BB1B4F90E1017
:10225000304600F039F828B1A38923F0030343F096
:102260000103A381A3891D43A581CDE7311101009D
:1022700051F8043C181F002BBCBF0B58C018704706
:1022800038B5074C054608461146002222601A461A
:1022900000F082F8431C02D1236803B12B6038BDE3
:1022A000B024002038B5074C0023054608461146E7
:1022B000236000F049F8431C02D1236803B12B606E
:1022C00038BD00BFB024002038B5064C00230546B9
:1022D0000846236000F048F8431C02D1236803B18C
:1022E0002B6038BDB02400204FEA410212F50012E5
:1022F00015D211D56FF47873B3EB625212D94FEA4D
:10230000C12343F0004343EA505311F0004F23FA36
:1023100002F018BF404270474FF00000704750EA8B
:10232000013005D111F0004008BF6FF00040704748
:102330004FF00000704700BF024B58221A604FF068
:10234000FF307047B0240020024B58221A604FF033
:10235000FF307047B0240020024B58221A604FF023
:10236000FF307047B0240020024B58221A60002032
:10237000704700BFB0240020024B58221A604FF073
:10238000FF307047B0240020024B58221A604FF0F3
:10239000FF307047B0240020024B58221A604FF0E3
:1023A000FF307047B0240020FEE700BF4275696C23
:1023B0007420776974682052656E6573617320417B
:1023C0006476616E63656420466C657869626C65ED
:1023D00020536F667477617265205061636B61672B
:1023E000652076657273696F6E20342E302E300052
:1023F000342E302E3000000000000004F8B500BF7D
:10240000F8BC08BC9E467047F8B500BFF8BC08BCD5
:102410009E467047202D3E2000202867756172641B
:1024200061646F202D2073696E2057694669290009
:10243000202873696E2057694669202D20636F6CD0
:1024400061206C6C656E612900426F746F6E2000B4
:10245000202D206573706572617220332E357300F4
:1024600057694669207065726469646F21205265FE
:10247000636F6E656374616E646F2E2E2E000A2A80
:102480002A2A205769466920434F4E454354414408
:102490004F21202A2A2A00495020617369676E6102
:1024A00064613A2000414456455254454E434941E7
:1024B0003A204950206469666572656E74652061D2
:1024C000206C6120636F6E6669677572616461215B
:1024D0000055445020696E69636961646F0052451C
:1024E0004D4F54455F434F4E4E45435445443A315A
:1024F00039322E3136382E302E3939000A45737074
:102500006572616E646F20726F7574657220280049
:10251000206D696E2900456E7669616E646F20706A
:10252000656E6469656E74653A2000436F6D616E17
:10253000646F732070656E6469656E746573206581
:102540006E766961646F733A20000A3D3D3D204319
:102550004F4E54524F4C2052454D4F544F207634DD
:102560002E30202D20495020455354415449434199
:10257000203D3D3D00495020436F6E74726F6C3AB0
:1025800020004950204D61657374726F3A200053EA
:10259000697374656D61206C6973746F2028736949
:1025A0006E205769466929004573706572616E64D3
:1025B0006F20726F757465722E2E2E0062757474A2
:1025C0006F6E5F67726F75705F3600627574746FDF
:1025D0006E5F67726F75705F3500627574746F6ED1
:1025E0005F67726F75705F3400627574746F6E5FD1
:1025F00067726F75705F3300627574746F6E5F67BA
:10260000726F75705F3200627574746F6E5F67729F
:102610006F75705F31003139322E3136382E302EE1
:102620003130300032574334353634303335383179
:1026300000706D6E5F73656E7669616C6573002006
:102640002020414E5357455220287061737374689F
:10265000726F756768293A200020202052657375D3
:102660006C743A204F4B00202020526573756C74B7
:102670003A204552524F5200202020526573756C0B
:10268000743A2054494D454F55540020202052653E
:1026900073756C743A2050617273654572726F7213
:1026A0000052455155455354202870617373746826
:1026B000726F756768293A20002B534F4654524574
:1026C000534554574946493A0041542B534F4654B9
:1026D0005245534554574946490D0A0052455155F4
:1026E0004553543A2000202020414E535745523A3A
:1026F00020004E4F5F434D445F434845434B0052DB
:1027000041573A20003C4C463E003C43523E003C80
:1027100053503E003C004F4B0D0A0046696E616C01
:1027200020537461746520002072657320003C2D75
:1027300052415720454E440062617369635F737470
:1027400072696E673A3A5F4D5F7265706C6163657E
:102750000062617369635F737472696E673A3A5FAE
:102760004D5F6372656174650062617369635F7375
:102770007472696E673A3A5F4D5F636F6E7374721D
:10278000756374206E756C6C206E6F742076616C4E
:102790006964002B484F535442594E414D453A000D
:1027A000257325730D0A0041542B484F5354425949
:1027B0004E414D453D002B574946494D4F44453A02
:1027C0000041542B574946494D4F44453F0D0A009F
:1027D0002B474554535349443A0041542B474554E1
:1027E000535349443F0D0A00257325640D0A0041E7
:1027F000542B574946494D4F44453D002B424547D0
:10280000494E5354413A0041542B424547494E5397
:1028100054413D00257325732C25730D0A002B4769
:1028200045545354415455533A0041542B47455451
:102830005354415455533F0D0A002B534F465441B6
:1028400050434F4E4649473A00257325732C257354
:102850002C25730D0A0041542B534F4654415043CD
:102860004F4E4649473D002B53455449503A0025A9
:102870007325732C25732C25732C25732C25730D30
:102880000A0041542B53455449503D002B495053A5
:102890004F465441503A0041542B4950534F4654EF
:1028A00041500D0A002B49505354413A0041542BDA
:1028B00049505354413D0062617369635F737472A0
:1028C000696E673A3A617070656E64002564002B2A
:1028D00055445052454D4F5445504F52543A004183
:1028E000542B55445052454D4F5445504F52543D32
:1028F000002B554450424547494E5041434B4554A7
:1029000049503A00257325642C25642C25730D0A43
:102910000041542B554450424547494E5041434B8A
:10292000455449503D002B554450424547494E506F
:1029300041434B45544144443A0041542B55445083
:10294000424547494E5041434B45544144443D0064
:102950002B55445050415253453A0041542B554455
:102960005050415253453D002B5544504245474934
:102970004E4D554C54493A0041542B554450424514
:1029800047494E4D554C54493D002B424547494E11
:102990005041434B45544D554C54493A0041542BFA
:1029A000424547494E5041434B45544D554C54497F
:1029B0003D002B5544505045454B3A0041542B5552
:1029C00044505045454B3D002B55445053544F50B7
:1029D0003A0041542B55445053544F503D002B5511
:1029E0004450524541443A0041542B5544505245BD
:1029F00041443D00257325642C25730D0A002B5599
:102A00004450424547494E3A0041542B55445042A8
:102A10004547494E3D002B554450464C5553483A86
:102A20000041542B554450464C5553483D002B55BE
:102A3000445057524954453A00257325642C256467
:102A40000D0A0041542B55445057524954453D00FE
:102A50002B55445052454D4F544549503A0041542E
:102A60002B55445052454D4F544549503D002B5530
:102A70004450415641494C41424C453A0041542B47
:102A8000554450415641494C41424C453D002B551F
:102A90004450454E445041434B45543A0041542B19
:102AA000554450454E445041434B45543D00FFFF73
:102AB0000000000000000000A75A0000496000006C
:102AC000815A00008563000049610000BD5A000082
:102AD00009630000715C0000755D0000015E00008C
:102AE000695E0000F15E0000D95F0000C96000006F
:102AF000BF5B0000915A0000E56300008D64000098
:102B0000D5610000695B0000E95C0000695F0000BE
:102B1000DD5A0000975A0000140082815400C281DF
:102B200094008280D4801401C2809401C283D48135
:102B300014829402C2819405520944008200090063
:102B400051080C8054055201460042000B00570802
:102B50000E8014051C00920811008B081080D4040C
:102B60001A00920017805208420009805200028029
:102B7000128812801A00520051004B0A4E801C002D
:102B80005208C2009700490A4C80D200020191000D
:102B9000510A5080D20851088B801209040011009C
:102BA000510A50801201440042000B00578A46002F
:102BB000020009801208C2004988120082004B8876
:102BC000120982018900578A120142018B80D28941
:102BD000D201428292090600420117004B889209F5
:102BE000420109000C80920102010B000E801404C6
:102BF000928054049208C2024B889404D2080203C3
:102C000049881E005482920104000200118052097A
:102C1000C2015700498AFFFF01030000C02B0100D9
:102C200002030000C82B010004010000662B010014
:102C3000050100006C2B010006010000702B010053
:102C400007010000722B01000B0100008A2B01001C
:102C50000C010000942B010004030000D02B0100A4
:102C600003030000CE2B0100030100005E2B0100D6
:102C70000B040000E62B01000A040000DE2B01001B
:102C800002010000522B01000E000000022C010086
:102C900000000000182B0100010000001C2B0100A7
:102CA00002000000202B010001010000442B010064
:102CB00000010000362B010000050000EE2B010092
:102CC000080400000E2C010009010000742B010013
:102CD0000A0100007E2B010001050000F22B01001B
:102CE00002050000FA2B010000040000062C010080
:102CF00001040000D42B010003000000242B01007C
:102D000004000000262B01000B0000002A2B01000C
:102D10000C0000002E2B01000D000000302B0100E4
:102D20000F000000322B0100040200009A2B01006A
:102D300005020000A42B010006020000AE2B0100DA
:102D40000C020000B42B01000D020000BA2B0100A0
:102D50000403010C00091408111C101918FFFFFFCF
:102D600006000800100018002000400060008000ED
:102D700000018001000200040008FFFF0A090000B2
:102D80000A0900003F0B00000100020008001000CB
:102D90000000000000000000E1AB0000BDB9000031
:102DA000815A0000BFAB000037AC0000F9AC000056
:102DB000C9AB0000B5AB0000F9AE000015AC0000D7
:102DC000B1AB00000C0A080E101802191D1F0125D6
:102DD000752E25752E25752E257500253032782502
:102DE0003032783A25303278253032783A25303210
:102DF00078253032783A25303278253032783A25C5
:102E0000303278253032783A2530327825303278B1
:102E10003A25303278253032783A253032782530EC
:102E2000327800FF00000000000000005DB50000E7
:102E3000636D5F6261636B74726163655F66617528
:102E40006C7400696E69745F6F6B002825732920AC
:102E500068617320617373657274206661696C6563
:102E6000642061742025732E00216F6E5F6661758A
:102E70006C74004661756C74206F6E20696E7465A9
:102E80007272757074206F722062617265206D6558
:102E900074616C286E6F204F532920656E766972BD
:102EA0006F6E6D656E74003D3D3D3D3D3D3D3D3D6C
:102EB0003D3D3D3D3D3D3D3D3D3D20526567697396
:102EC0007465727320696E666F726D6174696F6E7E
:102ED000203D3D3D3D3D3D3D3D3D3D3D3D3D3D3D3F
:102EE0003D3D3D3D3D00202025733A20253038787A
:102EF000202025733A2025303878202025733A2069
:102F000025303878202025733A2025303878003D48
:102F10003D3D3D3D3D3D3D3D3D3D3D3D3D3D3D3DE1
:102F20003D3D3D3D3D3D3D3D3D3D3D3D3D3D3D3DD1
:102F30003D3D3D3D3D3D3D3D3D3D3D3D3D3D3D3DC1
:102F40003D3D3D3D3D3D3D3D3D3D3D3D3D004861BF
:102F50007264206661756C74206973206361757397
:102F60006564206279206661696C656420766563BA
:102F7000746F72206665746368004D656D6F727959
:102F8000206D616E6167656D656E74206661756C3C
:102F900074206973206361757365642062792069A8
:102FA0006E737472756374696F6E206163636573A9
:102FB000732076696F6C6174696F6E004D656D6F1B
:102FC0007279206D616E6167656D656E74206661F2
:102FD000756C742069732063617573656420627910
:102FE0002064617461206163636573732076696F27
:102FF0006C6174696F6E004D656D6F7279206D61E3
:103000006E6167656D656E74206661756C742069AC
:10301000732063617573656420627920756E7374C3
:1030200061636B696E67206572726F72004D656DCA
:103030006F7279206D616E6167656D656E74206673
:1030400061756C74206973206361757365642062B7
:103050007920737461636B696E67206572726F7239
:10306000004D656D6F7279206D616E6167656D658C
:103070006E74206661756C7420697320636175736A
:10308000656420627920666C6F6174696E672D706B
:103090006F696E74206C617A792073746174652035
:1030A000707265736572766174696F6E00546865DD
:1030B000206D656D6F7279206D616E6167656D65FC
:1030C0006E74206661756C74206F636375727265CF
:1030D00064206164647265737320697320253038DD
:1030E0007800427573206661756C74206973206383
:1030F000617573656420627920696E73747275639B
:1031000074696F6E206163636573732076696F6C99
:103110006174696F6E00427573206661756C74200E
:1031200069732063617573656420627920707265CC
:10313000636973652064617461206163636573739F
:103140002076696F6C6174696F6E004275732066DA
:1031500061756C74206973206361757365642062A6
:103160007920696D7072656369736520646174614B
:10317000206163636573732076696F6C6174696F36
:103180006E00427573206661756C742069732063EC
:10319000617573656420627920756E737461636B09
:1031A000696E67206572726F720042757320666186
:1031B000756C74206973206361757365642062792E
:1031C00020737461636B696E67206572726F720041
:1031D000427573206661756C742069732063617534
:1031E00073656420627920666C6F6174696E672D07
:1031F000706F696E74206C617A7920737461746584
:1032000020707265736572766174696F6E005468C0
:103210006520627573206661756C74206F636375D9
:1032200072726564206164647265737320697320CF
:1032300025303878005573616765206661756C7458
:1032400020697320636175736564206279206174FD
:1032500074656D70747320746F2065786563757420
:103260006520616E20756E646566696E65642069AF
:103270006E737472756374696F6E00557361676500
:10328000206661756C742069732063617573656471
:1032900020627920617474656D70747320746F207E
:1032A00073776974636820746F20616E20696E762D
:1032B000616C69642073746174652028652E672EC3
:1032C0002C2041524D290055736167652066617558
:1032D0006C74206973206361757365642062792062
:1032E000617474656D70747320746F20646F2061F5
:1032F0006E20657863657074696F6E207769746895
:103300002061206261642076616C756520696E20A1
:10331000746865204558435F52455455524E206E9F
:10332000756D626572005573616765206661756CC5
:10333000742069732063617573656420627920610C
:103340007474656D70747320746F2065786563752F
:103350007465206120636F70726F636573736F7241
:1033600020696E737472756374696F6E0055736152
:103370006765206661756C7420697320636175737D
:10338000656420627920696E646963617465732085
:103390007468617420616E20756E616C69676E651A
:1033A0006420616363657373206661756C74206863
:1033B00061732074616B656E20706C61636500558C
:1033C00073616765206661756C7420697320636141
:1033D0007573656420627920496E64696361746500
:1033E00073206120646976696465206279207A655A
:1033F000726F206861732074616B656E20706C6100
:103400006365202863616E20626520736574206F98
:103410006E6C79206966204449565F305F54525083
:10342000206973207365742900446562756720669E
:1034300061756C74206973206361757365642062C3
:10344000792068616C742072657175657374656448
:1034500020696E204E5649430044656275672066B8
:1034600061756C7420697320636175736564206293
:103470007920424B505420696E737472756374697D
:103480006F6E206578656375746564004465627568
:1034900067206661756C742069732063617573655C
:1034A0006420627920445754206D61746368206FF2
:1034B0006363757272656400446562756720666156
:1034C000756C74206973206361757365642062791B
:1034D00020566563746F72206665746368206F633D
:1034E0006375727265640044656275672066617514
:1034F0006C74206973206361757365642062792040
:10350000454442475251207369676E616C20617374
:10351000736572746564004669726D7761726520C7
:103520006E616D653A2025732C20636F6D70696C38
:103530006564206F6E3A202573004552524F523A0F
:1035400020556E61626C6520746F2067657420740D
:103550006865206D61696E20737461636B20696EAC
:10356000666F726D6174696F6E2C20706C6561732B
:103570006520636865636B2074686520636F6E66A1
:10358000696775726174696F6E206F662074686513
:10359000206D61696E20737461636B004572726F98
:1035A000723A204D61696E20737461636B28253017
:1035B00038782920776173206F766572666C6F7733
:1035C000003D3D3D3D3D205468726561642073744B
:1035D00061636B20696E666F726D6174696F6E20D6
:1035E0003D3D3D3D3D002020616464723A20253020
:1035F000387820202020646174613A2025303878A2
:10360000002530386C78002E656C660053686F7743
:10361000206D6F72652063616C6C20737461636BE5
:1036200020696E666F2062792072756E3A2061643F
:103630006472326C696E65202D65202573257320B8
:103640002D61202D662025730044756D7020636107
:103650006C6C20737461636B2068617320616E20F1
:103660006572726F72005231200052302000523366
:103670002000523220004C52200052313200505370
:1036800052005043200041756720203120323032F3
:10369000350000524100222F55736572732F7273EB
:1036A00069657272612F4C6962726172792F436130
:1036B000636865732F61726475696E6F2F736B65D4
:1036C00074636865732F4630323242424438444551
:1036D0003546443543413033453846363531363644
:1036E0003242343439382F436F6E74726F6C6164B8
:1036F0006F725F6175746F6275735F76345F626F4E
:10370000746F6E2E696E6F2200FFFFFF9DC7000071
:10371000F1C7000021C80000C5C8000081C9000031
:103720000000000091CA000081CA000099CA000090
:103730005DCB00003DCD0000000000000000000057
:103740000000000047E40000EBE4000069E4000032
:1037500075E400005DE40000B3E4000081E40000D3
:103760003BE4000035E4000045E400004DE50000C6
:10377000E72701008837010090370100222400204C
:103780009C370100A537010041726475696E6F00B6
:10379000554E4F2052342057694669004344432018
:1037A000506F7274004446552D525420506F7274FD
:1037B0000000000000000000000000000000000009
:1037C00000000000000000000000000000000000F9
:1037D00000FFFFFF98000020504F53495800494E0A
:1037E0004600696E66004E414E006E616E003031DB
:1037F0003233343536373839414243444546003058
:103800003132333435363738396162636465660086
:1038100000202020202020202020282828282820A0
:103820002020202020202020202020202020202098
:103830002088101010101010101010101010101000
:1038400010040404040404040404041010101010F0
:1038500010104141414141410101010101010101BA
:10386000010101010101010101010101101010100C
:10387000101042424242424202020202020202028C
:1038800002020202020202020202020210101010E0
:103890002000000000000000000000000000000008
:1038A0000000000000000000000000000000000018
:1038B0000000000000000000000000000000000008
:1038C00000000000000000000000000000000000F8
:1038D00000000000000000000000000000000000E8
:1038E00000000000000000000000000000000000D8
:1038F00000000000000000000000000000000000C8
:1039000000000000000000000000000000000000B7
:1039100000496E66696E697479004E614E00FFFF62
:103920000000000000000000000000000000000097
:103930000000000000000000000000000000000087
:103940000000000000000000000000000000000077
:103950000000000000000000000000000000000067
:103960000000000000000000000000000000000057
:103970000000000000000000000000000000000047
:103980000080E03779C34143176E05B5B5B893465B
:10399000F5F93FE9034F384D321D30F94877825A27
:1039A0003CBF737FDD4F1575000000000000F03F45
:1039B000000000000000244000000000000059400A
:1039C0000000000000408F40000000000088C3405D
:1039D00000000000006AF8400000000080842E41D2
:1039E00000000000D01263410000000084D797411E
:1039F0000000000065CDCD41000000205FA0024224
:103A0000000000E876483742000000A2941A6D4298
:103A1000000040E59C30A2420000901EC4BCD6428B
:103A200000003426F56B0C430080E03779C3414336
:103A300000A0D8855734764300C84E676DC1AB43AC
:103A4000003D9160E458E143408CB5781DAF1544CA
:103A500050EFE2D6E41A4B4492D54D06CFF08044A5
:103A6000F64AE1C7022DB544B49DD9794378EA44BA
:103A700005000000190000007D000000232D302B00
:103A80002000686C4C0065666745464700FFFFFFF5
:043A90000000000032
:103A9C0007260100F8250100E9250100DA250100BF
:103AAC00CB250100BC250100010100000000000035
:103ABC0000000000010100000000000000000000F8
:103ACC0001010000000000000000000001010000E6
:103ADC0000000000000000000101000000000000D8
:103AEC0000000000010100000000000000000000C8
:103AFC001626010024260100312601000D000000CD
:103B0C000A000000FF000000000009400A0000004D
:103B1C0001120100020202014041236D000001016B
:103B2C000203010098000020000000004039010051
:103B3C006039010020390100000000000000000085
:103B4C000000000000000000000000000000000069
:103B5C000000000000000000000000000000000059
:103B6C000000000000000000000000000000000049
:103B7C000000000000000000000000000000000039
:103B8C0000000000000000004300000000000000E6
:103B9C000000000000000000000000000000000019
:103BAC0000000000000000004300000000000000C6
:103BBC0000000000000000000000000000000000F9
:103BCC0000000000000000004300000000000000A6
:103BDC0000000000000000000000000000000000D9
:103BEC000000000000000000430000000000000086
:103BFC0000000000000000000000000000000000B9
:103C0C000000000000000000430000000000000065
:103C1C000000000000000000000000000000000098
:103C2C000000000000000000430000000000000045
:103C3C000000000000000000000000000000000078
:103C4C000000000000000000430000000000000025
:103C5C000000000000000000000000000000000058
:103C6C00000000000000000045040100ADF500005C
:103C7C0000000000103801007C240100E72701003F
:103C8C00E7270100E7270100E7270100E7270100EC
:103C9C00E7270100E7270100E7270100E7270100DC
:103CAC00FFFFFFFFFFFFFFFFFFFFFFFFFFFF000016
:103CBC00010041534349490000000000000000008E
:103CCC0000000000000000000000000000000000E8
:103CDC00000041534349490000000000000000006F
:103CEC0000000000000000000000000000000000C8
:103CFC0000000000E5400000F1420000C15000004F
:103D0C00595A000079AB0000C1B00000DDB00000D2
:103D1C00F9B0000015B10000E1B4000095B9000045
:103D2C00C1C30000D5C50000F1E50000C140000092
:103D3C00E9500000655A00008DAB000021B1000075
:083D4C002DB50000E1C50000E7
:040000030000998DD3
:00000001FF
