:10400000007F002085BA00002DB9000081BA0000B1
:1040100081BA000081BA000081BA000081BA0000B4
:1040200000000000000000000000000081BA000055
:1040300081BA00000000000081BA000081BA0000CF
:104040000000000000000000000000000000000070
:104050000000000000000000000000000000000060
:104060000000000000000000000000000000000050
:104070000000000000000000000000000000000040
:104080000000000000000000000000000000000030
:104090000000000000000000000000000000000020
:1040A0000000000000000000000000000000000010
:1040B0000000000000000000000000000000000000
:1040C00010B5054C237833B9044B13B10448AFF352
:1040D00000800123237010BDB80200200000000002
:1040E0007073010008B5034B1BB103490348AFF3DC
:1040F000008008BD00000000BC02002070730100B9
:1041000070B50446064B44F8043B0B1D05460E46AD
:104110000FCB84E80F00337D2B75284670BD00BFA0
:104120000067010030B593B02349244C244D684604
:10413000FFF7E6FF234906A8FFF7E2FF22490CA894
:10414000FFF7DEFF0CAB06AA6946204803F00EFB22
:10415000226829681D4803F0FFFB072806D01C4988
:104160001C4809F0F5FC002013B030BD4FF4FA6094
:104170000AF06EFC1849174809F0EAFC174915487F
:1041800009F0C7FC2968134809F0E2FC14491148FA
:1041900009F0BFFC0D490CA803F020FB0CA90D4849
:1041A00009F0E0FC0F490B4809F0B3FC216809480D
:1041B00009F0CEFC0120D7E7040300204C000020CA
:1041C00050000020EC020020D402002084060020D1
:1041D0000C510100380A00202B5101004F51010001
:1041E000255D0100565101002DE9F041184CDFF822
:1041F000708088B00126002500231A4619460095D4
:1042000002A804F8246C09F0F9FA03AB0FCBA4F16F
:104210001C0787E80F0001369DF81C3004F80C3CA1
:104220002046414604F8085C04F8075C44F8045C46
:1042300009F0F8FD0D2E04F13004DDD1054B0649DF
:1042400006481D7009F084FC08B0BDE8F08100BF8D
:104250009C030020B8050020E6510100380A002028
:10426000DE51010070B5164A86B0044600230C25C5
:1042700005FB03F011188E68A6421CD1805CD0B1FA
:1042800000230B7003A80F4909F05FFD0A222146A5
:10429000684609F08AFD694603A809F00FFE014649
:1042A000094809F04BFC684609F004FD03A809F031
:1042B00001FD06B070BD0133032BD9D1F9E700BF72
:1042C0002800002061510100380A0020064900231F
:1042D000CA189268824201D15A5C1AB90C33242B55
:1042E000F6D1002210467047280000201FB5014675
:1042F0000446134809F07DFD124B01221A70124B3F
:1043000000221A600AF0E8FB104B1149186001A85E
:1043100009F01BFD214601A809F0D0FD01460D481A
:1043200009F00CFC01A809F0C5FC0B49204609F076
:10433000DEFD18B10949024809F074FD04B010BD52
:104340005C030020680300206C0300207003002041
:10435000F34A0100380A0020064B01000B4B010014
:1043600008B5064B0649074800221A7009F05AFDA5
:1043700005490648BDE8084009F0EABB680300208B
:10438000B44A01005C030020B94A0100380A002049
:104390002DE9F04F91B00D46044673490AA809F083
:1043A000D4FC0AA9284609F0E7FD06460AA809F048
:1043B00081FC03366D490AA809F0C7FC32460AA9F8
:1043C000284609F0C7FD07460AA809F073FC7A1CC5
:1043D0000FD167490AA809F0B8FC32460AA9284655
:1043E00009F0B8FD07460AA809F064FC7B1C08BF69
:1043F000AF683B46294632460AA809F0C1FD0AA823
:1044000009F013FE07467D1E0AA809F053FC0B2D88
:1044100000F299802368574EDB6B21460AA8984723
:104420000BAB0FCB4FF0300808FB05F506EB050989
:1044300009F1080C8CE80F009DF83C3089F8183021
:10444000012389F81C300AF047FBC9F8200005F168
:1044500024003044484909F0E5FCB146474E0025A8
:1044600009F1040B3378AB4212DD08FB05FA19F8A9
:104470000A30BB420AD1236821460AA8DB6B984761
:104480000AA90BEB0A0009F0E8FA28B90135E9E7B7
:104490000B2B9CBF01333370394904A809F055FC3C
:1044A0000A22394601A809F080FC01A904A809F0F4
:1044B00005FD344909F00EFD23680546DB6B2146F6
:1044C0000AA898470AA907A809F0FAF907A92846EF
:1044D00009F0F4FC01462C4809F030FB07A809F06C
:1044E000E9FB01A809F0E6FB04A809F0E3FB274972
:1044F000204609F02DFB2649204609F029FB2549D5
:10450000204609F025FB204609F012FB22490AA8A3
:1045100009F01BFC0A22394607A809F046FC07A946
:104520000AA809F0CBFC1D4909F0D4FC014620463D
:1045300009F004FB07A809F0BDFB0AA809F0BAFBC3
:1045400011B0BDE8F08F1649204609F001FB114972
:10455000204609F0FDFA204609F0EAFA1149204602
:1045600009F0F6FAECE700BF0D5D0100CD53010044
:10457000115D010078030020484B0100B8050020C0
:104580008F520100135D0100380A00202A5D0100EE
:104590003A5D0100595D01006B5D0100BD5D0100E8
:1045A000885D0100A15D0100F0B585B00D460446AF
:1045B000334901A809F0C9FB01A9284609F0DCFC30
:1045C000064601A809F076FB03362E4901A809F03A
:1045D000BCFB324601A9284609F0BCFC074601A8ED
:1045E00009F068FB7A1C0FD1274901A809F0ADFB3F
:1045F000324601A9284609F0ADFC074601A809F09A
:1046000059FB7B1C08BFAF6829463B46324601A8D0
:1046100009F0B6FC01A809F008FD0546013D01A816
:1046200009F048FB0B2D1DD80AF056FA174B184914
:10463000302202FB053501232B772862204609F042
:1046400087FA1449204609F083FA1349204609F0F5
:104650007FFA204609F06CFA1049204609F078FAF2
:1046600005B0F0BD0E49204609F072FA0A4920460D
:1046700009F06EFA204609F05BFA0A49EDE700BF3F
:104680000D5D0100CD530100115D01007803002094
:104690002A5D01003A5D0100595D0100BC4F010037
:1046A000885D0100A15D01002DE9F0435649574D99
:1046B000574EDFF88891DFF8888187B0044609F00B
:1046C00044FB00275349204609F0E8FB524903A860
:1046D00009F03BFB0A2215F8041C684609F054FB5C
:1046E000694603A809F0EAFB314609F0F3FB0146ED
:1046F000204609F0C2FB684609F0DCFA03A809F07D
:10470000D9FA464903A809F020FB2946684609F072
:10471000D7F8694603A809F0D1FB414909F0DAFB53
:104720000146204609F0A9FB684609F0C3FA03A830
:1047300009F0C0FA3B4903A809F007FB297E684647
:10474000002914BF4946414609F0FFFA694603A80B
:1047500009F0B4FB314609F0BDFB0146204609F0E3
:104760008CFB684609F0A6FA03A809F0A3FA2E49C3
:1047700003A809F0EAFA697E6846002914BF494691
:10478000414609F0E2FA694603A809F097FB314671
:1047900009F0A0FB0146204609F06FFB684609F0CE
:1047A00089FA03A809F086FA204903A809F0CDFA8E
:1047B0000A22E969684609F00AFB694603A809F07C
:1047C0007DFB1B4909F086FB0146204609F055FB9D
:1047D000684609F06FFA03A809F06CFA0137154929
:1047E000204609F05BFB0C2F07D11349204609F046
:1047F00055FB204607B0BDE8F0833146204609F05E
:104800004DFB30355EE700BFF95301007C0300200B
:104810000E540100955B0100825D01000654010009
:104820000D54010010540100475401001A540100B6
:1048300087600100BD5D01002B540100EE530100B3
:10484000F35301001FB5044601A8FFF72DFF0C49E3
:10485000204609F07DF90B49204609F079F90A490B
:10486000204609F075F9204609F062F901A92046B1
:1048700009F064F901A809F01DFA04B010BD00BFE9
:104880002A5D01003A5D0100595D01002DE9F04308
:1048900087B00AF021F9204A136842F20F71C31A57
:1048A0008B42064635D91D4C1D4FDFF88080DFF85E
:1048B00080901060002514F8083C01352BB354F8A3
:1048C000043CF31ABB4220D900234146204604F899
:1048D000083C09F0A7FA494603A809F036FA0A226B
:1048E0002946684609F061FA694603A809F0E6FA24
:1048F0000C4909F0EFFA01460B4809F01FF9684628
:1049000009F0D8F903A809F0D5F90C2D04F1300409
:10491000D1D107B0BDE8F083740300209C030020D0
:10492000C0D40100955C0100380A00208D5C0100B4
:104930008F5201000023054A1846D118097F01B1A2
:1049400001303033B3F5107FF7D170477803002082
:104950002DE9F047C049C14EDFF8D893DFF8D8837E
:10496000BF4F8AB0044609F0F0F9BE49204609F06D
:1049700095FABD49204609F091FABC49204609F054
:104980008DFABB49204609F089FABA49204609F058
:1049900085FAB949204609F081FAB849204609F05C
:1049A0007DFAB749204609F079FAB649204609F060
:1049B00075FAB549204609F071FAB449204609F064
:1049C0006DFAB349204609F069FAB249204609F068
:1049D00065FAB149204609F061FAB049204609F06C
:1049E0005DFAAF49204609F059FAAE49204609F070
:1049F00055FAAD49204609F051FAAC4904A809F02E
:104A0000A4F9FFF797FF0A22014601A809F0CDF9A2
:104A100001A904A809F052FAA54909F05BFA0A2293
:104A200005460C2107A809F0C0F907A9284609F096
:104A300045FAA04909F04EFA0146204609F01DFA50
:104A400007A809F037F901A809F034F904A809F01A
:104A500031F9994907A809F078F9984907A809F0A8
:104A60002DFA944909F036FA0146204609F005FA74
:104A700007A809F01FF9924907A809F066F9914BB8
:104A8000914A1978914B04A8002914BF1146194680
:104A900009F05BF904A907A809F010FA854909F0A3
:104AA00019FA0146204609F0E8F904A809F002F9CC
:104AB00007A809F0FFF86A49204609F0EFF9844990
:104AC000204609F0EBF98349204609F0E7F9002573
:104AD000494601A809F039F97F4B317F01A8002927
:104AE00014BF4146194609F0D9F9737F1BB17B49C0
:104AF00001A809F0D3F97A4904A809F026F901A917
:104B000004A809F0DBF9774909F0E4F901350A2234
:104B10008246294607A809F048F907A9504609F036
:104B2000CDF9714909F0D6F90146204609F0A5F9F9
:104B300007A809F0BFF804A809F0BCF86B4907A85A
:104B400009F003F90A22294604A809F02EF904A95C
:104B500007A809F0B3F9394609F0BCF90146204627
:104B600009F08BF904A809F0A5F807A809F0A2F844
:104B70005F4A604B317F04A8002914BF11461946D3
:104B800009F0E3F85C4907A809F0DFF804A907A8D1
:104B900009F094F9394609F09DF90146204609F0DB
:104BA0006CF907A809F086F83946204609F076F92D
:104BB00004A809F07FF801A809F07CF80C2D06F193
:104BC000300685D12649204609F068F94B49204630
:104BD00009F064F94A49204609F060F9494920463C
:104BE00009F05CF94849204609F058F94749204640
:104BF00009F054F94649204609F050F94549204644
:104C000009F04CF94449204609F048F94349204647
:104C100009F044F93D49204609F040F94049204651
:104C200009F03CF93F49204609F038F90C49204683
:104C300009F034F90A49204609F030F93A4920468A
:104C400009F02CF93949204609F028F9384920465D
:104C500009F024F972E000BF6C54010078030020D1
:104C6000AF58010088540100AC540100F154010018
:104C7000F954010030550100B15501003A560100C8
:104C80006956010099560100C1560100DA5601002B
:104C90004B5701006C570100B5570100CB5701007D
:104CA000E3570100085801001D5801003958010060
:104CB000554B01005F580100645801005C0300205F
:104CC0008858010058030020505401005954010035
:104CD000B6580100D2580100DE510100F058010021
:104CE000F4580100015901001A5901001E59010030
:104CF0006554010068540100245901004159010024
:104D00005859010074590100B3590100F4590100C8
:104D1000F9590100325A0100745A0100B15A0100D8
:104D2000F15A0100305B0100735B01007C5B010004
:104D3000975B0100E8580100484B01000F492046ED
:104D400009F0ACF80E49204609F0A8F80D492046B4
:104D500009F0A4F80949204609F0A0F80A492046BC
:104D600009F09CF80949204609F098F808492046BE
:104D700009F094F820460AB0BDE8F087BD5D010057
:104D8000D25B0100ED5B01002B5C0100545C010073
:104D90005E5C010010B5584986B0044608F0D5FFA6
:104DA000564903A808F0D1FF554B564A1978564B7F
:104DB0006846002914BF1146194608F0C6FF694627
:104DC00003A809F07BF8514909F084F80146204610
:104DD00009F053F8684608F06DFF03A808F06AFF71
:104DE0004B4903A808F0B1FF4A4903A809F066F847
:104DF000464909F06FF80146204609F03EF803A83D
:104E000008F058FF444903A808F09FFF434B444A69
:104E10001978444B6846002914BF1146194608F01A
:104E200094FF694603A809F049F83F4909F052F890
:104E30000146204609F021F8684608F03BFF03A828
:104E400008F038FF394903A808F07FFFFFF772FD2B
:104E50000A220146684608F0A8FF694603A809F03F
:104E60002DF8314909F036F80146204609F005F8D9
:104E7000684608F01FFF03A808F01CFF2C4903A890
:104E800008F063FF0A220C21684608F08EFF69468D
:104E900003A809F013F8244909F01CF8014620463C
:104EA00008F0EBFF684608F005FF03A808F002FFD2
:104EB000204903A808F049FF09F00EFE0A22014626
:104EC000684608F084FF694603A808F0F7FF1A490E
:104ED00009F000F80146204608F0CFFF684608F0C8
:104EE000E9FE03A808F0E6FE1449204608F0D6FFC4
:104EF000204606B010BD00BF955B0100B152010015
:104F000068030020A4520100AC5201000D540100BE
:104F1000C25201005C030020D4520100580300205B
:104F2000EE530100F35301000E540100E052010062
:104F3000F15201000153010087600100BD5D0100D5
:104F40001FB5044601A8FFF725FF0C49204608F0CD
:104F5000FFFD0B49204608F0FBFD0A49204608F0FA
:104F6000F7FD204608F0E4FD01A9204608F0E6FD23
:104F700001A808F09FFE04B010BD00BF2A5D01002B
:104F80003A5D0100595D01002DE9F04379497A4805
:104F9000DFF82C92794FDFF82C828DB008F0D8FD25
:104FA000774906A808F0D1FE764B03A8196808F0E7
:104FB000CCFE03A906A808F081FF01466E4808F060
:104FC000BDFD03A808F076FE06A808F073FE6E4942
:104FD00003A808F0BAFE6D4906A802F0FFFB06A977
:104FE000684608F06DFC694603A808F067FF0146B3
:104FF000614808F0A3FD684608F05CFE03A808F0CD
:1050000059FE634903A808F0A0FEFFF793FC0A22AB
:105010000146684608F0C9FE694603A808F04EFF3D
:105020005C4908F057FF0A2204460C2106A808F044
:10503000BCFE06A9204608F041FF01464E4808F094
:105040007DFD06A808F036FE684608F033FE03A88A
:1050500008F030FE504906A808F077FE4F4906A830
:1050600008F02CFF0146444808F068FD06A808F047
:1050700021FE4B4906A808F068FE4A4B4A4A1978B7
:105080004A4B03A8002914BF1146194608F05DFEDB
:1050900003A906A808F012FF0146374808F04EFDA4
:1050A00003A808F007FE06A808F004FE404906A879
:1050B00008F04BFE09F010FD0A224FF47A71B0FBA4
:1050C000F1F103A808F083FE03A906A808F0F6FE94
:1050D000384908F0FFFE0146274808F02FFD03A8D5
:1050E00008F0E8FD06A808F0E5FD00260C2575434C
:1050F00015F80930A3B34D446C6809F0EDFC04F5D4
:105100009C5108310C1A394603A808F01EFE0A22E9
:10511000A968684608F049FE694603A808F0CEFE73
:10512000414608F0D7FE0A2205464FF47A7106A8D8
:10513000B4FBF1F108F04BFE06A9284608F0BEFECC
:105140001D4908F0C7FE01460B4808F0F7FC06A809
:1051500008F0B0FD684608F0ADFD03A808F0AAFD10
:105160000136032EC2D11549034808F0F1FC0DB0F9
:10517000BDE8F0830A520100380A00208052010085
:105180002652010050000020255D01008406002009
:1051900038520100554B01004A5201005C030020C7
:1051A0005A52010058030020655401006854010060
:1051B0006D520100765201009852010083500100A7
:1051C00028000020195F01002DE9F0413E493F48C9
:1051D0003F4C404FDFF820813C4D86B008F0B8FCD2
:1051E0000026394603A8013608F0AFFD0A223146F1
:1051F000684608F0DAFD694603A808F05FFE4146FC
:1052000008F068FE0146284608F07EFC684608F073
:1052100051FD03A808F04EFD237E002B4ED02E49F1
:1052200003A808F092FD2146684608F049FB69464C
:1052300003A808F043FE294908F04CFE0146284621
:1052400008F062FC684608F035FD03A808F032FD5E
:10525000234A244B617E2846002914BF1146194673
:1052600008F057FC204903A808F06FFD09F034FC52
:10527000E1694FF47A730A22411A6846B1FBF3F1EF
:1052800008F0A5FD694603A808F018FE174908F0C4
:1052900021FE0146284608F051FC684608F00AFD48
:1052A00003A808F007FD0C2E04F1300499D1104931
:1052B000064808F04DFC06B0BDE8F0810D492846CF
:1052C00008F046FCEFE700BFA7530100380A0020B2
:1052D0007C0300208F520100C3530100CC53010016
:1052E0006554010068540100CF5301000C6E0100A9
:1052F00084500100E6530100195F010010B5704CA5
:1053000070498CB0204608F023FC6F4906A808F0CD
:105310001CFD6E4B03A8196808F017FD03A906A829
:1053200008F0CCFD0146204608F008FC03A808F070
:10533000C1FC06A808F0BEFC654906A808F005FDFA
:10534000644B03A8196808F000FD03A906A808F03B
:10535000B5FD0146204608F0F1FB03A808F0AAFCC1
:1053600006A808F0A7FC5C4903A808F0EEFC06A814
:105370005A4902F033FA06A9684608F0A1FA6946CC
:1053800003A808F09BFD0146204608F0D7FB6846BD
:1053900008F090FC03A808F08DFC5149204608F065
:1053A000D7FB5049204608F0D3FB4F4906A808F028
:1053B000CCFC0C210A220DEB010008F0F6FC03A93D
:1053C00006A808F07BFD0146204608F0B7FB03A8BD
:1053D00008F070FC06A808F06DFC4449204608F06F
:1053E000B7FB434906A808F0B0FC0A22022103A833
:1053F00008F0DBFC03A906A808F060FD3D4908F0B1
:1054000069FD0146204608F099FB03A808F052FC0C
:1054100006A808F04FFC384906A808F096FC0A22B6
:10542000032103A808F0C1FC03A906A808F046FD63
:10543000324908F04FFD0146204608F07FFB03A8E3
:1054400008F038FC06A808F035FC2D4906A808F03D
:105450007CFC0A22042103A808F0A7FC03A906A8E3
:1054600008F02CFD274908F035FD0146204608F0DC
:1054700065FB03A808F01EFC06A808F01BFC2249E7
:1054800006A808F062FC0A22052103A808F08DFC9A
:1054900003A906A808F012FD1C4908F01BFD0146EF
:1054A000204608F04BFB03A808F004FC06A808F00F
:1054B00001FC1749204608F04BFB0CB010BD00BFA3
:1054C000380A0020CC4F01004F510100500000204D
:1054D000565101004C000020EE4F010084060020D0
:1054E000FB4F01000A5001001B5001002E5001002B
:1054F00040500100535E010051500100745E0100F4
:1055000062500100955E0100735001007652010067
:105510007E50010010B5514C514986B0204608F02C
:1055200017FB5049204608F013FB4F49204608F06E
:105530000FFB4E49204608F00BFB4D49204608F072
:1055400007FB4C49204608F003FB4B49204608F076
:10555000FFFA4A49204608F0FBFA4949204608F07C
:10556000F7FA4849204608F0F3FA4749204608F080
:10557000EFFA4649204608F0EBFA4549204608F084
:10558000E7FA4449204608F0E3FA4349204608F088
:10559000DFFA4249204608F0DBFA4149204608F08C
:1055A000D7FA4049204608F0D3FA3F49204608F090
:1055B000CFFA3E4903A808F0C8FB0A220221684638
:1055C00008F0F3FB694603A808F078FC384908F0B6
:1055D00081FC0146204608F0B1FA684608F06AFBF3
:1055E00003A808F067FB334903A808F0AEFB0A22C2
:1055F0000321684608F0D9FB694603A808F05EFC61
:105600002D4908F067FC0146204608F097FA6846E5
:1056100008F050FB03A808F04DFB284903A808F048
:1056200094FB0A220421684608F0BFFB694603A8E0
:1056300008F044FC224908F04DFC0146204608F0E1
:105640007DFA684608F036FB03A808F033FB1D49D5
:10565000204608F07DFA06B010BD00BF380A0020D1
:10566000A94B0100C74B0100D74B0100014C0100C1
:10567000294C0100524C0100794C0100A04C010062
:10568000C44C0100E44C0100054D01002E4D010009
:105690005A4D0100834D0100A64D0100C94D010086
:1056A000EB4D0100876001000E4E0100435E0100DA
:1056B000204E0100645E0100404E0100855E010045
:1056C000604E01008050010038B50B4D0B49284653
:1056D00008F03EFA0A4B00241C701C731C76FEF77F
:1056E00083FDFEF73DFE074B07491C702846BDE8C9
:1056F000384008F02DBA00BF380A0020C94A01001E
:105700002800002058030020E04A0100F7B50124DA
:1057100000940423A822C0211848194D194F08F0FD
:105720006DF800940423A822C021174808F066F8F9
:105730000024FF2319461A460094144808F05EF826
:105740005021134802F01AFE41F69071114802F000
:1057500015FE05F12006281908F048F830193946D9
:10576000303408F0F2FAB4F5107FF4D10A490B484E
:1057700003B0BDE8F04008F0E8BA00BF0403002021
:105780007C03002087600100EC020020D40200208E
:10579000BC05002028030020B44A01005C0300205F
:1057A00038B50D480D4C08F085FAA4F51075303C5D
:1057B00004F1240008F07EFAAC42F8D10848094C04
:1057C00040F8104B02F0C8F9074840F8104BBDE80C
:1057D000384002F0C1B900BF5C030020B8050020CA
:1057E00028030020C8630100BC0500207FB54FF4EA
:1057F000E131534807F05AFA4FF47A7009F028F96A
:1058000050494F4808F0A4F94F494D4808F0A0F915
:105810000221084608F0FCFF0221032008F0F8FFEF
:105820000221042008F0F4FF022009F015F8474B8C
:10583000003018BF012018705870032009F00CF8D0
:10584000434B003018BF012018705870042009F035
:1058500003F8404B4049003018BF012018705870C1
:10586000374808F075F93D4903A808F06EFA0A2296
:105870000221684608F099FA694603A808F01EFB61
:10588000374908F027FB01462D4808F057F96846CC
:1058900008F010FA03A808F00DFA324903A808F03E
:1058A00054FA0A220321684608F07FFA694603A8E1
:1058B00008F004FB2C4908F00DFB0146204808F0D5
:1058C0003DF9684608F0F6F903A808F0F3F927490E
:1058D00003A808F03AFA0A220421684608F065FA9B
:1058E000694603A808F0EAFA214908F0F3FA0146EC
:1058F000134808F023F9684608F0DCF903A808F01B
:10590000D9F9FEF771FCFEF70DFC40B919490C48B6
:1059100008F01EF94FF47A7009F09AF8FAE7164881
:1059200002F0F0FD154802F0EDFD1549044808F0BD
:105930000FF9FFF7E3FCFFF7EDFD07B05DF804FB9F
:10594000380A0020BF5D0100E85D01000000002072
:105950000C00002018000020225E0100415E0100C2
:10596000525E0100625E0100735E0100835E010011
:10597000945E0100A45E0100BC0500202803002005
:10598000CF5E01002DE9F043471E0B2F99B006466C
:10599000884608D99049914808F0DAF80024204652
:1059A00019B0BDE8F0838E4B302202FB07329946D6
:1059B000147FD4B98B4910A808F0C7F90A223146E0
:1059C0000AA808F0F2F90AA910A808F077FA86499F
:1059D00008F080FA0146814808F0B0F80AA808F0FB
:1059E00069F910A808F066F9D9E729B9FEF76EFC45
:1059F00010B13046FEF736FC302510A805FB0795A0
:105A000002F030FC043579490AA808F09EF92946CD
:105A100007A807F055FF07A90AA808F04FFA74492C
:105A200008F058FA734B7449B8F1000F18BF1946C3
:105A300008F050FA014601A808F0EAF907A808F0B2
:105A400039F90AA808F036F929460AA8FEF758FBE2
:105A500050220AA910A801F0DAFF0446002800F03D
:105A6000A380664904A808F070F9654B654904A84D
:105A7000B8F1000F18BF194608F010FA624904A8DF
:105A800008F00CFA04A910A808F058F85F490AA811
:105A900008F05BF9294607A807F012FF07A90AA832
:105AA00008F00CFA014610A808F048F807A808F01A
:105AB00001F90AA808F0FEF8554910A808F048F8BE
:105AC00010A808F035F809F007F800F6B83410A867
:105AD00002F026F900283BD010A802F021F9002896
:105AE0003ED1044610A802F09FFA002C4ED030237D
:105AF00003FB07933B4983F81D800AA808F025F9AA
:105B00000A22314607A808F050F907A90AA808F0A8
:105B1000D5F9404908F0DEF93F49404BB8F1000F94
:105B200018BF194608F0D6F901462C4808F006F8C7
:105B300007A808F0BFF80AA808F0BCF804A808F005
:105B4000B9F801A808F0B6F810A802F005F826E7A1
:105B500008F0C2FFA042BFD20A2008F079FFB6E7E2
:105B600010A907A808F07AF82D490AA808F0EDF85E
:105B70000AA907A808F000FA441C0AA818BF0124C3
:105B800008F098F807A808F095F8ABE725490AA8A7
:105B900008F0DBF831460A2207A808F006F907A941
:105BA0000AA808F08BF9BFE71F490AA808F0CDF84A
:105BB0000A22314607A808F0F8F807A90AA808F051
:105BC0007DF90146054807F0B9FF07A808F072F80B
:105BD0000AA808F06FF8B4E7214B0100380A00204A
:105BE000780300208F5201003E4B01004F4B010013
:105BF000554B0100F1580100154B0100574B0100B6
:105C0000104B0100144B01005C4B0100664B01007E
:105C1000595D0100CD530100194B0100C85C010022
:105C2000335D01006D4B0100894B010030B53A4AEC
:105C30000D46431E302101FB032387B01B7F044622
:105C4000DBB9364903A808F080F80A2221466846E5
:105C500008F0ABF8694603A808F030F9304908F0BD
:105C600039F901462F4807F069FF684608F022F825
:105C700003A808F01FF807B030BD0121FFF782FE2E
:105C800000283BD00C21284B694301225A545D184F
:105C900008F022FF25496860684608F056F80A2295
:105CA000214603A808F081F803A9684608F006F920
:105CB0001F4908F00FF901461A4807F03FFF03A8F3
:105CC00007F0F8FF684607F0F5FF1A49684608F044
:105CD0003CF80A22052103A808F067F803A96846E2
:105CE00008F0ECF8144908F0F5F801460D4807F003
:105CF00025FF03A807F0DEFF6846BAE70F496846AC
:105D000008F023F821460A2203A808F04EF803A958
:105D1000684608F0D3F8E8E778030020AD5C01009E
:105D20003E4B0100380A002028000020BA5C010028
:105D3000C75C0100D25C010076520100EE5C0100FC
:105D40002DE9F041C0B20C468AB0154608F084FD3A
:105D500023788342064602D008F0BEFE606008F059
:105D6000BBFE6368371CA0EB030018BF0127322875
:105D700037D96378B34234D06770002E35D12B4ABF
:105D80002B49012323720C2303FB052304A89E68DF
:105D900007F0DBFF0A22691C01A808F006F801A938
:105DA00004A808F08BF8234908F094F80A228046EA
:105DB000314607A807F0F9FF07A9404608F07EF82A
:105DC00001461D4807F0BAFE07A807F073FF01A8B7
:105DD00007F070FF04A807F06DFF29463046FFF773
:105DE00025FF27700AB0BDE8F081237A002BF8D098
:105DF000002323720E4907A807F0A7FF0A22691C97
:105E000004A807F0D2FF04A907A808F057F80B4927
:105E100008F060F80146084807F090FE04A807F073
:105E200049FF07A807F046FFDBE700BF2800002076
:105E30006D5301007A530100380A00209D53010080
:105E400008B5002207490220FFF77AFF0122064920
:105E50000320FFF775FF022204490420BDE8084033
:105E6000FFF76EBF000000200C000020180000208B
:105E70002DE9F04F8BB008F02FFE464FDFF8388148
:105E800006460025B9464FF00C0B0BFB05FB1BF833
:105E9000073063B307EB0B0A41F28733DAF80440AB
:105EA000321B9A4238D9DAF8084000212046FFF721
:105EB00069FD10B3384907A807F047FF0A222146B9
:105EC00004A807F072FF04A907A807F0F7FF3349F9
:105ED00008F000F80146324807F030FE04A807F049
:105EE000E9FE07A807F0E6FE002309F80B300135AC
:105EF000032DC8D10BB0BDE8F08F2A4907A807F0E1
:105F000024FF0A22214604A807F04FFF04A907A88E
:105F100007F0D4FF2449DBE758F82520B21AB2F580
:105F20007A7FE4D3C6F59C530833234448F82560B0
:105F30004FF47A74B3FBF4F4002CD8D01B4904A8B6
:105F400007F003FF0A22DAF8081001A807F02DFF76
:105F500001A904A807F0B2FF154907F0BBFF0A2208
:105F60008246214607A807F020FF07A9504607F000
:105F7000A5FF104907F0AEFF0146094807F0DEFD16
:105F800007A807F097FE01A807F094FE04A807F001
:105F900091FEACE7280000200B53010018530100CC
:105FA000380A002032530100205301004F530100F2
:105FB0005C530100765201001C0300202DE9F041E2
:105FC0001D4B1E491E4F002818BF194686B00646B5
:105FD0001C4807F0BDFD002425464FF0300808FBA3
:105FE000047301341B7F43B131462046FFF7CAFCDE
:105FF00000B10135642008F02BFD0C2CEFD11249C3
:1060000003A807F0A2FE0A222946684607F0CDFE43
:10601000694603A807F052FF0C4907F05BFF0146F1
:10602000084807F08BFD684607F044FE03A807F018
:1060300041FE06B0BDE8F0818D510100AC51010078
:1060400078030020380A0020C8510100BF4D01002C
:1060500070B586B00446884903A807F076FE21464D
:1060600003A807F02BFF0146844807F067FD03A84B
:1060700007F020FE824903A807F067FE03A9204627
:1060800007F05FFF054603A807F014FED5B1A3682B
:106090002146032203A807F073FF03A807F0C5FFFA
:1060A000044603A807F006FE631E0B2B05D801214A
:1060B0002046FFF767FC06B070BD72496F4807F0D5
:1060C00047FDF8E7704903A807F03FFE03A9204603
:1060D00007F037FF064603A807F0ECFD8EB1A36872
:1060E0002146042203A807F04BFF03A807F09DFFF9
:1060F000044603A807F0DEFD631E0B2BDDD82946FE
:10610000D6E76249204607F0F2FE054618B10120A5
:10611000FFF754FFCFE75E49204607F0E8FE28B1BD
:106120002846FFF74BFFFEF71BF9C4E75949204605
:1061300007F0DDFE50B1574903A807F006FE03A89B
:10614000FEF7D4F803A807F0B5FDB4E7524920469E
:1061500007F0CDFE08B15049EEE75049204607F060
:10616000C6FE08B14D49E7E74D49204607F0BFFE9E
:1061700008B14B49E0E74B49204607F0B8FE70B143
:10618000494B4A49012203A81A7007F0DEFD03A813
:10619000FEF7ACF803A807F08DFD45498EE74549A9
:1061A000204607F0A4FE30B13F4B00221A70FEF7E4
:1061B000D7F8414982E74149204607F098FE10B1DF
:1061C000FEF7E2FE77E73E49204607F090FE10B169
:1061D000FEF7FAFF6FE73B49204607F088FE10B153
:1061E000FFF772FA67E73849204607F080FE10B1E2
:1061F000FFF790F95FE7354903A807F0A6FD03A96B
:10620000204607F09EFE054603A807F053FD8DB318
:10621000A3680622214603A807F0B2FE03A807F0F0
:1062200004FF044603A807F045FDA4F1640241F20F
:1062300024339A421CD8264B26491C6003A807F039
:1062400084FD0A222146684607F0AFFD694603A88F
:1062500007F034FE204907F03DFE0146074807F0ED
:106260006DFC684607F026FD03A807F023FD22E732
:106270001A4923E71A4921E7804E0100380A002015
:10628000934E0100974E0100B64E0100BB4E010037
:10629000C24E01000B4B0100CA4E0100D04E01005E
:1062A000D64E0100DD4E010058030020064B0100D0
:1062B000E54E0100FF4E0100084F0100D1500100E2
:1062C000DD500100254F01002B4F0100304F010030
:1062D00024000020374F0100584F01005B4F0100A0
:1062E0007C4F01007FB50F4806F021FDB8B10A22AE
:1062F0000C49684607F0C6FC684607F06DFE684624
:1063000007F05EFE694603A807F082FD03A8FFF7C9
:106310009FFE03A807F0CEFC684607F0CBFC07B051
:106320005DF804FB380A0020F0B587B00D4604463E
:10633000324903A807F009FD03A9284607F01CFE0F
:10634000064603A807F0B6FC04362D4903A807F05B
:10635000FCFC324603A9284607F0FCFD074603A8CB
:1063600007F0A8FC7A1C0FD1264903A807F0EDFC22
:10637000324603A9284607F0EDFD074603A807F0BB
:1063800099FC7B1C08BFAF683B46324629466846ED
:1063900007F0F6FD684607F013FE694603A807F00C
:1063A00037FD03A8FFF754FE03A807F083FC164946
:1063B000204607F0CDFB1549204607F0C9FB1449DC
:1063C000204607F0C5FB204607F0B2FB114903A8A1
:1063D00007F0BBFC694603A807F070FD0E4907F003
:1063E00079FD0146204607F0A9FB03A807F062FCEF
:1063F000684607F05FFC07B0F0BD00BF6D5C0100B0
:10640000CD530100115D01002A5D01003A5D0100DC
:10641000595D0100725C0100BC5D0100F0B58DB0FA
:106420000D460446544909A807F08FFC09A92846DF
:1064300007F0A2FD064609A807F03CFC03364F49C9
:1064400009A807F082FC324609A9284607F082FD18
:10645000074609A807F02EFC7A1C0FD1484909A865
:1064600007F073FC324609A9284607F073FD07467A
:1064700009A807F01FFC7B1C08BFAF683B463246EB
:10648000294609A807F07CFD09A807F0CEFD0646BD
:1064900009A807F00FFC731E0B2B5CD8394A30217A
:1064A00001FB032330465D7F85F001052946FFF798
:1064B00069FA35490746204607F04AFB334920462A
:1064C00007F046FB3249204607F042FB204607F022
:1064D0002FFB304903A807F038FC2F4B2F496846A3
:1064E000002F18BF194607F030FC694603A807F0D3
:1064F000E5FC2B4907F0EEFC0A223146074606A8C8
:1065000007F053FC06A9384607F0D8FC254907F0E8
:10651000E1FC254B25490646002D18BF194609A860
:1065200007F013FC09A9304607F0C8FC204907F022
:10653000D1FC0146204607F001FB09A807F0BAFB91
:1065400006A807F0B7FB684607F0B4FB03A807F0FE
:10655000B1FB0DB0F0BD1749204607F0F9FA0C4920
:10656000204607F0F5FA204607F0E2FA12492046E5
:1065700007F0EEFAEDE700BF0D5D0100CD5301001D
:10658000115D0100780300202A5D01003A5D0100E1
:10659000595D01002E5401001C6701009E6A010034
:1065A0003A54010046540100EE530100F353010038
:1065B000BD5D0100885D0100A15D010010B58EB0D8
:1065C000424906A801F0ECFE0A9B01334CD00D2293
:1065D00006A9684607F056FB06A801F0F5FC3C4901
:1065E00003A807F0B2FB03A9684607F0C5FC044600
:1065F00003A807F05FFB01340BD0694603A807F03E
:1066000007FC03A906A8FFF709FF03A807F052FB40
:1066100027E0304903A807F098FB03A9684607F074
:10662000ABFC044603A807F045FB013408D06946DB
:1066300003A807F0EDFB03A906A8FFF775FEE4E742
:10664000254903A807F081FB03A9684607F094FCDD
:10665000044603A807F02EFB01340AD006A8FEF773
:106660006FFC684607F026FB06A801F075FA0EB02D
:1066700010BD1A4903A807F068FB03A9684607F094
:106680007BFC044603A807F015FB013403D006A8E1
:10669000FEF7D8F8E5E703A8FEF75AF9104906A86F
:1066A00007F056FA0F4906A807F052FA0E4906A855
:1066B00007F04EFA06A807F03BFA03A906A807F070
:1066C0003DFA06A801F0B0FC9FE700BFBC05002022
:1066D000B3500100BF500100CC500100D850010060
:1066E0002A5D0100E5500100595D010010B58EB032
:1066F000244906A801F054FE0A9B013326D00D223E
:1067000006A9684607F0BEFA06A801F05DFC1E491E
:1067100003A807F01AFB03A9684607F02DFC0446FE
:1067200003A807F0C7FA013415D0694603A807F09B
:106730006FFB03A906A8FDF72BFE03A807F0BAFA22
:1067400006A801F071FC684607F0B4FA06A801F04B
:1067500003FA0EB010BD0D4903A807F0F6FA03A91D
:10676000684607F009FC044603A807F0A3FA0134C1
:10677000E6D0694603A807F04BFB03A906A8FDF77E
:1067800013FFDAE7280300209E500100A850010003
:1067900008B5FFF7A7FDFFF753FBFFF769FBFFF70E
:1067A0000DFFFFF7A3FFFEF771F80A20BDE80840D0
:1067B00008F04EB908B50368002B02DA09480AF060
:1067C0003EFB8B4208D949008B4205D20029B6BF57
:1067D0006FF00043016003600068BDE808400130CD
:1067E0000AF019BB1460010010B50446406828B1D6
:1067F00063781BB940F2AC410AF0FCFA204610BDA8
:1068000008B4F3B507AB044600F10C0553F8042BAC
:106810000193802128460CF055F9D4F89000A8B1D6
:1068200094F89430012B11D90F4907F072F9D4F87C
:106830009060336828465F680CF044F829460246A9
:106840003046B847D4F8900007F072F928466468DB
:106850000CF038F829460246204606F03DFB02B00F
:10686000BDE8F04001B07047645F0100034653F893
:10687000080B984201D00AF0BBBA7047F8B506463B
:10688000456808460F460CF01DF8A842024628BF8E
:106890002A46044622B1394630680BF001FA00B9A5
:1068A000281BF8BD012A30B404D191F900300370DF
:1068B00030BC7047002AFBD030BC0BF000BAFFFFA1
:1068C00000F1080373B5044603600D46D1B10846D4
:1068D0000BF0F8FF0F280646019006D9002101A809
:1068E000FFF768FF019B2060A360324629462068BD
:1068F000FFF7D8FF019B2268636000212046D15436
:1069000002B070BD01480AF097FA00BF2C60010088
:106910002DE9F347DDF82880164642689A46A8EB31
:106920000603571A13440268019300F108039A42C0
:106930000D46044614BF81680F2101A8FFF73AFFF6
:10694000BF1B81461DB12A462168FFF7ABFFBAF194
:10695000000F08D0B8F1000F05D04246514609EBB0
:106960000500FFF79FFF47B121682E4405EB0800A3
:106970003A4631444844FFF795FF2046FFF776FF3B
:10698000019BC4F80090A36002B0BDE8F087F7B5A2
:106990000268466800F108039A4218BF836806F14E
:1069A000010508BF0F239D4204460F4606D9012367
:1069B000009300231A463146FFF7AAFF23689F552C
:1069C0002368656000225A5503B0F0BD012A30B437
:1069D00004D191F90030037030BC7047002AFBD01D
:1069E00030BC0BF077B9FFFF2DE9F74F8146144615
:1069F00040680C9E02F10042013A121A96429846F3
:106A000002D937480AF01BFA4A46A6EB040B52F8A3
:106A1000083B934218BFD9F808200BEB000A08BFC7
:106A20000F22524552D35F189845A0EB0101A1EB0C
:106A3000040522D3034498451FD876BB95B1B442D0
:106A400010D02A463919B819FFF7C0FFB44209D24D
:106A50003C4408EB06039C4227D332464146384665
:106A6000FFF7B4FFD9F80030C9F804A00022484667
:106A700003F80A2003B0BDE8F08F35B1B44204D06A
:106A80002A463919B819FFF7A1FF002EEAD032467D
:106A900041463846FFF706FFE4E7B4421DD33246CD
:106AA00041463846FFF792FFC8E7444503D83246CF
:106AB00008EB0B01EDE7A4EB0804224641463846FB
:106AC000FFF784FF321BB9193819E3E700964346F4
:106AD00022464846FFF71CFFC4E7002DB8D0B0E7B8
:106AE000FB5F010037B5044608460D460BF0EAFE91
:106AF0002B460090626800212046FFF775FF03B027
:106B000030BDFFFF2DE9F04F8FB00AAB0291064672
:106B1000089398490298002309938DF828309246EB
:106B2000FFF7ACFE031C0490D6F8900018BF0123B9
:106B3000069328B196F8943013B18F4906F0E9FF17
:106B400007F0CAFF4FF000080123DFF854B20590A8
:106B50004746CDF80480CDF80C809946444607930B
:106B600007F0BAFF059BB268C01A904200F21A8182
:106B7000079B5BB17068026812699047079B002809
:106B8000EDD0706803685B69984745B2D6F890000D
:106B900038B196F8943023B10A2D24D1774906F004
:106BA000B8FFD6F8900060B196F89430022B08D95F
:106BB000734906F0AEFF0A222146D6F8900007F08E
:106BC0001DF8631E072B29D8DFE813F03A005C009C
:106BD0007E008A008D00B7002B01A200092C00F076
:106BE000E3800123BBE70D2D01D16649D7E7202DB6
:106BF00001D16549D3E71F2D0CDC644906F089FFFC
:106C000029460A22D6F8900007F011F86049D6F814
:106C10009000C4E7294606F080FFC2E72B2D05D17E
:106C2000294608A8FFF7B3FE0124DAE71BF907306D
:106C3000AB4240F09C80DDF8188001370824D0E793
:106C40003A2D294608A801D03D2D3AD1FFF79FFEE5
:106C5000049B8BB1029B099A5B689A4206D15AB198
:106C6000029B089819680BF01BF828B1494908A83D
:106C7000FFF738FF4FF0010846495046FFF732FF53
:106C80000224AEE77C2D0ED1DAF800000AF05DFF99
:106C90000023CAF80430DAF8003003904FF0000205
:106CA0001A7003249DE70D2D00F0B2800A2D00F02C
:106CB000B18096F88C3013B1202D00F0AD802946BC
:106CC0005046FFF764FE8CE729465046FFF75FFE0B
:106CD000019B039A01330193934208BF052480E787
:106CE0000A2D08BF05242C495046FFF7C7FD60B1A7
:106CF0002A495046FFF7C2FD002804BF4FF00109A2
:106D000009244F2D2AD1012798E781460924F8E765
:106D10001BF907207B1C58460793AA4218BF07247B
:106D20000BF0D0FD079B984270D107464FF0000949
:106D3000B8F1000F19D1092436E01BF907207B1C9C
:106D400058460793AA4218BF07240BF0BBFD079BC8
:106D500098425BD107464FF00109E9E7B8F1000F0F
:106D60003FF43CAF092C7FF43CAF4FF00008002407
:106D700037E700BFB55F0100C25F0100C85F0100D7
:106D8000E35F0100CD5F0100D25F0100D75F01002A
:106D90001C59010087600100375D0100355F01006B
:106DA000D95F01004FF00309D6F89000B8B196F80A
:106DB0009430022B13D91E4906F0ABFE0A2221465D
:106DC000D6F8900006F018FF1A49D6F8900006F0A1
:106DD000A0FE0A224946D6F8900006F00FFFD6F82A
:106DE0009000012386F88C3048B196F8943033B186
:106DF000114906F08EFED6F8900006F099FE08A81C
:106E0000FFF734FD48460FB0BDE8F08F1F46E8E6B7
:106E10000424E6E60524E4E6B8F1000F7FF4E1AED1
:106E20009DE6002398464FF002091C4697E600BFF6
:106E3000DE5F0100EB5F0100F15F010030B5044649
:106E4000406803688DB05B68984706AA1D4968468C
:106E5000FFF736FD08AB069306AA002369462046D5
:106E600007938DF82030FFF74DFE0546D4F89000CB
:106E700088B194F89430012B0DD9134906F049FEDE
:106E80000699D4F8900006F063FE7DB90F49D4F856
:106E9000900006F05DFE06A8FFF7E8FC6846FFF7E5
:106EA000E5FCB5FA85F040090DB030BD012DD4F8F0
:106EB000900001D10649ECE7032D0CBF05490649B6
:106EC000E7E700BFB55F0100025F01001C5F010042
:106ED0002A5F01003B5F01004E5F010008B42DE90D
:106EE000F3431646044609AB306853F8042B01936C
:106EF000884604F10C05002171600170802128464C
:106F00000BF0E0FDD4F89000B0B106F011FE24497A
:106F1000D4F8900006F0FDFDD4F890703B68284648
:106F2000D3F804900BF0CEFC294602463846C847F9
:106F3000D4F8900006F0FCFD284667680BF0C2FC10
:106F400029460246384605F0C7FF324641462046EC
:106F5000FFF7D8FD0546D4F8900068B1114906F056
:106F6000D8FD3168D4F8900006F0F2FD65B90E49FD
:106F7000D4F8900006F0ECFDB5FA85F0400902B0B7
:106F8000BDE8F04301B07047012DD4F8900001D165
:106F90000649EFE7032D0CBF05490649EAE700BFA4
:106FA0009F5F0100A95F01001C5F01002A5F0100D3
:106FB0003B5F01004E5F01002DE9F043044640684D
:106FC00091B01646002834D02378002B31D10368C5
:106FD000194DDB69DFF86C90DFF86C80174F98472C
:106FE0000AAA174904A8FFF76BFC60680368DB680E
:106FF00098474FF4FA72AA602378A3B9002E12DDE5
:1070000003AA49460AA8FFF75BFC3B4604AA0AA963
:10701000CDF800800848FFF761FF20700AA8FFF74D
:1070200025FC013EE8E742F2107304A8AB60FFF7CD
:107030001DFC11B0BDE8F083EC0500200B6E0100D3
:10704000876001007C5F01008C5F0100074B0848EE
:1070500058600022012142F210701A705970986035
:1070600083F88C1083F89420704700BFEC05002053
:10707000901300200148FFF7B7BB00BFEC050020CC
:1070800008B50368002B02DA094809F0D8FE8B42E4
:1070900008D949008B4205D20029B6BF6FF00043E2
:1070A000016003600068BDE80840013009F0B3BE2C
:1070B0001460010073B542F21073036000F5F873B9
:1070C0000025C0F8E831012600F50273044680F877
:1070D000E451C0F8EC5180F8F051C0F80032C0F82B
:1070E000045280F8085204230096A822C02100F51B
:1070F000067006F083FB33460096A822C02104F5F3
:107100000C7006F07BFBFF2300951A46194604F528
:10711000127006F073FB204602B070BD70B50B46CE
:1071200000F10802026053F8084BA3420FD11C463D
:1071300001F1180554F8046B42F8046BAC42F9D124
:107140004A6842600B6000234B600B7270BD0460A4
:107150008A688260F4E72DE9F743034646680446EF
:1071600053F8080B98428846174602EB06052CD0C8
:10717000A1688D420DD827B13A4641463044FFF709
:1071800091FB23686560002220465A5503B0BDE894
:10719000F083019501A8FFF773FF81461EB13246C7
:1071A0002168FFF77FFBB8F1000F06D02FB13A46F8
:1071B000414609EB0600FFF775FB2046FFF756FB3B
:1071C000019BC4F80090A360DBE70F2DD3D9019594
:1071D0000F21DFE708B5D1E90012FFF7BCFF08BDBA
:1071E00038B5044608460D460BF06CFB61686FF03D
:1071F00000435B1A8342024602D2044809F01FFE94
:1072000029462046FFF7A7FF38BD00BF6661010091
:1072100008B4F0B50D46114682B0044601F10E00E7
:1072200020F0070000AF07F11C03ADEB000D6E4628
:1072300053F8042B3B603046A84704F108030F289D
:1072400005462360786006D90021381DFFF718FF36
:107250007B682060A3602A4631462068FFF722FB46
:107260007B6822686360002120460837D154BD4600
:10727000BDE8F04001B0704713B5054B00911022F6
:1072800004490446FFF7C4FF204602B010BD00BF0A
:107290007B610100C52A010073B505460E4619B988
:1072A00012B10D4809F0C8FD941B0F2C019406D9AA
:1072B000002101A8FFF7E4FE019B2860AB60224695
:1072C00031462868FFF7EEFA019B2A686B600021BF
:1072D000D15402B070BD00BF2C60010038B500F180
:1072E0000803044603600D4649B108460BF0EAFA6C
:1072F0002A1820462946FFF7CFFF204638BD4FF019
:10730000FF32F6E72DE9F043DFF81093C14CB7B038
:107310000546884606A8C0491E461746FFF7DEFF09
:10732000032248464FF4E131FFF746FE0021404674
:1073300006F0A4FB017830A8FFF79EFF214630A895
:10734000FFF74EFF01460CA8FFF7E8FE30A8FFF755
:107350008DFA0121404606F091FB01782AA8FFF73B
:107360008BFF21462AA8FFF73BFF014630A8FFF715
:10737000D5FE30A90CA8FFF72DFF30A8FFF776FA4D
:107380002AA8FFF773FA0221404606F077FB01783E
:107390002AA8FFF771FF21462AA8FFF721FF01461F
:1073A00030A8FFF7BBFE30A90CA8FFF713FF30A8E9
:1073B000FFF75CFA2AA8FFF759FA0321404606F0C6
:1073C0005DFB017830A8FFF757FF30A90CA8FFF745
:1073D00001FF30A8FFF74AFA0021384606F04EFBBD
:1073E000017830A8FFF748FF214630A8FFF7F8FEE4
:1073F000014612A8FFF792FE30A8FFF737FA0121E5
:10740000384606F03BFB01782AA8FFF735FF2146F6
:107410002AA8FFF7E5FE014630A8FFF77FFE30A956
:1074200012A8FFF7D7FE30A8FFF720FA2AA8FFF727
:107430001DFA0221384606F021FB01782AA8FFF741
:107440001BFF21462AA8FFF7CBFE014630A8FFF715
:1074500065FE30A912A8FFF7BDFE30A8FFF706FAB7
:107460002AA8FFF703FA0321384606F007FB017844
:1074700030A8FFF701FF30A912A8FFF7ABFE30A834
:10748000FFF7F4F90021304606F0F8FA017830A849
:10749000FFF7F2FE214630A8FFF7A2FE014618A82A
:1074A000FFF73CFE30A8FFF7E1F90121304606F076
:1074B000E5FA01782AA8FFF7DFFE21462AA8FFF7A0
:1074C0008FFE014630A8FFF729FE30A918A8FFF764
:1074D00081FE30A8FFF7CAF92AA8FFF7C7F90221F1
:1074E000304606F0CBFA01782AA8FFF7C5FE214600
:1074F0002AA8FFF775FE014630A8FFF70FFE30A956
:1075000018A8FFF767FE30A8FFF7B0F92AA8FFF721
:10751000ADF90321304606F0B1FA017830A8FFF743
:10752000ABFE30A918A8FFF755FE30A8FFF79EF96B
:1075300000213E9806F0A2FA017830A8FFF79CFEE1
:10754000214630A8FFF74CFE01461EA8FFF7E6FDD6
:1075500030A8FFF78BF901213E9806F08FFA0178E9
:107560002AA8FFF789FE21462AA8FFF739FE01461F
:1075700030A8FFF7D3FD30A91EA8FFF72BFE30A8D7
:10758000FFF774F92AA8FFF771F902213E9806F077
:1075900075FA01782AA8FFF76FFE21462AA8FFF79F
:1075A0001FFE014630A8FFF7B9FD30A91EA8FFF75E
:1075B00011FE30A8FFF75AF92AA8FFF757F903215F
:1075C0003E9806F05BFA017830A8FFF755FE30A927
:1075D0001EA8FFF7FFFD30A8FFF748F900213F98EC
:1075E00006F04CFA017830A8FFF746FE214630A895
:1075F000FFF7F6FD014624A8FFF790FD30A8FFF73E
:1076000035F901213F9806F039FA01782AA8FFF7E9
:1076100033FE05E0DE4A010087600100EC05002032
:1076200021462AA8FFF7DCFD014630A8FFF776FDCA
:1076300030A924A8FFF7CEFD30A8FFF717F92AA834
:10764000FFF714F902213F9806F018FA01782AA8EA
:10765000FFF712FE21462AA8FFF7C2FD014630A817
:10766000FFF75CFD30A924A8FFF7B4FD30A8FFF7B1
:10767000FDF82AA8FFF7FAF803213F9806F0FEF973
:10768000017830A8FFF7F8FD30A924A8FFF7A2FD84
:1076900030A8FFF7EBF808F104030FCB05F50774EA
:1076A00084E80F0098F8143085F82C323B1D0FCB7E
:1076B00005F50D7484E80F003B7D85F84432331DD9
:1076C0000FCB05F5137484E80F00337D85F85C3229
:1076D000204930A8FFF702FE0C9B189A0193CDE9D0
:1076E00002321D4B009306AA1C4B30A94846FFF7F7
:1076F000F5FB30A8FFF7BAF8194930A8FFF7EEFDFF
:10770000249B05931E9B0493189B0393129B029347
:107710000C9B0193134B009306AA134B30A94846C8
:10772000FFF7DCFB30A8FFF7A1F824A8FFF79EF8CD
:107730001EA8FFF79BF818A8FFF798F812A8FFF704
:1077400095F80CA8FFF792F806A8FFF78FF837B066
:10775000BDE8F083BE600100DA600100CD60010089
:10776000EB60010006610100F36001002DE9F041CA
:10777000ACB000241F46FF230646884615460094F9
:107780001A46194602A806F039F823462246009404
:10779000214608A806F032F841460EA8FCF7B0FCD6
:1077A000394614A8FCF7ACFC20AC02A91AA8FCF7D7
:1077B000A7FC2946204626ADFCF7A2FC08A92846CE
:1077C000FCF79EFCCDE900451AAB14AA0EA9304681
:1077D000FFF798FD2CB0BDE8F081FFFF70B50322E4
:1077E0008EB005464FF4E1312848FFF7E5FB002451
:1077F000274902A8FFF772FD23462246214600943E
:10780000284605F0FBFF234908A8FFF767FD224B38
:10781000009302AA214B1D4808A9FFF75FFB06460B
:1078200008A8FFF723F8D6B102980AF08EF90128CC
:107830001BD11B4908A8FFF751FD1A4B0093019477
:10784000194B124802AA08A9FFF748FB044608A8EA
:10785000FFF70CF81CB10299284606F0F1F802A8CF
:10786000FFF704F828460EB070BD02980AF06DF9D3
:107870000228F4D10D4908A8FFF730FD0C4B03484E
:1078800002AA08A9FFF72AFBE0E700BFEC050020E9
:107890008760010056600100616001000B6E01000D
:1078A000546101005C610100886001003B610100DE
:1078B0004661010070B590B00C4604A81E491E46F2
:1078C0001546FFF70BFD03224FF4E1311B48FFF78C
:1078D00073FB1B490AA8FFF701FD02230193194B13
:1078E000009304AA184B15480AA9FFF7F7FA0AA84B
:1078F000FEF7BCFF15490AA8FFF7F0FC144B0194F2
:107900000093CDE90256134B0C4804AA0AA9FFF7CD
:10791000E5FA04460AA8FEF7A9FF24B104980AF084
:1079200014F9012806D0092404A8FEF79FFF204679
:1079300010B070BD0724F7E787600100EC05002058
:10794000566001008F600100886001001061010035
:107950002B6101001E6101000123FFF7ABBFFFFF98
:107960000148FFF7A7BB00BF8406002010B5054CF7
:1079700004F50070FEF77AFF04F5F470FEF776FF69
:1079800010BD00BF84060020002070470069013050
:1079900018BF0120704708B503685B6B984780F0FB
:1079A0000100C0B208BD13B502AB026803F8011DA7
:1079B000546819460122A04702B010BD07B50368FC
:1079C00001225B6A0DF10701984701280CBF9DF861
:1079D00007004FF0FF3003B05DF804FB00690B694E
:1079E000C31A58425841704770470020704740F210
:1079F0000C41C06809F0FEB910B51021044609F029
:107A0000F9F9204610BD08B5FFF7F6FF08BD7FB5B0
:107A100003680446164601A81D6A05F051FF324668
:107A200001992046A847044601A806F043F92046DC
:107A300004B070BD036810B504469B689847A368FE
:107A4000013BA3602BB923682046DB68BDE81040EA
:107A5000184710BD00F1080370B5044603600E46D8
:107A6000B1B108460AF02EFF0F28054604D90130AF
:107A700009F0D1F9A5602060012D20680BD196F99D
:107A8000003003702368656000225A55204670BD9F
:107A9000044809F0D1F9002DF4D02A4631460AF005
:107AA0000EF9EFE72C600100036813B962B6BFF36B
:107AB0006F8F704713B5EFF3108300930123019389
:107AC00072B6019B5A1E019233B104686846FFF7F3
:107AD000EBFF204602B010BD6846FFF7E5FFF8E770
:107AE00013B50446EFF3108300930123019372B69C
:107AF000019B5A1E0192684633B1FFF7D5FF601C07
:107B0000C0F3090002B010BDFFF7CEFFFAE7FFFF98
:107B10000023C0E905334FF47A72C0E90132C36132
:107B20000B6903618B698361CB69044A02601BB1F5
:107B30005A6801325A60C361704700BF1863010080
:107B400010B50446006828B14368013B43600BB997
:107B5000FFF770FF204610BD10B5044B044640F8F7
:107B60001C3BFFF7EDFF204610BD00BF186301006E
:107B700030B50369002B8FB0044607DB0368DB6A6E
:107B8000984718B9236820469B6A984723690133B0
:107B900021D1124902A8FFF75DFF03224FF4E13122
:107BA0000F48FFF709FA0F4908A8FFF753FF0E4BDC
:107BB000009302AA0D4B0A4808A9FFF78FF9054662
:107BC00008A8FEF753FE1DB1029809F0BEFF206120
:107BD00002A8FEF74BFE0FB030BD00BF876001006A
:107BE000EC050020F1620100FF6201000B6E010054
:107BF00070B5044692B00D461646FFF7B9FF2369EB
:107C0000002B25DB1E4906A8FFF724FF03224FF4B3
:107C1000E1311C48FFF7D0F96369DBB11A490CA8C0
:107C2000FFF718FF63690295CDE9036323690193A8
:107C3000164B009306AA164B12480CA9FFF74EF9F3
:107C400004460CA8FEF712FE06A8A4B9FEF70EFE25
:107C5000002013E00F490CA8FFF7FCFECDE9025607
:107C6000236901930C4B009306AA0C4B05480CA901
:107C7000FFF734F9E4E7FEF7F9FD012012B070BD1B
:107C800087600100EC0500203062010050620100B5
:107C900040620100626201008362010076620100BD
:107CA00070B50369002B90B005460E4614462ADBDA
:107CB000164904A8FFF7CEFE03224FF4E131144821
:107CC000FFF77AF913490AA8FFF7C4FE02942B695B
:107CD0000193114B009304AA104B0D480AA9FEF71B
:107CE0008FFD0AA8FEF7C2FD224631460848FFF77D
:107CF000A5F8054604A825B1FEF7B8FD204610B04A
:107D000070BDFEF7B3FD0024F8E700BF87600100F7
:107D1000EC0500200A6201002162010017620100E7
:107D200030B50369002B8FB0054635DB84695CB143
:107D300004F58160FFF7BEFE002808DDA86900F5A4
:107D40008160FFF7B7FE044620460FB030BD1549ED
:107D500002A8FFF77FFE03224FF4E1311248FFF73C
:107D60002BF9124908A8FFF775FE2B690193104BF8
:107D7000009302AA0F4B0C4808A9FFF7AFF804467E
:107D800008A8FEF773FD4CB1029809F0DEFE041E50
:107D900004DA02A8FEF76AFD0024D5E702A8FEF780
:107DA00065FDD1E787600100EC050020B1620100AC
:107DB000BD620100886001002DE9F04F0369002BCE
:107DC00093B00746C0F287808369002B00F0838060
:107DD000424906A8FFF73EFEBA69EFF310830C9301
:107DE00001230D9372B60D9B591E0D911BB1D2F854
:107DF0000854C5F580653A4E0CA8FFF755FE0024DF
:107E0000032230464FF4E131FFF7D6F8013D86F802
:107E10008C4034490CA8FFF71DFE02953B69019385
:107E2000314B00933046314B06AA0CA9FFF756F8A8
:107E300006460CA8FEF71AFD002E41D0079B002B2A
:107E400047D04FF00109CA46AC4239D2079B9C4249
:107E500036D2069BBE6913F804B0EFF31083CDE968
:107E6000043972B6059B5A1E059223B3EFF31083B3
:107E7000CDE90C3A72B60D9B5A1E0D923BB1D6F865
:107E80000834A3F58063D3F1000848EB03080CA87D
:107E9000FFF70AFEB8F1000FE4D1D6F8000406F8A7
:107EA00000B0FFF71DFED6F80834C6F80004013311
:107EB000C6F80834D6E704A8FFF7F6FD0134C3E797
:107EC0004FF0FF3406A8FEF7D1FC204613B0BDE802
:107ED000F08F1C46F6E74FF0FF34F6E787600100AD
:107EE000EC050020D6610100E66101001762010087
:107EF00038B5044680690D4650B100F58160FFF742
:107F0000D9FDA84204D22046BDE83840FFF754BF4F
:107F100038BD2DE9F74F07468A4611461646FFF74A
:107F2000E7FF3B69002B33DBBC6994B34FF0010BD7
:107F300056440024D946B2452BD0BBF1000F28D0BF
:107F4000BD69D5F808344BB995F800809B460AF80E
:107F5000018BBBF1000FEED00134ECE7EFF310839F
:107F6000CDE9003972B6019B5A1E019263B1D5F872
:107F7000040415F80080FFF7B3FDD5F80834C5F800
:107F80000404013BC5F808346846FFF78DFDDEE7C1
:107F90000024204603B0BDE8F08F10B5044601214F
:107FA000FFF7A6FF2369002B0ADBA36943B1D3F8CF
:107FB00008241AB1D3F80424985C10BDFF20FCE714
:107FC0004FF0FF30F9E7FFFF10B50369002B8EB0CB
:107FD00004461DDB0F4902A8FFF73CFD03224FF4C6
:107FE000E1310D48FEF7E8FF0C4908A8FFF732FD24
:107FF000236901930A4B009302AA0A4B064808A979
:10800000FEF76CFF08A8FEF731FC02A8FEF72EFC75
:108010000EB010BD87600100EC050020F861010082
:10802000006201008860010010B50369002B8EB06A
:10803000044620DB154902A8FFF70CFD03224FF48C
:10804000E1311348FEF7B8FF124908A8FFF702FD17
:1080500023690193104B009302AA104B0C4808A906
:10806000FEF73CFF08A8FEF701FC4FF0FF33236149
:1080700002A8FEF7FBFBA3690022C3F80024C3F8A3
:108080000424C3F808240EB010BD00BF87600100AF
:10809000EC050020B8610100C661010088600100A4
:1080A00010B503688EB01B6904469847002829DC88
:1080B0002369002B28DB154902A8FFF7CBFC03221C
:1080C0004FF4E1311248FEF777FF124908A8FFF795
:1080D000C1FC23690193104B009302AA0F4B0C487B
:1080E00008A9FEF7FBFE044608A8FEF7BFFB1CB17B
:1080F000029809F02AFDC4B202A8FEF7B7FB204699
:108100000EB010BD0124FAE70024F8E787600100F3
:10811000EC050020CB620100DD62010088600100F7
:1081200030B50C4695B0054602A805F05FFB236903
:10813000002B34DB1E4908A8FFF78CFC03224FF408
:10814000E1311C48FEF738FF1B490EA8FFF782FCFF
:1081500023690193194B009308AA194B15480EA9DE
:10816000FEF7BCFE04460EA8FEF780FBA4B10899FA
:108170002C4602A805F064FC124B44F8043B03AB08
:108180000FCB84E80F009DF81C302B7508A8FEF774
:108190006DFB284615B030BD08A8FEF767FB00232D
:1081A00000931A461946284605F028FBF1E700BF60
:1081B00087600100EC05002099620100A4620100C3
:1081C000886001000067010010B50369002B8EB0C4
:1081D000044626DB144902A8FFF73CFC03224FF4B7
:1081E000E1311248FEF7E8FE114908A8FFF732FC1A
:1081F000236901930F4B009302AA0F4B0B4808A968
:10820000FEF76CFE044608A8FEF730FB1CB102988E
:1082100009F09BFC84B202A8FEF728FB20460EB0B2
:1082200010BD0024FAE700BF87600100EC050020C4
:108230009C610100A96101008860010013B5002361
:108240000446D1E90002C1E900332368206002A896
:108250000093636840F8043D6260FFF771FC2046BC
:1082600002B010BD73B54FF47A730025C0E9015315
:10827000174B03604FF0FF33C0E904350446C0E9F3
:10828000065540F20C4008F0C6FD4FF480620646E9
:10829000294609F038FD1020C6F80054C6F80454E9
:1082A000C6F80854CDE9006508F0B5FD0123C0E922
:1082B0000133084B0360C6600190694604F1180061
:1082C000FFF7BCFF01A8FFF73BFC204602B070BDE2
:1082D000186301008861010073B54FF47A730025BB
:1082E000C0E90153164B03600446C0E90415C0E918
:1082F000065540F20C4008F08EFD4FF480620646B1
:10830000294609F000FD1020C6F80054C6F80454B0
:10831000C6F80854CDE9006508F07DFD0123C0E9E9
:108320000133084B0360C6600190694604F11800F0
:10833000FFF784FF01A8FFF703FC204602B070BDE1
:108340001863010088610100704708B503685B6924
:10835000984780F00100C0B208BD13B502AB0268B7
:1083600003F8011D546819460122A04702B010BD50
:1083700080688B68C31A58425841704710B5002373
:108380004360064B03604FF0FF330446C0E90231FF
:108390001030FFF767FF204610BD00BFC863010023
:1083A0002DE9F0418B68013392B007460C4663D04B
:1083B0000AAA334904A8FEF783FA03224FF4E131F5
:1083C0003048FEF7F9FD03AA2F490AA8FEF778FA0C
:1083D000A36801932D4B009304AA2D4B29480AA9A9
:1083E000FEF77CFD05460AA8FEF740FA002D40D0B6
:1083F000049809F0AAFB236A8342014604F110089D
:108400000AD141463846FFF783FB04A8FEF72EFA4F
:10841000384612B0BDE8F0810AA8FFF75DFF0B9B5C
:1084200063610C9BA3610D9BE361119E0E9BE56A4A
:1084300023620F9B6362AE42109BA36215D016B1FC
:108440007368013373607DB16B68013B6B605BB92E
:108450002B6828469B689847AB68013BAB601BB90B
:108460002B682846DB689847E6620AA8FFF774FB8A
:10847000C7E704A8FEF7FAF93846FFF7F3FEC7E7A7
:1084800087600100EC05002098630100AA630100E9
:108490008860010030B58368013391B004460D4611
:1084A00024D10AAA124904A8FEF70AFA03224FF4BB
:1084B000E1311048FEF780FD03AA0F490AA8FEF734
:1084C000FFF90E4B0195009304AA0D4B09480AA928
:1084D000FEF704FD05460AA8FEF7C8F91DB1049889
:1084E00009F033FBA06004A8FEF7C0F911B030BD5D
:1084F00087600100EC0500205C6301006A630100F5
:1085000088600100C168FFF7C5BFFFFF70B58368D1
:10851000002B92B005460E4614462CDB0CAA1749D8
:1085200006A8FEF7CDF903224FF4E1311448FEF717
:1085300043FD05AA13490CA8FEF7C2F90294AB68E3
:108540000193114B009306AA104B0D480CA9FEF79E
:1085500057F90CA8FEF78AF9224631460848FEF77B
:108560006DFC054606A825B1FEF780F9204612B03D
:1085700070BDFEF77BF90024F8E700BF87600100BB
:10858000EC0500207A630100886301001762010096
:1085900008B506F043FA002008BD27207047704751
:1085A00037B5FFF7FCFF01210D2006F031F900215E
:1085B0000D2006F045F968460722032108F0A8FBC4
:1085C000BDF800301C4CC3F3841301256846072214
:1085D0000521E55408F09CFBBDF80030C3F384137B
:1085E000684607220621E55408F092FBBDF80030EA
:1085F000C3F38413684607220921E55408F088FB79
:10860000BDF80030C3F38413684607220A21E554FD
:1086100008F07EFBBDF80030C3F3841307220B2162
:108620006846E55408F074FBBDF80030C3F38413CA
:10863000E55403B030BD00BFC20900200B7930B44F
:10864000DB01114C114DDBB2A3714B788A781B0111
:10865000120302F44052DBB213430A788446A85C4A
:10866000CA78120202F4407200F00300134303437D
:1086700063804B79064ADB01DBB22372002030BCF9
:10868000CCF80020704700BF004204401C66010087
:1086900054445700024B0020FF2218701A70704794
:1086A0000042044030B5836A85B004468C4601AD73
:1086B000ABB193E8070085E807006268117883F89A
:1086C00004C0E26A9A6019601846626A9047A36A19
:1086D0001BB195E8070083E8070005B030BD2B46C5
:1086E000EBE700BF10B4EFF30383103B5BB203F181
:1086F000C001204A204C52F821006FF3104042F88C
:10870000210054F82330D3E906218A421BD018698E
:1087100040B393F820400F2C0BD99968496840F872
:108720002210D96901328A429A610CD05DF8044B5B
:108730007047072C19D8996809798154D969013291
:108740008A429A61F2D15B680C4993F903305DF873
:10875000044B5809012203F01F0302FA03F341F806
:108760002030704798684068DCE79C68A48820F84F
:108770001240D7E7006000403009002000E100E02F
:10878000F0B5EFF30383103B5BB203F1C0022F4956
:108790002F4C51F822006FF3104041F8220054F89A
:1087A00023305868026A002A30D092F801C0DC6990
:1087B0005A69BCF1010F17D094420FD0D96841B368
:1087C00093F820000F280AD80728986895BF895C7D
:1087D00031F812100171818001325A61F0BD986840
:1087E00051F822104160F7E704F1FF3E724513D0C3
:1087F00001690029E0D090F9031016484D0901F0F5
:108800001F010CFA01F140F82510D5E75A69DC691F
:10881000D2E798684160DFE790F903E00EF1C00607
:108820004FEA5E10800051F8267000F1604000F5BC
:1088300061400EF01F0E0CFA0EF56FF3104741F871
:108840002670C0F880510560B6E700BF00600040A8
:108850003009002000E100E010B4EFF30383103B87
:108860005BB2324A324C03F1C00152F821006FF37F
:10887000104042F8210054F823008268D278920711
:1088800006D54268527A012A02D05DF8044B70473F
:108890005909284C0122203103F01F0302FA03F387
:1088A00044F82130BFF34F8FBFF36F8F436893F9C4
:1088B0000230002B2FDB5909203103F01F0302FA8D
:1088C00003F344F82130BFF34F8FBFF36F8FD0E92C
:1088D0000114237891F902106FF386130029237095
:1088E00014DB01F1C00C114C4B099B0001F01F017E
:1088F0008A4003F1604354F82C1003F561436FF391
:10890000104144F82C10C3F880211A605DF8044B24
:108910000121FFF7C7BE82685DF8044B13786FF33F
:10892000861313700121FFF7BDBE00BF0060004039
:108930003009002000E100E070B5EFF30384103C43
:10894000314B64B253F82460736893F90230002B02
:1089500042DB5A092D492032012003F01F0300FA9F
:1089600003F341F82230BFF34F8FBFF36F8FD6E987
:10897000012392F902101A7800296FF386121A70F7
:1089800015DB01F1C00C224D4A09920001F01F01D4
:1089900000FA01F102F1604255F82C0002F5614243
:1089A0006FF3104045F82C00C2F880111160DA789E
:1089B0000021D5B21207D97021D4EB0712D405F0EB
:1089C0001405142D16D0124BC03453F824206FF325
:1089D000104243F8242070BDB3681A786FF38612F2
:1089E0001A70E4E70421304605F01405FFF75AFE3B
:1089F000142DE8D108213046FFF754FEE3E70521A6
:108A00003046FFF74FFED8E73009002000E100E0D4
:108A100000600040036A70B50446987800F07B005F
:108A200098700D46217841B32261E269E5601069D2
:108A3000002841D0226982B1A378816800688E68DD
:108A4000E16803F00303013B22FA03F300222261F1
:108A50009BB2B04780B9236A21789A7842F08002AD
:108A60009A7039BB94F802C00CF0030CBCF1020FF1
:108A70001AD02A78DA70002070BD94F802C0E0693C
:108A80000CF0030E0069A2EB0E02226105EB0E0250
:108A9000E2600028CED19A780CF0030C42F08002FC
:108AA000BCF1020F9A70E4D12A8842F47E42002081
:108AB000DA8170BD002070BD9A7842F080029A7011
:108AC00070BD00BF036A91F801C09A7800B502F04A
:108AD0007B0E02F00B029A700022C26088785870F8
:108AE00010461A786CF301021A70CA789A7493F8D7
:108AF00007C00A780CF0A30102F05C020A43DA71A5
:108B000083F802E05DF804FB10B5D0E907210023EB
:108B100043608B7092F905202F49044650090123C8
:108B2000203002F01F0203FA02F241F82020BFF3C6
:108B30004F8FBFF36F8FE26992F90B2050092030FD
:108B400002F01F0203FA02F241F82020BFF34F8F18
:108B5000BFF36F8FE26992F907205009203002F0CD
:108B60001F0203FA02F241F82020BFF34F8FBFF338
:108B70006F8FE26992F90920500902F01F029340B9
:108B800000F1200241F82230BFF34F8FBFF36F8F07
:108B9000E369DA6822B1936810681B6A9847E36951
:108BA0001B691BB19A681868136A9847EFF3108124
:108BB000012383F31088E369084A1C78D2F8000186
:108BC0004FF00043E3400343C2F80031D2F80031D4
:108BD00081F31088002010BD00E100E0006F044028
:108BE000F0B5846A85B005460F4694466E46B4B12A
:108BF00094E80F0086E80F00EB691B7884F804C046
:108C00002360EB6A2046C4E902736B6A9847AC6A3A
:108C10001CB196E80F0084E80F0005B0F0BD3446A3
:108C2000EAE700BF8C46516830B4029C0D6880B9F9
:108C30001C609CF8010038B9E8784FF0010C0B3447
:108C40006CF30510E8701C60936810681B6830BCFA
:108C5000184704F10C001860EBE700BF2DE9F0475E
:108C60000D4609780323CB4013F0010301F1007294
:108C700018BF1023037002F560528378520101215E
:108C800061F301030262A9696A6942620022C0E9D4
:108C90000A21C56183706B7882B0044623B983785A
:108CA000022262F30103837095F90B00594B95F88A
:108CB0000AC04209203200F01F06012101FA06F61F
:108CC00043F82260BFF34F8FBFF36F8F524A534E6A
:108CD00000F1C0074FEA0C1C52F827E06FF3104E6A
:108CE00042F827E01F185FFA8CFC87F800C346F8AB
:108CF000204095F9050095F804C04709203700F099
:108D00001F0E01FA0EFE43F827E0BFF34F8FBFF3AB
:108D10006F8F00F1C00703EB000852F827E04FEA1D
:108D20000C1C5FFA8CFC6FF3104E42F827E088F8B9
:108D300000C346F8204095F9070095F806C047099A
:108D4000203700F01F0E01FA0EFE43F827E0BFF3B4
:108D50004F8FBFF36F8F00F1C00703EB000852F88D
:108D600027E04FEA0C1C5FFA8CFC6FF3104E42F8C0
:108D700027E088F800C346F8204095F9090095F8E7
:108D800008C04709203700F01F0E01FA0EF143F822
:108D90002710BFF34F8FBFF36F8F00F1C0074FEA6B
:108DA0000C1152F827C003446FF3104C42F827C04F
:108DB000C9B283F80013EA6846F8204072B15368DC
:108DC0001B684FF4002143F8041B216A0531009110
:108DD000E1692078FFF726FF0646B0B92A69FAB1A3
:108DE00053681B684FF0006143F8081B216A033188
:108DF0000091E1692078FFF715FF064680B1EB6826
:108E00001BB19A681868136A9847304602B0BDE8EB
:108E1000F08700BF00E100E0006000403009002062
:108E2000EFF31080012383F31088984B2E78D3F84A
:108E300000214FF00041F14022EA0102C3F8002175
:108E4000D3F8003180F31088236AE06900229A7019
:108E50001A715A729A72DA725A83297840F207228A
:108E6000CA40D20744BF4022DA7406221A77227819
:108E70007AB1C168013A002900F0FE800126120390
:108E800091B2314341F006029A829A8A92B291429B
:108E9000FBD1EA78A978D20042EA01126978032965
:108EA00000F0D780002914BFF221E221ED69D2B28F
:108EB0001A7099712A7B520002F002025A736A7882
:108EC000A97800261E7295F800C0D201490101F070
:108ED0002001D2B20A43ACF10201012940F2BD8067
:108EE000D2B2DA716A68917859701978567866F357
:108EF00001011970D17899741278D97902F05C0265
:108F000001F0A3010A43DA710027C4E90377C4E939
:108F1000057790F905105E4E01F1C00E4A0956F82A
:108F20002E80920067F3104802F1604246F82E80CE
:108F300002F561424FF0010E01F01F010EFA01F13E
:108F4000C2F88011116090F90B1001F1C0094A09B3
:108F500056F829A0920002F1604202F5614267F3DF
:108F6000104A01F01F0146F829A00EFA01F1C2F8DB
:108F70008011116090F9071001F1C0094A0956F8F3
:108F800029A0920002F1604202F5614201F01F0146
:108F900067F3104A46F829A00EFA01F1C2F88011D1
:108FA000116090F9091001F1C0004A0956F82090AB
:108FB000920002F1604267F3104946F8209002F5F2
:108FC00061420CF0030C01F01F010EFA01F14CF0AC
:108FD000700CC2F88011116083F802C06B89238184
:108FE0004FF6FF7843452DD0EFF310818EF31088B4
:108FF000284A13681BB92848C3704023C3701368FC
:109000000133136081F31088218924480B0A1B0166
:1090100053FA81F150F8213023F0011323F4404337
:1090200043F0040340F82130EFF31081012383F370
:109030001088136813B11368013B13601368B3B150
:1090400081F31088164B63600026304602B0BDE8FD
:10905000F08742F04002F22128E7BCF1020F08BF7E
:1090600042F01002FF21D2B25970DA714CE70A4A7D
:109070008020D370D070E3E7C169097A11400902FA
:1090800001F4706141F00106F9E600BF006F044091
:10909000006000402C090020000D0440000804403E
:1090A000554943532DE9F04F1E46FF23B3703378E3
:1090B0006FF382038BB033708023F370554B0992AA
:1090C000554A1B6A12680191C3F302618A40C3F3D7
:1090D0000233DA40514B07900021100A06920891A2
:1090E000059002910093A2FB03BA099B009A934258
:1090F0006EDA9DF8203003930027494B039ADD5D1B
:10910000C5F34003C5F3800504932B43934256D126
:10911000444B33F81780079B03FB08F8069BB3FB0F
:10912000F8F2541EFF2C4AD802FB08F91DE0059BFB
:10913000B9FBF3F37F2B03FB00F040D90028B8BF45
:10914000FF300012A0F5C330A0380028009AB8BF45
:109150004042824240DC029BF370337843F00403C8
:10916000A9EB0809337054B3013C4A464FEAE9734E
:109170005846514608F02AFB019A002AD7D1A0F59B
:10918000C333A03B002B009AB8BF5B429A4216DD66
:109190000093234BB470DA5D3378C2F3000161F3BE
:1091A0008613049961F3041365F3C3033370737872
:1091B000C2F3C10262F301037370019B0293013792
:1091C0000D2F9AD1089BF3B1009B099A93421DDCA5
:1091D00000200BB0BDE8F08F0293114B049AD95DCB
:1091E00033780090C1F3000060F3861362F3041338
:1091F00065F3C30333707378B470C1F3C10161F3D5
:1092000001037370A7E7012308936EE703200BB0F7
:10921000BDE8F08F00E00140BC090020A0860100FD
:109220002466010034660100F0B5EFF30383103BC0
:109230005BB203F1C001344A344C52F821006FF3A1
:10924000104042F8210054F82300C3691B6913B190
:10925000036913B1F0BD036983B9D0E90824937899
:1092600003F07F03002143F004039370C160002CDE
:10927000F0D0BDE8F0408022FFF7B2BC05785DB3C6
:10928000066AF18AC1F30421A9421ED28478C26819
:109290001F4F04F0030E74460BE092F800C086F8EE
:1092A0000FC001311B1B2244A942C0E903230CD289
:1092B0005BB1BEF1020FF0D1B2F800C04CEA070C6E
:1092C0001FFA8CFCA6F80EC0EBE732796FF3C712D9
:1092D0003271002BBED1C0E7827802F0030102296F
:1092E000C1680BD0046A0D78E57002F003029B1A86
:1092F0000A44C0E90323002BACD1AEE70C88056A11
:1093000044F47E44EC81F0E7006000403009002026
:1093100000FEFFFF10B582B0EFF30383103B5BB29A
:1093200003F1C001574A584C52F821006FF3104026
:1093300042F8210054F82340E369DB6813B1A369C4
:10934000002B49D122894FF6FF739A4275D12278BA
:10935000236AF2B1D98AC80612D01B8AC3F3080364
:109360000193A369FBB9636A2BB1042201992046DA
:10937000FFF736FC22782AB1236AD98AC906E8D1D8
:10938000BE221A7123894FF6FF72934231D102B087
:1093900010BDA17801F003010229DED05B790193B1
:1093A000A369002BDFD0A278606902F0030201A953
:1093B00008F085FCD4E90521A37803F003031A44DF
:1093C000C91AC4E9052129B9636A1BB101222046E3
:1093D000FFF706FC2278CEE7636A0021C4E9051195
:1093E000002BD4D00122204602B0BDE81040FFF788
:1093F000F7BB1A0A1201254952FA83F351F82320C8
:1094000022F0011222F4404242F0040241F82320EB
:10941000EFF31082012383F310881D4B196811B1FB
:109420001968013919601B681BB91A498020CB7073
:10943000C87082F3108802B010BDEFF310810123D1
:1094400083F31088124B1A681AB91248C27040226E
:10945000C2701A6801321A6081F3108822890B49A0
:10946000130A1B0153FA82F251F8223023F0011340
:1094700023F4404343F0050341F82230236A227865
:1094800067E700BF0060004030090020000804408A
:109490002C090020000D044010B5EFF30384103CAC
:1094A0000B4B64B253F82400D0E90821937803F001
:1094B0007B03937019B102220021FFF791FB054B4A
:1094C000C03453F824206FF3104243F8242010BD19
:1094D000300900200060004010B5EFF30384103C19
:1094E000194B64B253F82400037843B9837803F02E
:1094F0000303022B03D0036A5979C9B203E0036A5C
:10950000198AC1F3080193F804C01CF0100F0CF085
:10951000380206D093F81CC01CF0010F08BF42F0BF
:10952000400293F804C00CF0C70C83F804C0436AEF
:109530000BB1FFF755FB054BC03453F824206FF3F4
:10954000104243F8242010BD300900200060004084
:1095500030B5436A85B004468C4601ADABB193E8A3
:10956000070085E807006268117883F804C0A26AE2
:109570009A6019601846226A9047636A1BB195E8A1
:10958000070083E8070005B030BD2B46EBE700BFBE
:1095900010B4EFF30383103B5BB203F1C001144A34
:1095A000144C52F821006FF3104042F8210054F897
:1095B00023305A69D9698A4206D2D3E90240A8B158
:1095C000805CE07001325A618A4202D05DF8044B3F
:1095D00070471A69002AF9D19A685DF8044B9378AC
:1095E00003F07B0343F0040393707047E070E9E7F6
:1095F000006000403009002010B4EFF30383103BFB
:109600005BB203F1C001174A174C52F821006FF307
:10961000104042F8210054F823305A69D9698A422F
:1096200006D2D3E90240D0B1805CE07001325A61C9
:109630009A698A4207D2986819694079541C9C61DA
:109640008854D3E90621914206D19A68937803F0B1
:109650003B0343F0040393705DF8044B7047E070E4
:10966000E4E700BF006000403009002010B5EFF3D0
:109670000384103C0A4B64B2012153F82400826831
:10968000937803F003039370FFF762FFC034054B38
:1096900053F824206FF3104243F8242010BD00BF7C
:1096A000300900200060004010B5EFF30384103C47
:1096B0000C4B64B24FF0840C53F8240083689A7802
:1096C00002F003029A701A7983F804C00421FFF7AC
:1096D0003FFFC034044B53F824206FF3104243F88B
:1096E000242010BD30090020006000400368596943
:1096F000A1B190F82D3070B5044603F0FF0563B9B1
:109700008A68038C96680868A1692A46B047E269AE
:10971000C4E90852012384F8333070BD704700BF9C
:1097200070B5866B82B004460B466D463EB396E834
:10973000030085E80300E26B3371236832605A69E5
:1097400012B194F82D10A1B19B6913B194F82D209A
:1097500052B9636B30469847A36B1BB195E8030081
:1097600083E8030002B070BD9A68186813699847CF
:10977000EFE7936810681B6998472368E4E72E4673
:10978000D9E700BFEFF30383103B5BB2044AC03359
:1097900052F823106FF3104142F82310704700BFB6
:1097A0000060004070B5EFF30383103B5BB2614A89
:1097B000C03352F823106FF3104142F82310EFF337
:1097C0000383103B5C4A5BB252F823402269137B4F
:1097D000C3F30000DB072CD494F82C3094F82A1043
:1097E000994216D094F82D1009B1022B41D0204691
:1097F000FFF77CFF236994F82820DA7094F82B2077
:1098000094F82C30013A013384F82B2084F82C3062
:1098100070BD94F8333003F0FF053BBB236A93BB64
:1098200094F82E3063B352210123D17284F8303082
:1098300070BD94F82D308BB194F8313073B9636AF0
:10984000A1695279CA54D4E9082394F82E10013A38
:109850000133C4E9082379B12269E4E7002001213A
:109860005423206284F82F10D37270BD84F8330023
:1098700070BD5223D37270BD23695422DA7270BD59
:109880005423D37270BD94F82D1041B9616AA06958
:10989000013B405C0131C4E90831D07070BD94F8DF
:1098A000311000292ED0216884F8315048690028F1
:1098B00038D08969002935D0E069022832D98E680C
:1098C000831E0868B668F42191709BB2A26929468C
:1098D000B0472268E3695269916810688E68023B5C
:1098E0009BB22A462946B047E36922690220023B1F
:1098F000C4E90803012184F833100023FF20937288
:10990000D070CBE7636AA1695279CA54D4E90832AE
:10991000013B0132012BC4E90832226904D0FF2047
:10992000D070BBE7012BE8D12023FF209372D070C9
:10993000B4E700BF006000403009002010B582B0DD
:10994000EFF30383103B374A5BB252F823000269FE
:10995000D37A6FF3C303D37290F82F30ABBB90F878
:109960002A1003F0FF0C90F82C3099421BD1036AA7
:109970005BB990F82D1090F83040002914BF0221F7
:109980000321A4B3D372FFF7CBFEEFF30383103BA5
:109990005BB2254AC03352F823106FF3104142F8EE
:1099A000231002B010BDB3B9012929D090F829C005
:1099B0000021D17282F803C090F82B200133013AC4
:1099C00080F82B2080F82C30DFE7F023D3720121C0
:1099D000FFF7A6FED9E790F82D4004F0FF016CB127
:1099E000022BE5D190F829C04CF0010CE0E7F02300
:1099F000D372937803F0CF039370C4E78C46D7E714
:109A00000190FFF773FE019890F82A30012B05D1E1
:109A100090F828C0026990F82C30C9E7026990F8E4
:109A20002C30C3E73009002000600040F0B583B05F
:109A3000EFF30384103C154B64B253F82450EF68E5
:109A4000BFB16A682B6992F90D20121B18BF012261
:109A50006E46C3B193E8030086E803001A706A6992
:109A60005A601846B8472B691BB196E8030083E893
:109A70000300074BC03453F824206FF3104243F81F
:109A8000242003B0F0BD3346E8E700BF30090020D2
:109A900000600040EFF30383103B5BB20649074AC6
:109AA00051F823100120C033087252F823106FF3CD
:109AB000104142F823107047300900200060004038
:109AC0000B0A1B01044853FA81F150F82130C3F30B
:109AD000400300201370704700080440C8B20123FF
:109AE00083404AB91A040B0A5B0103F1804303F572
:109AF000802300209A6070479AB2F4E738B5048852
:109B0000002C4DD043680021043303EBC40040F225
:109B100002450C4640F2034C40F2044E0FE0624511
:109B200030D153F8042C02F0B852B2F1807F14BF48
:109B300041F0020144F002040833834211D01A8834
:109B4000AA42ECD153F8042C02F0B852B2F1807F53
:109B500003F1080314BF41F0010144F00104834202
:109B6000EDD1C943CDB2012001F042FF0D4B93F876
:109B7000BB2414432C4083F8BB440120BDE838408B
:109B800001F006BF7245D7D153F8042C02F0B85249
:109B9000B2F1807F0CBF44F0040441F00401CBE734
:109BA000FF25E0E700E0014070B584B002AB01267C
:109BB00068460C461546ADF80C100292ADF80060F0
:109BC0000193FFF79BFFEFF3108286F310881D4986
:109BD0000B681BB91C48C3704023C3700B6801336A
:109BE0000B6082F31088EA034FEA1423E4B219D41D
:109BF0001B01164A234442F82350EFF3108201233D
:109C000083F310880B6813B10B68013B0B600B6882
:109C10001BB90D498020CB70C87082F310880020DA
:109C200004B070BD04EB0310084A52F820606FF3D3
:109C3000104642F8206025F4803642F820601B016F
:109C4000D7E700BF2C090020000D044000080440A5
:109C500070B5C36A84B004468C46164601AD9BB10C
:109C600093E8070085E8070083F808C0226B1846D0
:109C7000C3E90026A26A9047E36A1BB195E8070092
:109C800083E8070004B070BD2B46EDE7826801232E
:109C900070B580F820300226B323D37180F821609C
:109CA000537904466FF300035371C2690D46FFF701
:109CB000CFFFA368DE705A7942F001025A7194F81E
:109CC0002120012A16D094F8212002B170BD052D63
:109CD000FCD194F82320002AF8D194F821201AB955
:109CE0005A7A02F0F3025A72BF210122D97184F824
:109CF000232070BD042DECD0082DE4D1E9E700BF8E
:109D000030B583B0EFF30383103B5BB2454AC033F9
:109D100052F823106FF3104142F82310EFF303833E
:109D2000103B5BB2404A52F8234094F82230B3B95A
:109D3000A368012284F82220DA7CD2B28DF80520B3
:109D40009DF8052012F0010F5A7A14BF02F0F702B5
:109D500002F0F3025A72AC22DA7103B030BD94F80B
:109D600020304BB9A3681B7A13F0080F204614BFAC
:109D700008210421FFF78AFF2269A2B9A368D97CD0
:109D8000C9B28DF806109DF80610197941F010013E
:109D90001971197941F008011971197962F30411E7
:109DA000197103B030BDA369A1689A4209D0E26875
:109DB000C97C581CA061D154E3690133E36103B04D
:109DC00030BD022584F821504B79E2696FF300031E
:109DD0004B7120460621FFF73BFFA3682169DD7028
:109DE0005A7942F001025A7191B9DA7CD2B28DF8F7
:109DF00007209DF807201A7942F010021A711A798B
:109E000042F008021A711A7961F304121A71A4E778
:109E1000A269E168DB7C501CA0618B54E3690133CB
:109E2000E3619AE7006000403009002038B5EFF3A5
:109E30000383103B5BB2244AC03352F823106FF304
:109E4000104142F82310EFF30383103B5BB21F4A2B
:109E500052F8234094F8203093B194F8213003F065
:109E6000FF0263B9A369216999420ED0E269E068F3
:109E7000A168C05C887401330132C4E9063238BD80
:109E800005212046FFF702FFE7E723680E4993F913
:109E90000E3003F1C000002B51F8205062F3104542
:109EA00041F8205009DB5A09094803F01F0301213A
:109EB000603201FA03F340F82230A268D37943F00C
:109EC0004003D37138BD00BF00600040300900205E
:109ED00000E100E038B5EFF30383103B204A5BB2AA
:109EE00052F82340A1680B795807C3F3800217D5B5
:109EF000CA796FF38612C023CA7101E0013B02D018
:109F0000CA795206FAD4EFF30383103B5BB2154AC9
:109F1000C03352F823106FF3104142F8231038BDBC
:109F2000022584F821504B7962F300034B71E269FA
:109F300007212046FFF78CFEA168CD704B7943F0D6
:109F400001034B7194F82130002BD1D1A369E26950
:109F5000E0680132C05C88740133C4E90632C7E7A7
:109F6000300900200060004010B582B0EFF3038399
:109F7000103B3E4A5BB252F8230083685A7A91073D
:109F80004DD1D1B211F00C0F3CD0012280F8242029
:109F900090F82120012A65D0016982699142C26945
:109FA00088BF02F1FF324FF0030188BFC2614FF05A
:109FB000000EA024DC7180F820E080F822E093F805
:109FC00005C06EF3000C83F805C090F82440002C07
:109FD00043D1DF241C709F241C7000240223C46121
:109FE00080F82130FFF734FEEFF30383103B5BB2C0
:109FF0001F4AC03352F823106FF3104142F8231068
:10A0000002B010BDCA06EFD5DA7CD2B28DF80720B7
:10A010009DF80720DA7902F0EF02DA71E4E7002216
:10A02000A02180F82420D97180F8202080F82220F7
:10A03000597962F30001597190F8241081B9DF2138
:10A040009F2219701A7000210223C26980F8213002
:10A05000C1610121FFF7FCFDC6E783F809E0BCE719
:10A060005A72F0E7C2690221A1E700BF300900205F
:10A070000060004030B5836B83B004460A466D46ED
:10A08000A3B193E8030085E80300E16B1A71626BEA
:10A09000196018469047A36B1BB195E8030083E84D
:10A0A0000300002384F82B3003B030BD2B46ECE7CF
:10A0B000036902682DE9F04F1F241C705F241C7097
:10A0C000DF241C70546A55682279564EDFF860818F
:10A0D00042F0E0021A74E27842F0E0025A74A27888
:10A0E000120102F0700242F008029A70227864783D
:10A0F000012A0CBF0522042242EA4402D2B2DA70DD
:10A10000494A95420CBFF72277225A710027B322A1
:10A110009F71DA7191F9112091F80DC0B4184FEACE
:10A120000C1C5FFA8CFC84F800C302F1C00548F8EF
:10A1300022003E4C4FEA521E54F825904FEA8E0EF4
:10A1400067F310490EF1604E44F825900EF5614E0C
:10A15000012502F01F0205FA02F2CEF88021CEF8A6
:10A16000002091F90F2006EB020E02F1C0098EF8D3
:10A1700000C348F822004FEA521E4FEA8E0E54F8F0
:10A1800029B00EF1604E0EF5614E02F01F0205FA85
:10A1900002F267F3104B44F829B0CEF88021CEF8D4
:10A1A000002091F9102006EB020E02F1C0098EF892
:10A1B00000C348F822004FEA521E54F829B04FEA73
:10A1C0008E0E0EF1604E0EF5614E02F01F0267F327
:10A1D000104B44F829B005FA02F2CEF88021CEF8EF
:10A1E000002091F90E100E444A0986F800C348F881
:10A1F000210001F1C00001F01F018D4054F8201032
:10A20000920002F1604267F3104144F8201002F519
:10A2100061424FF09F0AC2F88051156083F800A098
:10A22000BDE8F08F00E100E040420F000060004018
:10A230003009002010B483B0EFF30383103B5BB20E
:10A24000484AC03352F823106FF3104142F82310EC
:10A25000EFF30383103B444A5BB252F8233093F888
:10A260002D20BAB99A69022A1A699EBF117941F064
:10A2700040011171D969012917D0D27CD2B28DF871
:10A28000072001219DF8072083F82D1003B05DF809
:10A29000044B7047DA69002AF8D0032A0ED0022A4C
:10A2A0004ED0012A21D019690DE0117941F0100139
:10A2B0001171117941F008011171DEE719690A790C
:10A2C00042F040020A711A6A5869C97C8154D3E984
:10A2D00007210131013AC3E90721002AD6D11969C2
:10A2E0000B7962F386130B71D0E793F82A1089B3C8
:10A2F00019681E4C91F90F104809203001F01F0118
:10A3000002FA01F144F82010BFF34F8FBFF36F8FB3
:10A310001969C87940F08000C871087940F01000D0
:10A32000087108794FF0040C6FF3C300087181F8CD
:10A3300001C048796FF30000487183F82C20C2E710
:10A3400019690A7942F010020A710A7942F008028A
:10A350000A71B8E719694A7A082002F0F7024A72CE
:10A360004870B0E7006000403009002000E100E0E4
:10A37000EFF30383103B5BB2354AC03352F823102E
:10A380006FF3104142F82310EFF30383103B5BB2ED
:10A39000304A52F8232092F82730002B37D192F818
:10A3A00029309BBBD36910B4002B42D11069C1790D
:10A3B0006FF3C711C023C17101E0013B02D0C17925
:10A3C000C909FAD11368224A93F9103003F1C00188
:10A3D000002B52F821406FF3104442F8214009DB72
:10A3E0005A091D4C03F01F030121603201FA03F3E7
:10A3F00044F82230C3795DF8044B43F04003C37145
:10A400007047022909D192F8300030B9704792F8AC
:10A410002610032992F82810F3D0106992F824C06E
:10A4200080F812C00131013B82F8281082F82730F1
:10A430007047D2E90404116A013B645C8474013101
:10A44000C2E90731002BB2D05DF8044B704700BF62
:10A45000006000403009002000E100E010B4EFF39C
:10A460000383103B2B4A5BB252F8233093F8292028
:10A470001AB193F82720012A47D0DA69D2B11969B5
:10A48000CA796FF38612C023CA7101E0013B02D082
:10A49000CA795206FAD4EFF30383103B5BB21E4A2B
:10A4A000C03352F823106FF3104142F823105DF8C7
:10A4B000044B704793F82A10F9B11968174C91F9B9
:10A4C0000F10480920304FF0010C01F01F010CFA69
:10A4D00001F144F82010BFF34F8FBFF36F8F19695C
:10A4E000C87940F08000C87104204870487962F350
:10A4F0000000487183F82CC0C2E719694B7A082222
:10A5000003F0F7034B724A70BAE793F83020002A41
:10A51000B3D1B4E7300900200060004000E100E062
:10A5200038B5EFF30383103B4B4A5BB2E02152F89E
:10A53000234023695A7A5972D506D0B202F003013A
:10A540001FD55A78520648D4E269012184F82B10AD
:10A55000002A5ED000252168DD712046FFF7A8FDA6
:10A5600094F82610A2692369E56184F82810226214
:10A5700084F82C50B322DA7101212046FFF77AFDCE
:10A5800012E00029E0D101071BD594F82B20002A06
:10A5900048D194F82910B322002914BF02210321C5
:10A5A000DA712046FFF766FDEFF30383103B5BB2E1
:10A5B0002A4AC03352F823106FF3104142F8231097
:10A5C00038BD94F82C20002AEED04207ECD594F840
:10A5D0002B200121002AE4D1DBE70029B4D15A78ED
:10A5E0005506C2F38011CED584F82B105A7A216813
:10A5F00002F0F702496A5A72082058700A78012A54
:10A600000CBF03220222DA705A7942F001025A7119
:10A61000CAE794F82C20002A9CD194F82B20002A19
:10A62000A8D097E7E2696AB1002294F82600A169F0
:10A63000E26184F82800216284F82C20B322DA71C8
:10A640000121AEE794F82C20002AEDD194F82B20BC
:10A65000002AF3D0E8E700BF300900200060004086
:10A6600010B582B0EFF30384103C164B164964B268
:10A6700053F8242050790B5C03F00303032B0FD015
:10A68000C03451F824306FF3104341F824309368FC
:10A6900023B1D268CDE900206846984702B010BDCA
:10A6A000936823B1D268CDE9002068469847064BED
:10A6B000C03453F824206FF3104243F8242002B032
:10A6C00010BD00BF30090020006000400346D3E900
:10A6D0000223002053607047D0E90123D26930B4CF
:10A6E000D2E9011444F00044D0685C61D2E904541A
:10A6F00040F0004041F000419861196100205D6226
:10A700009C6230BC704700BF002800DA704710B46C
:10A7100000F16043114C03F561430901C9B283F8AC
:10A72000001344F820200E4900F1C00200F01F0C75
:10A73000400951F82240800000F1604000F561407E
:10A740006FF31044012341F8224003FA0CF3C0F8E0
:10A7500080315DF8044B0360704700BF3009002072
:10A760000060004070B5836984B004468C4616468C
:10A7700001AD9BB193E8070085E8070083F804C0AA
:10A78000E2691A609E60184662699047A3691BB12E
:10A7900095E8070083E8070004B070BD2B46EDE79D
:10A7A00090F800C0486EBCF1030F98BF01300AB1A9
:10A7B000824227D310B4019C496BE40754BF01F0D7
:10A7C0001F01C1F30441BCF1030F09D9090981F04C
:10A7D000010172B9E9B902225DF8044B5A60704771
:10A7E00001F00C01A1F10401B1FA81F14909002A3B
:10A7F000F0D0824201D30029EDD103225DF8044B51
:10A800005A607047BCF1030F98BF02F1FF321A6023
:10A8100070470028DFD0F0E72DE9F0470B7C0D46AC
:10A82000012101FA03F2C260920716BF00220174EF
:10A830000274D5E9052103F5800303F5F0631B02DB
:10A8400042610022EE694560C0E9062184B00446F9
:10A850008360EFF31080012383F31088854B297CFC
:10A860000229D3F8081134BF6FF020076FF04007BA
:10A870003940C3F80811D3F8083180F31088A36871
:10A880006F684FF425411960DA62DA639A642A78B6
:10A89000297A032A4FEAC15107F1FF3C00F0D58025
:10A8A00084BF41EA0241BC46D6E9068ED9624FF028
:10A8B000004119610020596199614FF0FF315862E0
:10A8C000039098620291C3F81C80C3F820E0D6F888
:10A8D0002C80C3F868C0C3F864C0002A40F0A08090
:10A8E000790801390291404601224FF0030C596565
:10A8F000996500285DD095F800E0B76A002F71D007
:10A90000B97897F80390090641EA097197F804901D
:10A9100041EA09419963B968C3F88C10002965D0F0
:10A92000012148B997F81C9097F81BA04FEA496994
:10A9300049EA4A2948EA0908C3F8881040B996F854
:10A94000211096F82000490741EA403148EA010801
:10A950004FF4AA01BEF1010F196402D10021D9649C
:10A960001965E168D960C3F83480C3F830C01A6350
:10A97000697C95F912002246FFF7C6FE96F8221070
:10A9800096F924002246FFF7BFFE96F8231096F9A9
:10A9900025002246FFF7B8FE2FB1397897F901005C
:10A9A0002246FFF7B1FE344B2360002004B0BDE81F
:10A9B000F0873178F9B995F800E0B17800299CD09A
:10A9C000F778BEF1020F4FEA071141EA87113FD035
:10A9D0004BD903273943B76A48EA014848F08078E1
:10A9E000002F8DD19F63C3F88870A7E7F9680039FD
:10A9F00018BF012195E795F800E07178BEF1020FCC
:10AA00004FEA81194FEA011724D029D9032148EAD6
:10AA1000010848EA090848EA070848F48078CCE7C2
:10AA2000012A19D000901946EA68606802ABFFF766
:10AA3000B7FEDDE90210020442EA006242F0030CB4
:10AA4000A368F06A42F0010251E741F480312BE73C
:10AA50000927BFE70921DAE740464FF0030C46E734
:10AA6000002914BF09210621D1E7002F14BF0927AF
:10AA70000627AFE7006F04405450470030B44368E6
:10AA800093F91220DB69002A11DB51092E4D02F0E7
:10AA90001F0C2031012404FA0CF445F82140BFF3C7
:10AAA0004F8FBFF36F8F2949002441F8224093F95B
:10AAB0002420002A11DB5109234D02F01F0C203104
:10AAC000012404FA0CF445F82140BFF34F8FBFF383
:10AAD0006F8F1E49002441F8224093F92520002A57
:10AAE00011DB5109184D02F01F0C2031012404FA2A
:10AAF0000CF445F82140BFF34F8FBFF36F8F13491C
:10AB0000002441F822409B6AA3B193F90130002B45
:10AB100010DB03F01F045A090121A14020320A4C26
:10AB200044F82210BFF34F8FBFF36F8F074A002105
:10AB300042F823108268C1680023036030BC1846C5
:10AB400091605363704700BF00E100E030090020CE
:10AB500030B4EFF30383103B5BB2184A184C03F197
:10AB6000C00152F821006FF3104042F8210054F860
:10AB70002300446894F800C0BCF1010F15D1D0E95E
:10AB80000254AC600024AC64EC642C6552F8215093
:10AB900064F3104542F821505A090A4903F01F0393
:10ABA00060320CFA03F341F82230436923B10022EA
:10ABB00030BC1146FFF7D6BD30BC70470060004086
:10ABC0003009002000E100E01E4B10B4C3600B7898
:10ABD00003F001034370EFF3108C012484F3108819
:10ABE000194BD3F8082122F48012C3F80821D3F8B6
:10ABF00008318CF31088EFF3108C84F310884278BE
:10AC0000D2B9C468237962F3861323718CF3108858
:10AC10004A684B78D278C468D201DB01D2B2DBB289
:10AC20006271A3710123E3710A780270074B4360DC
:10AC30005DF8044B00207047C26813796FF3C713A7
:10AC40001371E3E700E00540006F04400043414416
:10AC5000C3684278002023F812107047EFF3108386
:10AC6000012282F310884278C1683AB90A7942F029
:10AC700040020A7183F31088002070470A7942F07D
:10AC800080020A7183F3108800207047EFF310816F
:10AC9000012383F31088427842B9C068037962F3D4
:10ACA0008613037181F3108800207047C2681379FE
:10ACB0006FF3C713137181F310880020704700BF32
:10ACC000EFF3108C012383F31088437873B9C268C3
:10ACD000117963F386111171117A63F38611117280
:10ACE0008CF310880023436018467047C3681A79B4
:10ACF0006FF3C7121A711A7A6FF3C7121A72EFE75D
:10AD0000F0B5076A8BB0064667B3BE468C46BEE810
:10AD10000F006C460FC4BEE80F000FC49EE803008E
:10AD200084E80300BCE80F003D460FC5BCE80F00F7
:10AD30000FC59CE803008EE80300F3693846984786
:10AD4000336A6BB1EE469C46BEE80F00ACE80F00DC
:10AD5000BEE80F00ACE80F009EE803008CE803009B
:10AD60000BB0F0BD0F46E8E730B58BB0EFF30383CF
:10AD7000103B5BB22E4AC03352F823106FF31041E0
:10AD800042F82310EFF30383103B5BB2294A52F8D9
:10AD9000235000212822684606F0B5FF6C6894F81D
:10ADA0004D380020DBB284F84D08ADF80430B4F81B
:10ADB0004218C1F30012C90638D543F02003ADF89C
:10ADC0000430022394F8532884F8533894F8523806
:10ADD00003F01F03D2B2E11884F8532891F8202819
:10ADE00060F3820281F820282A681268009269467E
:10ADF0006A6A039328460492FFF782FFB4F8423848
:10AE0000DB0611D52B681A69127D6AB193F91530EA
:10AE1000002B09DB5A09084803F01F0301214032C7
:10AE200001FA03F340F822300BB030BD1346DBE7E4
:10AE3000006000403009002000E100E02DE9F04111
:10AE40008AB0EFF30383103B5BB23F4AC03352F842
:10AE500023106FF3104142F82310EFF30384103CEA
:10AE60003A4B66B2002253F82600D0E900E595F887
:10AE7000533885F8532895F8527807F01F07DBB24E
:10AE800007F1200285F85338130104F0FF0455F848
:10AE900003C0CCF380718DF81910E958DEF810303A
:10AEA0001B7B43EAD17303F001038DF81830002BAC
:10AEB00046D1CCF38A4305EB021205939188C1F386
:10AEC000030301F00F0108298DF81A3035D9082144
:10AED0008DF81A1008AA002305EB071808EB030CDD
:10AEE00001339CF806C202F801CB8B42F6D3DEF8A0
:10AEF000003003972F440093442387F82038002321
:10AF000007934FF48063ADF804306946436A0493B5
:10AF1000FFF7F6FEB5F84238DB070BD5002E09DB4C
:10AF200076090B4A04F01F040123403603FA04F4A7
:10AF300042F826400AB0BDE8F0810029CAD1D6E720
:10AF40002CF06043B7E700BF0060004030090020EC
:10AF500000E100E070B58AB0EFF30383103B5BB211
:10AF6000214AC03352F823106FF3104142F82310E6
:10AF7000EFF30383103B1D4A5BB2012652F82350C6
:10AF80006C6894F8532884F8536894F85238D2B215
:10AF900003F01F0384F853280393E2184FF400636F
:10AFA000ADF804302B681B6800936B6A0493002390
:10AFB00082F82038694682F820382846FFF7A0FE3C
:10AFC000B4F842389B070CD52B6893F91730002B47
:10AFD00007DB5A09064903F01F0340329E4041F83F
:10AFE00022600AB070BD00BF006000403009002040
:10AFF00000E100E08268117A01F00101137AC3F3E5
:10B0000040039942FAD143681978012908D1C168EF
:10B0100093F810C004484B1E9BB240F82C101380CC
:10B02000F123137200207047E4080020D0E90223C6
:10B03000013BF1219BB2138000201172704700BFC9
:10B040008268117A01F00101137AC3F34003994237
:10B05000FAD143684FF0F40C002182F808C0117354
:10B0600093F9123013F1210F03D100230360184626
:10B0700070478B421ADB5A0910B401210F4C203261
:10B0800003F01F0301FA03F344F82230BFF34F8F9C
:10B09000BFF36F8F43680A4A93F912305DF8044B8F
:10B0A00042F823000023036018467047044A42F820
:10B0B0002300002303601846704700BF00E100E052
:10B0C00030090020F0B40B7C03F1401303F500635A
:10B0D0001B02C0E90113EFF31085012383F31088ED
:10B0E0000C7C394AC4F10304A340D2F8084124EA95
:10B0F0000303C2F80831D2F8083185F3108882685A
:10B1000000231372137AC3F3400C9B07FAD4CC6963
:10B1100082F80AC0E37826780D7A247903F00703D1
:10B12000002E42D1002D47D114734C684768002689
:10B1300096735372631E95729BB2C4603D7C1380FC
:10B14000224B43F8254091F91230B34222DB4A7C6E
:10B1500003F1604404F561441201D2B284F8002383
:10B160001B4A1C4C42F8230003F1C0055A0954F84D
:10B170002570920002F1604266F3104744F8257092
:10B1800002F5614203F01F03012404FA03F3C2F83D
:10B1900080311360D1E9054100230F4A0461C0E901
:10B1A00005310260F0BC18467047502E06BF43F0D0
:10B1B000500365463343B7E785F0020543EA0513BC
:10B1C000DBB23546B0E700BF006F0440E408002062
:10B1D000300900200060004054474100F0B585B0C0
:10B1E000EFF30383103B5BB203F1C0011B4A1C4C1D
:10B1F00052F821006FF3104042F8210054F8234028
:10B20000D4E901120978137A0129DBB204D1F421BF
:10B2100003F0F003117213722769B7B1656901AECB
:10B22000CDB195E8070086E807009B0644BF0023E0
:10B230002B71A3692B602846B84763691BB196E858
:10B24000070083E80700A268137ADBB203F00F035C
:10B25000137205B0F0BD3546E7E700BF006000405F
:10B2600030090020034600201A689B8A138070472B
:10B2700003681B88C3F3C03300200B70704700BF06
:10B2800003681031002033F811301380704700BF7D
:10B2900043682DE9F041D1E901250C685E69036836
:10B2A0001FFA84F8A3F804801FFA82F8A3F8148028
:10B2B00022F0405C1FFA85F824F0405E25F04057EC
:10B2C0002243A3F808804FEA1C4C3F0C4FEA1E486B
:10B2D00012F0405FA3F80680A3F816C05F8159D131
:10B2E000CA68002A00F0988015892F0522D5D2E976
:10B2F00000C7B2F80A80A3F89050A3F89C80B2F877
:10B300000C80A3F89E801FFA8CF8A3F89480CCF3ED
:10B310000B484FEA1C7CA3F8968083F892C01FFA72
:10B3200087FCA3F898C0C7F30B4C3F0FA3F89AC053
:10B3300083F89370AF051FD40A8AA3F89050A3F83E
:10B340008020F27892B11A88BEFA8EF11FFA82FE3E
:10B350002EF01F0E0EF11F0E828AAEEB010E1FFAA9
:10B360008EFE4EEA0202A3F800E082822B4BC0E977
:10B3700003340020BDE8F081977C92F813C047EABF
:10B380000C0783F8A670D789128AA3F8A870A3F8CF
:10B39000AA20D1E7224FD7F82080224F3F68C8F378
:10B3A000026C07FA0CFCC8F302181F4F2CFA08FCB9
:10B3B000A7FB0C7C4FEA9C1C1C4F41F2883808FB11
:10B3C0000CFCA7FB0C7C4FEA9C4C0CF1010CBCF173
:10B3D000070F38BF4FF0070C12F080570AD05FFA02
:10B3E0008CF715F0805F83F8DE7040F2011708BF1C
:10B3F0004FF48077920009D55FFA8CFC47F4007710
:10B40000AA0083F8DFC048BF47F00207CA68BFB28E
:10B410005F82002A7FF468AF15468DE743444152AE
:10B4200000E00140BC090020D34D621083DE1B43C5
:10B430002DE9F8430B880C465B0222696669C968EE
:10B44000026203F1804303F5B823002203608161A7
:10B450004460C261317962790546A0788F074FEA6E
:10B460000223F17843EA403354BF43F0400343F4EE
:10B470008863002900F0DF8043F42073022A08BFAC
:10B48000764A9BB208BF32F821C0AB8218BF4FF09A
:10B49000000C2279E178707896F800E0D20342EA55
:10B4A000410242EA4010EFF31088012181F3108835
:10B4B0006B4F2288D7F80891C2F1100201FA02F20C
:10B4C00029EA0202C7F80821D7F8082188F3108872
:10B4D00047F6FF572A6880B23B401380A2F810C09D
:10B4E000D08182F80CE03379980700F1AD8082F8C2
:10B4F0008A3094F90630002B22DB227A03F1604176
:10B5000001F561411201D2B281F80023554A564932
:10B5100042F8235003F1C0005A0951F820709200FC
:10B5200002F160426FF3104741F8207002F561426A
:10B5300003F01F03012101FA03F3C2F88031136005
:10B5400094F90730002B22DB627A03F1604101F5A8
:10B5500061411201D2B281F80023424A424942F8C5
:10B56000235003F1C0005A0951F82040920002F123
:10B5700060426FF3104441F8204002F5614203F04D
:10B580001F03012101FA03F3C2F88031136096F919
:10B590000630002B22DB327A03F1604101F5614174
:10B5A0001201D2B281F800232E4A2F4942F82350CB
:10B5B00003F1C0005A0951F82040920002F16042A4
:10B5C0006FF3104441F8204002F5614203F01F037D
:10B5D000012101FA03F3C2F88031136096F90730B4
:10B5E000002B22DB727A1F4803F1604101F56141B3
:10B5F0001201D2B281F8002340F8235003F1C001B8
:10B60000194A52F821006FF3104042F821005A09FC
:10B61000920002F1604202F5614203F01F03012132
:10B6200001FA03F3C2F880311360104BAB600020C5
:10B630002861BDE8F883002A7FF420AF43F400437B
:10B640009BB2AB82944624E743F0030382F88A302E
:10B65000084600F03DF92A68337948E75066010052
:10B66000006F044030090020006000404344415214
:10B6700070B40021C0E90211436893F906205C69A7
:10B680008A4211DB5309364E203302F01F0C01258C
:10B6900005FA0CF546F82350BFF34F8FBFF36F8FB9
:10B6A000304B43F82210436893F90730002B11DB2D
:10B6B0005A092B4D03F01F0C2032012101FA0CF125
:10B6C00045F82210BFF34F8FBFF36F8F254A00213B
:10B6D00042F8231094F90630002B11DB5A09204D53
:10B6E00003F01F0C2032012101FA0CF145F8221061
:10B6F000BFF34F8FBFF36F8F1A4A002142F8231018
:10B7000094F90730002B10DB03F01F045A090121C4
:10B71000A1402032124C44F82210BFF34F8FBFF3E8
:10B720006F8F104A002142F82310036800221A820A
:10B730001A80EFF31084012383F3108840680A49CC
:10B740000088C0F110008340D1F808010343C1F81C
:10B750000831D1F8083184F31088104670BC704766
:10B7600000E100E030090020006F0440064B07496B
:10B7700093F826001A6A51F820300549C2F3026294
:10B78000D3400B60704700BF00E00140A0020020E2
:10B79000BC09002038B5434B434C444844494AF265
:10B7A0000355A3F8FE530022424DA0F8002121606A
:10B7B0004FF4004193F82600C4E90151C4E9032184
:10B7C000196A626154F820203B4DC1F30261CA40FE
:10B7D000082009212A6083F8130483F8A21093F843
:10B7E0008024002A55D02F4B002283F8812483F82F
:10B7F000802493F8A0208AB193F83620002A3FD005
:10B80000284A92F8A030D806C3F30011F9D425488D
:10B8100082F8A01090F8A030D906FBD4214B00226A
:10B8200083F8362093F83C20D207FBD50121002273
:10B8300083F8311083F82620204A1A6293F82620D4
:10B8400054F822001C6A194AC4F30264E0402860DC
:10B850004FF0040C842083F83EC083F83E004FF480
:10B86000254083F8D010A3F8FE03A2F80411B2F823
:10B8700004319BB2002BFAD10123A2F8003138BD6C
:10B8800093F83C20D207BBD493F83C20D207F7D5DD
:10B89000B6E7012183F8801440F2C44000F018F8A4
:10B8A000A1E700BF00E00140A002002000C001406D
:10B8B000006CDC0200127A00BC09002000010110BB
:10B8C000704700BFA0F101000028FBD1704700BF06
:10B8D00030B5144D144A00FB01F14FF47A73286817
:10B8E000B2FBF0F2A1FB03C44FF0FF304FF0000EAB
:10B8F00060457EEB040407D3BCFBF2F0800878B10E
:10B90000BDE83040FFF7DEBF9200B1FBF2F1A1FBD2
:10B91000031388427EEB0303F2D308460028EFD1DD
:10B9200030BD00BFBC09002000CA9A3B0B4B70B56C
:10B93000B3F840510A4E0024ADB225FA04F3DB07F8
:10B94000E0B203D556F8243003B198470134102CE7
:10B95000F3D1024BA3F8305170BD00BF006000402E
:10B96000EC080020084B10B4084C03F1200C58429E
:10B97000C21813F8011FC032634544F82210F7D1F2
:10B980005DF8044B704700BF8C7001000060004000
:10B99000EFF31081012383F31088124B33F810204A
:10B9A00092B22AB133F81020013A92B223F8102053
:10B9B00033F810309BB293B90B4A10B4B2F8FE338F
:10B9C0000A4C9BB234F8100043F4254323EA0003E9
:10B9D000A2F8FE3381F310885DF8044B704781F3C1
:10B9E00010887047B009002000E001405C6601004B
:10B9F00030B4EFF31081012383F310880E4A32F83C
:10BA000010309BB26BB90D4C0D4DB4F8FE3335F8C8
:10BA100010C09BB243EA0C0343F425439BB2A4F845
:10BA2000FE3332F8103001339BB222F8103081F32C
:10BA3000108830BC704700BFB009002000E0014012
:10BA40005C6601000B4A08B50346106840B1033339
:10BA5000094923F0030303448B4204D8136008BD53
:10BA600006481060F3E706F079F80C2303604FF006
:10BA7000FF3008BDB8090020007B0020F020002026
:10BA800000BE704708B500F005F8FCF781FDFEE741
:10BA9000704700BF70B5464B464A47484FF47004A4
:10BAA000C3F888404AF2025198600123A2F8FE13BD
:10BAB00082B082F81F3492F8B134DB06FBD5002047
:10BAC0004FF425460446A2F8FE63FFF7E1FFFFF7B7
:10BAD00061FE8DF8074001209DF80730FFF788FFD1
:10BAE000EFF31081012585F31088344BD3F804213E
:10BAF00022F00042C3F80421D3F8042181F3108816
:10BB00002F4A1168C1F300018DF807101168C1F3C5
:10BB100000018DF807101268C2F300028DF80720AB
:10BB2000EFF3108185F31088D3F8042142F000422E
:10BB3000C3F80421D3F8043181F310882846FFF7B5
:10BB400027FF2846FFF7A4FF1E4B1F499C801F4A72
:10BB50001E8099601E49D9604FF48051A2F82011CF
:10BB60001C481D4A9D80121A214606F0CCF81B483D
:10BB70001B4A1C491C4D121A06F0A1F81B4B5B1BFB
:10BB8000A3424FEAA30605DD55F8043B013498476C
:10BB9000A642F9DCFFF7EAFD0220FFF779FFFFF785
:10BBA000E1FE002002B0BDE87040FFF789BE00BF93
:10BBB00000ED00E000E0014000400000006F0440A4
:10BBC00000080440000D0040007B002000600040A1
:10BBD000007F0020B8020020EC20002000000020A0
:10BBE000A00200207C730100480200208002002097
:10BBF00000220270C0E9012280F83520012280F87D
:10BC00003620DF22827770472DE9F04704464FF057
:10BC100000081F469DF8283080F8008021730375C6
:10BC2000089B0361099B83610B9B03620C9BDFF8FC
:10BC30004091C0E90938FF238A4643771546002A18
:10BC40003ED184F83520502005F0E5F84FF6FF731B
:10BC5000A0F8423000F12008DF2380F8205080F85F
:10BC6000215080F8225080F82350C0E90955C56260
:10BC7000C0E90E55C0E90C5580F8443080F84530D5
:10BC800080F8405080F84150C0E91255C4F828802F
:10BC900020222946064606F036F8072FA6605AD815
:10BCA000314ABAF1020FD35D114642D099F8000033
:10BCB000002856D1002B4ED102232777D35548E0D8
:10BCC000012A48D184F83520242005F0A4F883788F
:10BCD00080F8008068F3020383704378C57003F036
:10BCE000F80368F306130646437080F8048080F872
:10BCF000058080F80680A0621C224146083006F0CC
:10BD000002F8012F666026D8184BBAF1020FDA5DEF
:10BD1000194602D099F8000028B1012A1BD8022345
:10BD20002777CB5515E0B2B90222DA55277725706F
:10BD300011E0012BF3D92777384601F037FC302288
:10BD4000816A404605F0BBFF384601F02FFC036BCB
:10BD5000A36101232370002389F800302078BDE817
:10BD6000F087012BDAE700BFC2090020C0090020DC
:10BD7000CA09002038B590F8353004468BB9806880
:10BD800008B9002038BD04F10C01FEF745FD054659
:10BD9000A068FEF7A1FC0E2D01D0002DF1D10120ED
:10BDA000F0E7012BEDD140680028EAD004F10C0146
:10BDB0000830FFF787F9054660680830FFF736F965
:10BDC000E9E708B590F835303BB9806820B1FEF757
:10BDD0007DFCB0FA80F0400908BD012B06D1406817
:10BDE0000028F9D00830FFF705F9F2E70020F3E763
:10BDF00008B590F835303BB9806820B1FEF73EFEBB
:10BE0000B0FA80F0400908BD012B06D14068002837
:10BE1000F9D00830FFF714F9F2E70020F3E7FFFF4D
:10BE200038B50446FFF7E4FF606838B1237F0C4A59
:10BE300000252421D55404F0DDFF6560A56875B1A7
:10BE4000237F084AA86C0021D15410B1202104F0AE
:10BE5000D1FF5021284604F0CDFF0023A36038BD58
:10BE6000C0090020C209002010B50446FFF7D8FF22
:10BE7000204610BD01F10C0303608B6803B1203331
:10BE800043604B6883607047836823B11868003053
:10BE900018BF0120704740680028FBD08068F6E793
:10BEA000F0B585B004460F46014601A81546FFF7D8
:10BEB000E1FF2046FFF7E8FF064610B12046FFF7F6
:10BEC00097FF00F057F82A4601A900F01FF9054630
:10BED00050B167772EB12046FFF74CFF2046FFF7A1
:10BEE00070FF284605B0F0BDDF23A377F2E7FFFF20
:10BEF0000028A8BF00F160404FEA0111AEBF00F575
:10BF0000614000F00F00034BC9B2ACBF80F80013D2
:10BF10001954704714ED00E000F1C0020A4B53F8C9
:10BF200022106FF3104143F8221000F01F02400965
:10BF3000800000F1604000F5614001239340C0F8AB
:10BF400080310360704700BF006000404309012258
:10BF500000F01F0002FA00F02033044A42F82300E8
:10BF6000BFF34F8FBFF36F8F704700BF00E100E05A
:10BF70007047FFFF38B50A4D2B78BFF35B8F13F086
:10BF800001040BD1284604F037FF38B1054B284691
:10BF90001C6004F03DFF044802F043FD014838BD39
:10BFA000CC090020D009002071BF00002AB9304B15
:10BFB000C031012243F821207047012A03D1C0314A
:10BFC0002B4B0222F6E7022A03D1C031284B032271
:10BFD000F0E7032A03D1C031254B0422EAE7042A03
:10BFE00003D1C031224B0522E4E7052A03D1C03139
:10BFF0001F4B0622DEE7062A03D1C0311C4B072265
:10C00000D8E7072A03D1C031194B0822D2E7082A02
:10C0100003D1C031164B0922CCE7092A03D1C03124
:10C02000134B0A22C6E70A2A03D1C031104B0B2258
:10C03000C0E70B2A03D1C0310D4B0C22BAE70C2A02
:10C0400003D1C0310A4B0D22B4E70D2A03D1C03110
:10C05000074B0E22AEE70E2A03D1C031044B0F224C
:10C06000A8E70F2AA8D1C031014B1022A2E700BFD8
:10C070000060004032B91A4BC0315D2243F82120E4
:10C0800001207047012A05D1C031154B652043F8C6
:10C090002100F5E7022A03D1C031114B6D22EDE7F3
:10C0A000032A03D1C0310E4B7522E7E7042A03D1DE
:10C0B000C0310B4B7D22E1E7052A03D1C031084B8B
:10C0C0008522DBE7062A03D1C031054B8D22D5E757
:10C0D000072A03D1C031024B9522CFE700207047D9
:10C0E0000060004032B9C031074B1E2243F82120C6
:10C0F00001207047012A05D1C031034B212043F8AC
:10C100002100F5E70020704700600040F8B50E46BA
:10C1100001681B4B1F29054617469C682CD83368BD
:10C1200093F91220213201D00120F8BD7268403409
:10C1300082B11A7CFFF79EFF0028F5D032680823F1
:10C1400053742B689374A7B90E4A44F82320013323
:10C150002B60EAE7B2688AB11A7CFFF7C3FF0028B8
:10C16000E2D03268082353742B6893740FB9064ADF
:10C17000EBE744F82370EAE70020D6E71046D4E75F
:10C1800000ED00E051AB0000DDB100002AB9064B24
:10C19000C031362243F821207047012AFCD1C0313A
:10C1A000014B3B22F6E700BF006000402AB9064B76
:10C1B000C031352243F821207047012AFCD1C0311B
:10C1C000014B3A22F6E700BF006000402AB9064B57
:10C1D000C031372243F821207047012AFCD1C031F9
:10C1E000014B3C22F6E700BF006000402AB9064B35
:10C1F000C031382243F821207047012AFCD1C031D8
:10C20000014B3D22F6E700BF006000402AB90C4B0D
:10C21000C031992243F821207047012A03D1C0314F
:10C22000074B9F22F6E7022A03D1C031044BA42218
:10C23000F0E7092AF0D1C031014BA922EAE700BF9B
:10C24000006000402AB90C4BC031982243F82120ED
:10C250007047012A03D1C031074B9E22F6E7022A1C
:10C2600003D1C031044BA322F0E7092AF0D1C03139
:10C27000014BA822EAE700BF006000402AB90C4B3E
:10C28000C0319A2243F821207047012A03D1C031DE
:10C29000074BA022F6E7022A03D1C031044BA522A6
:10C2A000F0E7092AF0D1C031014BAA22EAE700BF2A
:10C2B000006000402AB90C4BC0319B2243F821207A
:10C2C0007047012A03D1C031074BA122F6E7022AA9
:10C2D00003D1C031044BA622F0E7092AF0D1C031C6
:10C2E000014BAB22EAE700BF006000402AB9064BD1
:10C2F000C031AE2243F821207047012AFCD1C03161
:10C30000014BB322F6E700BF006000402AB9064B9C
:10C31000C031AD2243F821207047012AFCD1C03141
:10C32000014BB222F6E700BF006000402AB9064B7D
:10C33000C031B12243F821207047012AFCD1C0311D
:10C34000014BB622F6E700BF006000402AB9064B59
:10C35000C031B02243F821207047012AFCD1C031FE
:10C36000014BB522F6E700BF006000402DE9F84F11
:10C37000B44B9F6803681F2B0446154603D9002061
:10C3800062B6BDE8F88F403772B6012940F0908060
:10C39000002AF4D09368213340F088800368126843
:10C3A0001A441F2AEBD86A68DFF8B48247F82320C2
:10C3B000C033332248F8232090F90000FFF7C6FD70
:10C3C00094F90030C0330C2158F823206FF3104249
:10C3D00048F8232094F90000FFF78AFD94F9000043
:10C3E000FFF79AFD2368AB605A1C69682260C1336D
:10C3F00047F82210342248F8232094F90000FFF770
:10C40000A5FD94F90030C0330C2158F823206FF3B8
:10C41000104248F8232094F90000FFF769FD94F9D1
:10C420000000FFF779FD236869685A1CC133226058
:10C4300047F82210312248F8232094F90000FFF732
:10C4400085FD94F90030C0330C2158F823206FF398
:10C45000104248F8232094F90000FFF749FD94F9B1
:10C460000000FFF759FD236869685A1CC133226038
:10C4700047F82210322248F8232094F90000FFF7F1
:10C4800065FD94F90030C0330C2158F823206FF378
:10C49000104248F8232094F90000FFF729FD94F991
:10C4A0000000FFF739FD236801332360012067E7AF
:10C4B00002290DD1002A3FF462AF93682133F5D1F0
:10C4C0000068136818441F288CBF0020012057E71C
:10C4D000032911D1002A3FF452AF92F912302133CF
:10C4E000E4D10E2353740168574B917447F82130FF
:10C4F000127CFFF7F7FDD6E7042949D1002A3FF463
:10C500003EAF92F90730213331D101680B1D202B4A
:10C510003FF635AF0C264D4BD171967147F821305F
:10C520001278FFF773FE0168494B013101606972AF
:10C530002E7247F821302A78FFF7A0FE0168454B9C
:10C540000131016069712E7147F821302A78FFF7B7
:10C5500079FE0168404B01310160AE72E97247F823
:10C5600021302A78FFF7A6FE03680133036095F9AE
:10C570000700FFF7D1FC95F90900FFF7CDFC95F90D
:10C580000500FFF7C9FC95F90B00FFF7C5FC8DE727
:10C59000002940F09480002A3FF4F1AE137A3BBBAF
:10C5A000126892F90D3021331ED10C2313730368E6
:10C5B00053732A4A47F82320C033294A262142F8D8
:10C5C00023102B68686893F90D101B7B01F1604202
:10C5D0001B0102F56142DBB282F80033214B43F8C4
:10C5E00021002368013323602B6893F90D00CCE709
:10C5F000012B39D1126892F90F3021331ED10C234F
:10C6000093730368D373154A47F82320C033144A41
:10C61000272142F823102B68686893F90F109B7B41
:10C6200001F160421B0102F56142DBB282F8003386
:10C630000C4B43F821002368013323602B6893F9E6
:10C640000F00A2E700ED00E0DDB10000299200003C
:10C650009994000015930000D99400002D9A0000D1
:10C660000060004030090020022B7FF488AE126881
:10C6700092F9113021331ED10C23137403685374C3
:10C68000A84A47F82320C033A74A282142F823109C
:10C690002B68686893F911101B7C01F160421B0143
:10C6A00002F56142DBB282F80033A04B43F821006F
:10C6B0002368013323602B6893F9110065E705298E
:10C6C00073D1002A3FF45BAE16680C23737396F99E
:10C6D0000F30213348D101680B1D202B3FF64FAEA0
:10C6E000F1733278DFF87882DFF84092FFF74EFD81
:10C6F00090F9003008EB03024FF0C00A82F800A363
:10C70000016849F8236001312B680160B1731A7820
:10C71000FFF74CFD90F9003008EB030282F800A30C
:10C72000016849F8236001312B68016031741A787F
:10C73000FFF74CFD90F9003008EB030282F800A3EC
:10C74000016849F8236001312B68016071741A781F
:10C75000FFF74CFD90F90030984488F800A349F8A1
:10C76000236003680133036096F90F00704B47F8AC
:10C77000203096F90E306F4A47F8232096F9103092
:10C780006D4A47F8232096F911306C4A47F8232068
:10C79000FFF7C2FB96F90E00FFF7BEFB96F91000FB
:10C7A000FFF7BAFB96F91100EFE6062956D1002AE9
:10C7B0003FF4E5AD16680C23737396F90F302133FF
:10C7C00041D10168CB1C202B3FF6D9AD5C4BF173F6
:10C7D00047F821303278DFF88881DFF85091FFF791
:10C7E00015FD90F9003008EB03024FF0C00A82F803
:10C7F00000A3016849F823600131524B0160B17315
:10C8000047F821302B681A78FFF71CFD90F90030AB
:10C8100008EB030282F800A3016849F823600131A4
:10C82000494B0160317447F821302B681A78FFF7C3
:10C8300025FD90F90030984488F800A349F823605A
:10C8400003680133036096F90F00FFF765FB96F963
:10C850000E00FFF761FB96F9100096E607294CD110
:10C86000002A3FF48CAD556840F60C432B8295F9B5
:10C870000D30213320D101680B1D202B3FF67FADF9
:10C8800069732A78FFF782FC0168013101602A7818
:10C890002973FFF78BFC0168013101602A78A973C5
:10C8A000FFF794FC0168013101602A78E973FFF712
:10C8B0009DFC03680133036095F90D00234B47F895
:10C8C000203095F90C30224A47F8232095F90E3094
:10C8D000204A47F8232095F90F301F4A47F82320B4
:10C8E000FFF71AFB95F90C00FFF716FB95F90E0000
:10C8F000FFF712FB95F90F0047E6082932D1002A0D
:10C900003FF43DAD92F9023021337FF4CFAD0C23DB
:10C9100053700168114B917047F821301278FFF77E
:10C9200045FBC0E5959A00000060004030090020FA
:10C9300071A3000035A200005DA4000021A5000045
:10C94000A5970000859700003D9900002D9E0000EE
:10C95000019D0000D59E0000699F000061A60000B7
:10C9600000E100E0092978D1002A3FF408AD5668BB
:10C9700096F90230213365D101680B1D202B3FF65B
:10C98000FEAC92F808A0AC4BD2F80090B1704FF01A
:10C99000060B86F806B0524647F82130FFF7A6FC92
:10C9A000A64D96F90220B379DFF8BC82A9181B01C5
:10C9B000DBB281F800330168A14B48F822900131C5
:10C9C00001605246717086F805B047F82130FFF7D4
:10C9D0009DFC96F901207379A9181B01DBB281F83F
:10C9E00000330168974B48F82290013101605246AC
:10C9F000317186F808B047F82130FFF7A7FC96F9A7
:10CA00000420337AA9181B01DBB281F800330168D6
:10CA10008D4B48F82290013101605246F17086F842
:10CA200007B047F82130FFF781FC96F90320F3792E
:10CA300015441B01DBB285F80033036848F82290E7
:10CA40000133036096F90200FFF766FA96F90100D8
:10CA5000FFF762FA96F9040097E50A297CD1002ACB
:10CA60003FF48DAC566896F90230213365D10168E8
:10CA70000B1D202B3FF683AC92F808A0734BD2F825
:10CA80000090B1704FF0060B86F806B0524647F89A
:10CA90002130FFF7BBFB694D96F90220B379DFF82F
:10CAA000C881A9181B01DBB281F800330168684B0B
:10CAB00048F82290013101605246717086F805B045
:10CAC00047F82130FFF7BEFB96F901207379A918CA
:10CAD0001B01DBB281F8003301685E4B48F82290FD
:10CAE000013101605246317186F808B047F82130B3
:10CAF000FFF7E0FB96F90420337AA9181B01DBB29B
:10CB000081F800330168544B48F8229001310160EC
:10CB10005246F17086F807B047F82130FFF7AEFBB8
:10CB200096F90320F37915441B01DBB285F8003335
:10CB3000036848F822900133036096F90200FFF77A
:10CB4000EBF996F90100FFF7E7F996F90400FFF712
:10CB5000E3F996F9030018E50B297FF410AC002ADD
:10CB60003FF40DACD2E900150C232B7595F9153067
:10CB7000213356D10368DA1C202A3FF600AC374A2D
:10CB80006B7547F823202A6822B9C033344A4A20FB
:10CB900042F8230095F915002B7D324E00F16042DA
:10CBA00002F561421B01DBB282F8003322682E4B92
:10CBB00043F82010501C2060A87547F820602868B2
:10CBC00020B9C13226484D2640F8226095F91660FA
:10CBD0002A7D06F1604000F561401201D2B280F872
:10CBE0000023226843F82610501C204E2060E87570
:10CBF00047F82060286820B9C13219484E2640F80D
:10CC0000226095F917602A7D06F16040120100F557
:10CC10006140D2B280F8002343F826102368013324
:10CC2000236095F91500FFF777F995F91600FFF7DE
:10CC300073F995F91700A8E48187000000E100E08E
:10CC4000E5860000398900005988000091950000B0
:10CC5000F9950000A99600006D96000069AD0000EE
:10CC6000006000403DAE00003009002055AF0000DC
:10CC700008B53C220021024805F045F808BD00BF78
:10CC8000D409002070B50024064D264655F824002E
:10CC900020B12C2104F0AEF845F8246001340F2CAB
:10CCA000F4D170BDD409002001207047036840F220
:10CCB00013421B6A184790F83D34002BFBD0704795
:10CCC000D0F82C322BB1D0F82832184490F8240038
:10CCD00070474FF0FF30704713B5044690F8A80432
:10CCE0008DF80710002378B184F83C34012284F8D1
:10CCF0003D340DF1070104F58860FBF78BFE94F8D5
:10CD00003C34002BFBD0012002B010BD0023C0F842
:10CD10002432C0F82832C0F82C32C0F83034C0F8C1
:10CD20003434C0F8383400F58860FBF7EDBE13B535
:10CD3000EFF3108300930123019372B6019B5A1EF7
:10CD400001923BB1D0F82C426846FAF7ADFE20467E
:10CD500002B010BD6846FAF7A7FE4FF0FF34F6E7C1
:10CD60000268224B53F8223013B54BB10279042AE2
:10CD70000CD0802A06D0022A02D1012283F83D2459
:10CD800002B010BD012283F83C24F9E7D3F82C222D
:10CD9000B2F5007FF4D0007AEFF310820092012206
:10CDA000019272B6019A013A511C1AD0D3F82C1292
:10CDB000B1F5007F02F1FF3411D0D3F824121944E9
:10CDC00081F82400D3F824120131C1F30801C3F81B
:10CDD0002412D3F82C120131C3F82C12E3E72246B7
:10CDE000E2E768460192FAF75FFEC9E7100A002001
:10CDF00013B5EFF3108300930123019372B6019BE7
:10CE00005A1E0192E3B1D0F82C32B3B1D0F82832D7
:10CE1000034493F82440D0F828320133C3F30803C5
:10CE2000C0F82832D0F82C32013BC0F82C326846CA
:10CE3000FAF73AFE204602B010BD4FF0FF34F6E795
:10CE40006846FAF731FE4FF0FF34F3E738B5044691
:10CE500000254FF47A70C4E90150A3611848049B7F
:10CE6000E361C4E90412206029464FF4007204F122
:10CE7000240004F048FFC4F824524FF40072C4F8B0
:10CE800028522946C4F82C5204F50C7004F03BFFDC
:10CE90000123C4F83054C4F83454C4F8385484F826
:10CEA0003C3484F83D34DF2384F8A85484F8773484
:10CEB00084F8793484F8753484F87B34204638BD9E
:10CEC0006C66010010B50C46FFF754F822460421A9
:10CED000BDE81040FFF74ABA38B590F8A8340446C8
:10CEE000154600206BB184F83C0484F83D0404F539
:10CEF0008860FBF78FFD94F83C34002BFBD028466C
:10CF000038BD1D46FBE7FFFFF0B50369002B85B078
:10CF1000044602DA002005B0F0BD4269002AF9DBC0
:10CF20008B42F7DA8A42F5DAD9B20022684602AEBD
:10CF300003F0EEFE0122217D304603F0E9FE0022DF
:10CF40003DF812500021AB11002D45D036F81200EB
:10CF5000002841D036F8110083EA9017FF063BD134
:10CF600003F01F0323620028D4D0092BD2DC15F470
:10CF7000F04F23691C4E0CBF4FF080624FF0A0624F
:10CF800036F8331010F4F04F42F4803217480CBFDB
:10CF90004FF080654FF0A065FCF706FE636913480B
:10CFA00036F8331045F480352A46FCF7FDFDA369B9
:10CFB0005A1C0FD0E26901320CD036F833100B48FE
:10CFC0002A46FCF7F1FDE369084836F833102A4693
:10CFD000FCF7EAFD01209EE701310329B4D10132BB
:10CFE000032AADD196E700BFE4640100A820002029
:10CFF0002DE9F04104460E461546FBF7CEFA0146F0
:10D000002046FFF781FF84F8A804002800F0BD80C7
:10D0100094F891145E4B226A6FF3010184F8911425
:10D02000192143F82240A4F8921494F89034012175
:10D0300084F895140F2103F0E70384F89C144FF64D
:10D04000FF7143F04003A4F89E14A1696FF38203BB
:10D0500084F8903404F592670023013184F8943405
:10D0600084F89634C4F8987484F8A03405D0E16943
:10D0700001311CBF082184F8A01484F8702404F244
:10D080009442C4F88C2440F213424FF6FF7195424B
:10D0900084F8A23484F8A334A4F8A414C4F888341F
:10D0A000C4F88034C4F87C343ED02DD840F211420C
:10D0B000954248D040F2124295424AD0354BC4F8CE
:10D0C000843404F58E6841462046FFF7FBFE94F851
:10D0D000A834184084F8A80401213B4640F6B83231
:10D0E0003046FBF7DFFF94F8931429B93B4640F62E
:10D0F000B8323046FBF7D6FF04F58865414628462E
:10D10000FBF7ACFD78B3FEE740F23242954225D002
:10D1100040F2334295420FD040F231439D42CDD18F
:10D12000022384F871340AE0022284F8712484F81E
:10D13000723484F87334C1E7022284F8712484F8CD
:10D1400072340123F5E7022284F8712484F87224F2
:10D15000EFE7022284F871240322F7E7022384F820
:10D1600071340323EBE739462846FBF7ABFC00B1EB
:10D17000FEE7C4F82402C4F82802C4F82C02C4F85C
:10D180003004C4F83404C4F83804BDE8F08100BFAA
:10D19000100A002061CD000030B58C18A14208D0E3
:10D1A000D0F8603411F8015BDD701D796D07FCD596
:10D1B000F4E7104630BDFFFF07B54FF0FF33009393
:10D1C000172216210248FFF741FE03B05DF804FB69
:10D1D000380A002007B54FF0FF33009300220121E9
:10D1E0000248FFF733FE03B05DF804FBE40E0020B5
:10D1F00007B54FF0FF330093192218210248FFF7BB
:10D2000025FE03B05DF804FB901300200148FEF7F3
:10D21000EFBC00BF3C1800200148FEF725BE00BF50
:10D220003C180020F8B5094F054600240126AA6CD9
:10D2300006FA04F3134205D007EB440261B2284614
:10D24000FEF71EF801341D2CF1D1F8BD8018002026
:10D25000837870B5044683B90E4D2A68AAB1038855
:10D260003BB90D48FFF7DEFF2B682078BDE8704022
:10D270001847012BF8D10948F4E7012B05D00A2BF8
:10D2800004D1074B1B68002BEFD170BD0B2BFCD1D9
:10D29000044BF7E774180020BC1800201819002070
:10D2A000781800207C180020F0B5044685B00028CE
:10D2B00043D0002380F83230C1F38415836C0127FA
:10D2C00007FA05F21343836400F13001FEF7B0F86A
:10D2D00004AE04F148012046FDF7DAFF2046FDF7D1
:10D2E000C1FF06F8047D9DF80C30012B04D13146B6
:10D2F0002046FDF7BDFFF6E70DF10E022946204658
:10D30000FDF7BEFF0E4BBDF80E0093F83330052B32
:10D310009CBF0C4AD2560C4B1B684FF0010101FA1E
:10D3200003F388BF00220093002301FA02F219469A
:10D3300000F086F980B205B0F0BD4FF0FF30FAE79B
:10D34000BC180020986601005400002013B50A2282
:10D350000C46C1B2684603F0DBFCBDF800205AB1B0
:10D36000064B074902F4F040B0F5006F0CBF1846B9
:10D370000846228002B010BD1046FAE718190020B6
:10D38000BC180020F0B5012680F82560C0E90F2305
:10D39000022600F12403002540F60C4780F82660A1
:10D3A0000186DF26032143644FF4C05380F82450E4
:10D3B00080F8275080F8285080F8295080F82A609B
:10D3C00080F82B60878580F8325080F8331080F821
:10D3D000345080F8355080F8366080F83760078721
:10D3E000C0E91255C0E91455A0F85850A0F85A30B9
:10D3F000F0BD10B50446406D10B1142103F0FAFCE5
:10D40000204610BD37B50D28044602A998BF0E343A
:10D41000002321F8023D2046FFF798FF074B054601
:10D420004FF4004133F8340001F0FEFABDF8061065
:10D430002846FFF739FF03B030BD00BFE4640100A8
:10D44000042838B598BF104B104C98BF1D5CA368DA
:10D4500088BF002513B12046FEF70AF90C4984F86D
:10D4600028500C4CA1F13000FDF7E2FFA36813B186
:10D470002046FEF7FDF8084984F82850A1F1300055
:10D48000BDE83840FDF7D4BF9E660100BC180020FF
:10D49000EC1800201819002048190020FFFFFFFF9A
:10D4A0002DE9F04D3C4B93F82830192B2DED028BD4
:10D4B0006BD057D8012B62D0022B63D0374CD4ED00
:10D4C000007AF5EE407AF1EE10FA48D10020FFF72D
:10D4D000B7FF052001F0B8FA0FF2B40BDBE900AB9F
:10D4E0009FED2F8ADFF8C0800A251420FFF78AFFFE
:10D4F00007EE900AF8EEE77A67EE887A17EE900A60
:10D5000003F00CFE52465B4603F060FED8F8003094
:10D510000646012098400F4603F0EEFD02460B46FA
:10D520003046394603F07CFF064620680F4603F07C
:10D53000F5FD02460B463046394603F091FC04F0F7
:10D54000F5F8013D07EE900A2060CED1F2EE046AB4
:10D5500087EEA67A052084ED007AFFF771FF94ED3F
:10D56000000A08E01D2B04D01F2BA7D1B0EE040A3F
:10D5700001E0B0EE000ABDEC028BBDE8F08D9FED3E
:10D58000090AF8E79FED060AF5E7B7EE080AF2E7A1
:10D59000295C8FC2F5A82040BC1800207419002017
:10D5A0003D0AB73F0000C07F5400002030B5094B52
:10D5B00053F8144B00218C4207D053F8042F92F8F3
:10D5C0002450A84202D00131F5E7002202F1080000
:10D5D00030BD00BF7819002038B50E4C0E4D0F48F5
:10D5E000002322461946FFF7CDFE002301210C48F7
:10D5F000FFF7C8FE28460024214640F8044B1422B9
:10D6000004F081FB5022214605F1180004F07BFB59
:10D6100038BD00BF51D2000078190020BC1800208E
:10D620001819002008B50448FFF7E3FE0348BDE8D9
:10D630000840FFF7DEBE00BF18190020BC1800200C
:10D6400010B5029C401AE41A6043521A90FBF2F0A3
:10D65000184410BD2DE9F04F027D012A85B0054622
:10D660000F4640F0978000214FF0FF3B04460B46E9
:10D670005E4694F804C048B2BCF1000F7CD194F827
:10D6800005C0BCF1000F77D1B6F1FF3F1BBF0133DE
:10D690005BB201233046934201DD1A4683460131D5
:10D6A000082904F1020465D1002402EB0B03A14612
:10D6B0000293CB4502DC029B4B4560DC6E7995F80A
:10D6C00004A04FEA26180AF00F035FFA88F25FEA17
:10D6D0002A1A019206F00F0677D05FFA8AF1BAF1A2
:10D6E000090FCABF5731303149B23846039300F0B1
:10D6F00014FA039B0444092B8ABF03F1570103F179
:10D70000300149B23846039300F007FA0444BAF1F5
:10D71000000F04D1039B13B9B8F1000F0DD0019B8A
:10D72000B8F1090FD4BF03F1300803F157084FFADD
:10D7300088F1384600F0F1F90444092E8ABF5736C3
:10D7400006F1300171B2384600F0E7F9B9F1070F80
:10D75000044404D03A21384600F0DFF9044409F1CA
:10D760000109B9F1080F05F10205A2D1204605B063
:10D77000BDE8F08F06467CE74FF0FF308FE7CB45E2
:10D78000EDD1BBF1000FE5D13A21384600F0C5F9E3
:10D790000444DFE700F1100600F11309002416F835
:10D7A000011B0A22384600F040FA2E2180463846F6
:10D7B00000F0B3F9B14540440444F0D10A22E97CB9
:10D7C000384600F032FA0444D0E7002B93D1A3E7A7
:10D7D00010B5054B0360044601751022002104308A
:10D7E00004F091FA204610BD0067010010B5002139
:10D7F0000446FFF7EDFF204610BDFFFFF8B50F46CA
:10D800001D460021084B0360044616460175102290
:10D81000043004F078FA9DF8183027746674A57403
:10D82000E3742046F8BD00BF0067010010B588B062
:10D83000CA7C0B7C02928A7C01924A7C0092102165
:10D840000446064A0DEB010004F0DEFF04A9204661
:10D8500000F07BFA204608B010BD00BFA3660100AF
:10D8600010B59AB0CA7C0B790E928A7C0D924A7CD4
:10D870000C920A7C0B92CA7B0A928A7B09924A7BA1
:10D8800008920A7B0792CA7A06928A7A05924A7AA5
:10D8900004920A7A0392CA7902928A7901924A79A9
:10D8A00000920446054A282110A804F0ADFF10A9F3
:10D8B000204600F04AFA20461AB010BDAF660100BB
:10D8C00010B50B7D04461BB9FFF7B0FF204610BD15
:10D8D000FFF7C6FFFAE738B510220D4604460021CF
:10D8E000043004F010FA691E00224FF0FF3311F9E2
:10D8F000010F00B3A0F13005EDB2092D10D880B2B0
:10D900005D1CA0F1300001D103B2F0E703EB83030B
:10D9100000EB430080B2FF2803B2E8D9002011E0F9
:10D920002E28FBD1032AF9D0581CF7D0501C2244D2
:10D930001374C2B2D9E7032A04D15A1C02D020754D
:10D94000E374012038BD2DE9F84F002406468946CE
:10D950004FF0FF37254699F90000002840D005F028
:10D9600077F84FFA80F88246404609F1010B04F03F
:10D97000FBF880B1B8F1660F02DD0020BDE8F88F3A
:10D98000B8F1600F24DC08EB0515303DB5F5803F9C
:10D99000F3D2D946DFE7B8F13A0FEED199F9013069
:10D9A0003A2B1AD10137E8D199F902303A2BE4D059
:10D9B000002D0CBF2746671C09F1020B072CDCD099
:10D9C00006EB44032A0A5D711A7101340025E0E771
:10D9D000AAF127084FFA88F8D5E7002BEED1CCE75B
:10D9E0007A1C1BD1072CC8D106EB44032A0A1A71F2
:10D9F0005D717B1C21D00134E31B07F108015B0042
:10DA0000091B013B7A004900002B0ADBD018304487
:10DA1000057958183044013B0571F5E7062CE3DD24
:10DA2000ABE7C4F108043C441346640000219C4267
:10DA300003DDF21801331171F9E7012030759DE71C
:10DA400038B504460D46FFF746FF28B9294620465B
:10DA5000BDE83840FFF777BF38BD08B50B46027DFB
:10DA6000097D914208D1011D1022181D04F018F9FA
:10DA7000B0FA80F0400908BD0020FCE7037D13B92F
:10DA80001031084470470431FBE7FFFF07B501215F
:10DA90000648FFF79DFE002300931A4619460448E6
:10DAA000FFF7ACFE03B05DF804FB00BFE0190020F7
:10DAB000F81900202DE9F04106460D4601EB020859
:10DAC0000C464445A4EB050707D0336814F8011B46
:10DAD0001B68304698470028F3D13846BDE8F081EE
:10DAE00070B50368044608460D465E6804F0EAFE19
:10DAF0002946024633462046BDE87040184709B122
:10DB0000FFF7EEBF0846704703688A685B680968DC
:10DB1000184708B5FFF7F3FF08BD0368C9B21B68D3
:10DB200018470A680B461268014618461047FFFF5F
:10DB30000149FFF7D5BF00BF8560010038B5054634
:10DB4000FFF7E2FF04462846FFF7F2FF204438BD06
:10DB500038B50546FFF7D3FF04462846FFF7E8FF30
:10DB6000204438BD38B50546FFF7DBFF044628469C
:10DB7000FFF7DEFF204438BD70B58AB00E460AA913
:10DB8000002301F8043D012A98BF0A22B6FBF2F5F2
:10DB900002FB1564E3B264B2092CD4BF30333733CF
:10DBA0005BB22E4601F8013D002DEFD1FFF7A7FF34
:10DBB0000AB070BD2DE9F04107460E4615462AB958
:10DBC0000368C9B21B68BDE8F04118470A2A05D1AD
:10DBD000002905DBBDE8F041FFF7CEBFD2B2F9E77F
:10DBE0002D21FFF79AFF2A46044671423846FFF777
:10DBF000C3FF2044BDE8F081FFF7DCBF38B5054620
:10DC0000FFF7D8FF04462846FFF792FF204438BDAF
:10DC100010B42AB903685DF8044B1B68C9B21847F1
:10DC2000D2B25DF8044BFFF7A7BFFFF7F1BFFFF7D4
:10DC3000EFBF10B5044600F04FFFE06023682046B8
:10DC40005B699847002808DA00F046FFE368C01ACD
:10DC5000A3689842F2D34FF0FF3010BD38B50D469F
:10DC60000749044600F071F82846FFF7E2FF002854
:10DC700004DB41B2204600F016F9F5E7204638BD36
:10DC80008760010070B50D4609490446164600F04C
:10DC90005CF82846FFF7CDFF002806DB41B2B14211
:10DCA00003D0204600F0FFF8F3E7204670BD00BF28
:10DCB0008760010010B50446006808B103F080FFDA
:10DCC000204610BD10B50446006808B103F078FF87
:10DCD00000232360C4E9013310BD38B504460D4666
:10DCE0000068013104F034FD10B1C4E900050120E1
:10DCF00038BD036810B5044623B143688B4201D395
:10DD0000012010BD2046FFF7E8FF0028F9D0A368E6
:10DD1000002BF5D122681370F3E770B50E4611465B
:10DD200004461546FFF7E5FF20B92046FFF7CAFF76
:10DD3000204670BD2A463146A560206803F0BFFF2B
:10DD40002268A3680021D154F2E738B500230446C5
:10DD5000C0E9003383600D4639B1084604F0B2FDD6
:10DD6000294602462046FFF7D8FF204638BD38B581
:10DD7000054608460C4604F0A5FD21460246284605
:10DD8000BDE83840FFF7C9BF1FB504460023C4E90A
:10DD90000033A360084601A900F0D5FD204601A983
:10DDA000FFF7E5FF204604B010BD10B504468AB069
:10DDB0000023C4E90033A360084601A900F098FDE0
:10DDC000204601A9FFF7D3FF20460AB010BD10B5C9
:10DDD00004468AB00023C4E90033A360084601A9C1
:10DDE00000F088FD204601A9FFF7C1FF20460AB0D8
:10DDF00010BD884210B50B46044604D0096821B115
:10DE00009A68FFF78AFF204610BDFFF75BFFFAE72D
:10DE100010B500230446C0E900338360FFF7E9FF33
:10DE2000204610BD10B5044619B1FFF7A0FF2046EB
:10DE300010BDFFF747FFFAE72DE9F0410546174609
:10DE4000884619B900263046BDE8F0819AB1846849
:10DE500014442146FFF74DFF06460028F2D0AB6878
:10DE600028683A461844414603F029FF2B68AC6005
:10DE700000221A55E7E70126E5E78A680968FFF7F7
:10DE8000DBBF38B5054608460C4604F01BFD2146AD
:10DE900002462846BDE83840FFF7CEBF09B1FFF77C
:10DEA000F0BF0846704707B502AB012203F8011D19
:10DEB0001946FFF7C1FF03B05DF804FB10B58A688F
:10DEC00009680446FFF7B8FF10B92046FFF7FAFECD
:10DED000204610BD10B5044621B92046FFF7F2FEDA
:10DEE000204610BDFFF7DAFF0028F6D0F8E7826879
:10DEF00008B532B969B191F90000B0FA80F0400973
:10DF000008BD006811B990F90000F6E704F0D0FCF4
:10DF1000F3E70120F4E710B5836814468A689B1A7A
:10DF2000A3420AD3006838B1096841B1204404F023
:10DF3000D1FCB0FA80F0400910BD0020FCE7084693
:10DF4000FAE782688B689A4202D30022FFF7E3BFA8
:10DF5000002070478368934210B5044602D84FF002
:10DF6000FF3010BD00680968104404F0C5FC0028AB
:10DF7000F5D02368C01AF4E70022FFF7EBBFFFFFDC
:10DF8000F8B59A420F461D460C4988BF1346144601
:10DF9000064684BF2C461D46FFF7D7FEBA68A2424C
:10DFA0000AD93968AA4294BFC4EB0202C4EB050245
:10DFB00021443046FFF7B1FE3046F8BD87600100CE
:10DFC00010B504683CB1013C14F9010F18B104F01C
:10DFD0003FFD2070F8E710BD70B5056806461DB31B
:10DFE00083680BB395F900006C1C03F0C6FD60B9A3
:10DFF000B468621E3468144494F9000003F0BDFD57
:10E0000028B1A54203D8013CF6E72546EAE7306887
:10E01000621C521BA842B26002D2294603F05AFE8B
:10E020003268B3680021D15470BD006808B103F0B4
:10E0300090BD70470F4B10494AF20252A3F8FE23DD
:10E040000E4A11604FF42542A3F8FE2303F5E423A2
:10E050001A886FF304121A80BFF34F8F0849094BD7
:10E06000CA6802F4E0621343CB60BFF34F8F00BF76
:10E07000FDE700BF00E001403581730700E5014086
:10E0800000ED00E00400FA05F8B5184B1B780546D2
:10E09000144646184BB11146154804F041FB15488B
:10E0A00004F03EFBAC4212D22C461348134D114FE4
:10E0B00004F036FB0F4804F033FBB4420BD3104896
:10E0C00004F02EFB0B48BDE8F84004F029BBB44235
:10E0D00028BF3446E9E722682146284604F020FBA1
:10E0E000384604F01DFB0434E7E700BF001B0020A6
:10E0F000706E010085600100956E0100BA6E01002E
:10E10000FD67010008B50F4B0F4918600F4B1A60EF
:10E110000F4B104A1A60104B9B1A104A1360104A9A
:10E120001160104A521A10490A603BB90F4804F0B6
:10E13000F7FA0F48BDE8084004F0F2BA0D4B01228F
:10E140001A7008BDA81A002000400000041B00201F
:10E15000B41A0020007B0020007F0020B01A0020AD
:10E16000A41A002074730100A01A00200E6E010092
:10E1700085600100AC1A002008B5064B06481A68F5
:10E18000064B196804F0CCFA0548BDE8084004F0D5
:10E19000C7BA00BF041B0020EB6D0100A81A0020C5
:10E1A00085600100304B2DE9F04F1C682F4BD3F8F0
:10E1B00000E02F4B1D782F4B1E782F4B1F682F4BE5
:10E1C0001B688B4607EB030CDDB1CEB92C4B99696C
:10E1D0005B690160013BBB4215D3634513D8BBF1BA
:10E1E000010F10D943600223A64426B1944203D8FC
:10E1F000724528BF724614460437DFF888802EE047
:10E2000000252B46F0E735460123EDE72268D107CC
:10E2100024D5561EB74221D866451FD80F2B1DD8CE
:10E2200032F8059C32F8032C02EA080ABAF5784F56
:10E2300004D109EA0809B9F5704F04D002F47F420D
:10E24000B2F58E4F0AD15B4508D2022B03D115B12E
:10E250004268B24202D040F823600133043474456E
:10E26000D4D31846BDE8F08FB41A0020B01A0020AD
:10E27000B81A0020001B0020A41A0020A01A0020B9
:10E28000BC1A002000F8FFFF2DE9F04391B00446CE
:10E2900040220021684603F036FD224610216846E0
:10E2A000FFF780FF164FDFF87080064600244FF01E
:10E2B0002009B44213D1FCB1114B1249124809682C
:10E2C00004EBC4041C44002204F8012C0F4A04F09F
:10E2D00027FA0F4804F024FA11B0BDE8F08304EBEC
:10E2E000C4053D445DF824204146284604F0C0FAA8
:10E2F000013485F80890DCE7064804F011FAE8E7F5
:10E30000101A0020A81A0020E06E0100DB6E010048
:10E31000856001001D6F0100D56E01002DE9F041FF
:10E320000D4B1B7886B006460D4643B90B4A0C4987
:10E330000C4804F0F5F90C4804F0F2F9FEE70B4B39
:10E340001A78BAB1054A0A49064804F0E9F90648BC
:10E3500004F0E6F9FEE700BFAC1A002004670100F4
:10E36000176701001F67010085600100B81A0020CF
:10E370003D670100A64AA7481468A74AA74FD2F8EC
:10E38000008001221A7004F0CBF9A54804F0C8F906
:10E39000FFF7F2FEA34804F0C3F9A14804F0C0F966
:10E3A000F6064CBF05F1200605F16806B44203D815
:10E3B00004EB0803B34201D201233B7020463246EE
:10E3C0004146FFF761FE3B78974C002B3DD19748C3
:10E3D00004F0A6F9924804F0A3F92F6927616F6948
:10E3E0002A686B68A968E8686761AF69ED692260AF
:10E3F0006360A160E060A761E56104908C48CDE9AD
:10E4000002108C498C48CDE900318C4B8C4904F0CA
:10E4100087F9834804F084F9E3690493894B0393F3
:10E42000A3690293884B0193636900932269874B28
:10E430008749814804F074F9794804F071F98548F6
:10E4400004F06EF9764804F06BF9834B834A1B683D
:10E450002362834B1B7884F82430824B1B68A362B1
:10E46000814B1B7884F82C30804B1B682363804BD6
:10E470001B88A3867F4B1B681288E2637E4AA363D6
:10E48000128822649D0705D57C4804F049F9644848
:10E4900004F046F994F83B30580640F1278194F88F
:10E4A0002430002B3CD0D90705D5754804F038F945
:10E4B0005B4804F035F994F824309A0705D5714883
:10E4C00004F02EF9564804F02BF994F824301B0779
:10E4D00005D56D4804F024F9514804F021F994F869
:10E4E0002430DF0605D5694804F01AF94C4804F0D9
:10E4F00017F994F824309D0605D5654804F010F905
:10E50000474804F00DF994F82430180608D5990707
:10E5100006D0A16A5F4804F003F9414804F000F90D
:10E5200094F82C30002B46D0DA0705D55A4804F071
:10E53000F7F83B4804F0F4F894F82C309B0705D525
:10E54000564804F0EDF8364804F0EAF894F82C3018
:10E550005F0705D5524804F0E3F8314804F0E0F8CD
:10E5600094F82C301D0705D54E4804F0D9F82C48F6
:10E5700004F0D6F894F82C30D80605D54A4804F0B3
:10E58000CFF8274804F0CCF894F82C30990605D53C
:10E59000464804F0C5F8224804F0C2F894F82C303C
:10E5A0001A0608D59F0706D5216B414804F0B8F834
:10E5B0001B4804F0B5F8A38E002B00F0978094F868
:10E5C0003430DD0705D53B4804F0AAF8144804F0C0
:10E5D000A7F894F83430980705D5374804F0A0F828
:10E5E0000F4804F09DF894F83430590705D53348A6
:10E5F00004F096F80A4804F093F894F834301A07B7
:10E6000060D52F4804F08CF8054804F089F859E0EB
:10E61000B41A002086600100B01A0020001B002000
:10E620008560010047670100BC1A00207B6701007C
:10E63000426F0100466F0100BA6701003A6F0100A6
:10E640003E6F0100526F0100566F01004A6F0100DA
:10E650004E6F0100E367010024ED00E030ED00E0C3
:10E6600028ED00E034ED00E029ED00E038ED00E0B9
:10E670002AED00E02CED00E03CED00E02268010016
:10E680004E68010090680100CB680100016901003B
:10E690003569010081690100B6690100EA6901007C
:10E6A0001F6A0100566A01007E6A0100A46A010027
:10E6B000E26A0100096B01004F6B01009B6B0100D6
:10E6C000FA6B010094F83530DB0705D5274804F0D4
:10E6D00027F8274804F024F894F835309F0705D52B
:10E6E000244804F01DF8224804F01AF894F93B304D
:10E6F000002B34DAE36B002B31D094F83C30DD078B
:10E7000005D51D4804F00CF8194804F009F894F8F0
:10E710003C30980705D5194804F002F8144803F076
:10E72000FFFF94F83C30590705D5154803F0F8FF72
:10E730000F4803F0F5FF94F83C301A0705D511484F
:10E7400003F0EEFF0A4803F0EBFF94F83C30DB06E1
:10E7500005D50D4803F0E4FF054803F0E1FF30461E
:10E7600006B0BDE8F041FFF78FBD00BF416C01006E
:10E7700085600100936C0100FD6C01002D6D0100AE
:10E78000606D01008C6D0100BB6D01007046694633
:10E79000FFF7C4FDFEE7FFFF73B50025044680F8D0
:10E7A00030500D2268460E4602F0B2FABDF8003035
:10E7B0006363C3F3841203F4F043B3F5006F84F88A
:10E7C00038602574E5746574A574657522750CD080
:10E7D00004F11003A361064BE361064B2362064B71
:10E7E0006362064BA362064BE362204602B070BD33
:10E7F000C9AB0000C1AC000051AC00005DAC000032
:10E800008DAC00000E210148FFF7C6BF081B002099
:10E81000042911D8DFE801F0030C0A030E000022DE
:10E82000064B33F830100020FBF7BEB91022F7E793
:10E830000422F5E78422F3E7704700BFE464010097
:10E84000044B0A1C18BF012233F830100020FBF7DC
:10E8500045B900BFE464010007B5084B0DF107029C
:10E8600033F830100020FBF72BF99DF8070000303B
:10E8700018BF012003B05DF804FB00BFE464010091
:10E88000F0B58BB041B3931E222B2FD80A2A06D1A4
:10E89000002804DA4442012601AB1D4610E004467C
:10E8A0000026F9E7B4FBF2F002FB1047092F0446FB
:10E8B00003F10103F8B294BF3030573003F8010C74
:10E8C000002CEFD1AB42EDD04EB12D204A1C087088
:10E8D000AB4206D80023137008460BB0F0BD0A46C1
:10E8E000F6E713F8010D02F8010BF1E70021F3E759
:10E8F000FFF7C6BF70B58AB061B1931E222B20D836
:10E9000001AB1D4648B9AB4207D00A46AB4213D80B
:10E910000023137008460AB070BDB0FBF2F402FB8E
:10E920001406092E204603F10103F4B294BF3034DB
:10E93000573403F8014CE5E713F8010D02F8010B19
:10E94000E4E70021E6E7FFF7D5BFFFFFEFF3108014
:10E95000012383F31088064B196819B9054AD17051
:10E960004021D1701A6801321A6080F31088704714
:10E970002C090020000D0440704770471A4A38B532
:10E980000023938072B61949194A1A4C0A60185923
:10E99000D0500433402BFAD1174D002302F1400030
:10E9A0005C59C4500433802BFAD1144B9A60BFF3E6
:10E9B0004F8F62B60B68124ADA601249124A134846
:10E9C000FFF7A0FBFFF7C2FFF9F7EAFDFEF768FDCE
:10E9D00000F04CF8FFF7D1FFF6F708FFFFF7CCFF88
:10E9E000F7F7D6FEFCE700BF000D0040441B0020F7
:10E9F000007F0020004000004040000000ED00E0EB
:10EA00008DE70000676F01005A6F01006A6F010017
:10EA10000148FEF7C1BB00BF380A002008B5FFF768
:10EA2000ADFF00207047FFFF0A4601460148FBF793
:10EA3000BBB800BFA8200020024A1368013313604E
:10EA4000704700BF801B00200121FCF741BF7047C9
:10EA500038B5054C2568054423689D4202D9FFF767
:10EA6000F6FFF9E738BD00BF801B002030B5164B1C
:10EA7000164C196A164B87B0012203930323CDE984
:10EA800001230025134B04951B68C1F302608340EA
:10EA9000C1F30221CB4020464FF4FA51B3FBF1F30E
:10EAA000294600932B46FDF7AFF82A460821204659
:10EAB000FDF7F6F92046FDF75DF9204607B0BDE801
:10EAC0003040FDF77EB900BF00E00140481B002048
:10EAD00039EA0000BC090020014B1868704700BFEC
:10EAE000801B00200148FDF783B800BF481B0020B1
:10EAF0000148FDF7B9B900BF481B002070B500F10F
:10EB000010050446284600F00CFE3F2815D9E17890
:10EB1000002000F05FFF80B1284600F002FE3F2891
:10EB2000E17807D904F50A7240230020BDE870405F
:10EB300000F06CBF002000F05BFF002070BDFFFF05
:10EB400010B5044600F0DEFE08B9002010BD00F04C
:10EB5000E1FE0028F9D1044B4FF42A7202FB043481
:10EB6000207900F00100F1E7841B002008B5044A79
:10EB70004FF42A7303FB0020103000F0BBFD08BDEA
:10EB8000841B002070B54FF42A730A4C58434FF68B
:10EB9000FE764FF6FF732518B24288BF1A46103032
:10EBA00092B2204400F0DEFD04462846FFF7A6FF9F
:10EBB000204670BD841B0020034A4FF42A7303FBD8
:10EBC0000020103000F0E1BD841B00202DE9F04151
:10EBD000054600F097FE10B90020BDE8F08100F076
:10EBE00099FE07460028F7D14FF42A746C43174D5D
:10EBF00004F11C062E44304600F07CFD0028EBD0CA
:10EC000005EB0408384698F8021000F0E3FE0028EF
:10EC1000E2D004F51A74254429464022304600F01B
:10EC2000A1FD98F80210044658B103462A4638461A
:10EC300000F0ECFE38B9064B1B68DB07CCD500BEF4
:10EC4000CBE700F0D5FE2046C7E700BF841B0020BD
:10EC5000F0ED00E00E4B70B54FF42A7404FB003465
:10EC600005464FF6FF734FF6FE70824288BF1A4684
:10EC70001C3492B2204600F08CFD0646204600F07F
:10EC800039FD3F2802D92846FFF7A0FF304670BD66
:10EC9000841B002008B5044A4FF42A7303FB0020AC
:10ECA0001C3000F03EFD08BD841B002013B5134C42
:10ECB0004FF42A720021204603F025F8FF236371E8
:10ECC0004FF4E133A36008220023A381A2730093D1
:10ECD00004F1280101234FF4807204F1100000F0C8
:10ECE000F2FC012300934FF4807204F5947104F157
:10ECF0001C0000F0E8FC02B010BD00BF841B002027
:10ED000010B50A4C00210522204602F0FCFF04F158
:10ED100010001C3400F043FD204600F040FD20466A
:10ED20000121BDE8104000F03FBD00BF841B002062
:10ED3000F7B54B79022B074603D00024204603B0D9
:10ED4000F0BD8B79022BF8D11F4EB3787BBB8B784B
:10ED500033700D7809240D4403E02B781C44A4B2D1
:10ED60001D446B78242B1BD19442F6D96B78042B6D
:10ED700012D16B790A2B0FD1144B2E7801930133EA
:10ED8000009302231A46A919384600F0EFFD70B12E
:10ED90000E3416FA84F4A4B20B48FFF7AFFECDE7A9
:10EDA000052BE3D12946384600F0BCFD28B9084BB5
:10EDB0001B68DB07C1D500BEBFE7AB7873702B784B
:10EDC0001C44A4B21D44D1E7841B0020861B0020F4
:10EDD000F0ED00E038B50B461146127802F0600203
:10EDE000202A47D1244A8C881578A54242D14C78F4
:10EDF000203C032C3ED8DFE804F002141731012B2D
:10EE000005D107231D4A01F097F9012038BD032BD6
:10EE1000FBD11B4B002BF8D01849002001F0CCFE91
:10EE2000F3E7012BF1D1ECE7012B02D101F06CF9F2
:10EE3000EBE7032BE9D14C881471E14301F00101A8
:10EE4000104800F0B1FC104B002BDED0C4F34002A0
:10EE500004F00101002001F09BFED6E7012BE5D074
:10EE6000032BD2D1094B002BCFD049880020AFF320
:10EE70000080CAE70020C9E7841B00208C1B00200B
:10EE8000B90B0100A01B0020910B01000000000045
:10EE90002DE9F0471C46374BDA788A4280460F4608
:10EEA0001D4607D09B788B4259D1AB78BB4234D0FA
:10EEB00001245BE003F50A7103F11000A2B200F037
:10EEC00068FC2D4B2BB92D4BFBB92A48FFF716FEDA
:10EED000EBE795F905300133F5D005F2272606EB6F
:10EEE0000409A6F2172A4E45EDD095F9052016F82B
:10EEF000013F9A42F7D1504600F00CFC0028F2D1B5
:10EF000095F90510AFF30080EDE71D4800F002FC15
:10EF10000028DAD1AFF30080D7E71A4B13B10020F5
:10EF2000AFF300800020FFF751FE0028C0D1164843
:10EF300000F0E0FB0028BBD1002CB9D014F03F0654
:10EF4000B6D1A978404600F045FD04460028AFD070
:10EF500033463246A978404600F058FD06E00B4B98
:10EF60001C6814F0010401D000BE00242046BDE856
:10EF7000F08700BF841B002000000000000000009C
:10EF8000941B002000000000A01B0020F0ED00E01A
:10EF9000704770478B79012B0AD1CB79012B07D1B0
:10EFA0000B78CA185278212A04D1C85C09307047FE
:10EFB0000020704709207047012973B506461446A2
:10EFC0002AD1137803F01F05012D11D113F060032E
:10EFD00008D152780B2A0BD1214601F095F828462A
:10EFE00002B070BD202B03D153781BB1032B07D087
:10EFF0000025F4E7114601F087F801F093FDEEE7F4
:10F0000006220021684602F07EFE06236A4621465B
:10F01000304601F091F8E2E70125E0E78C2200217B
:10F02000014802F070BE00BF2C1E00200020FFF738
:10F03000F5BFFFFF2DE9F7430E4607467379032B13
:10F04000114604D00024204603B0BDE8F083327995
:10F05000C2EBC2041234A4B28C4205D9234B1B6804
:10F06000DA07EFD500BEEDE7214D95F801E0A8469F
:10F07000BEF1000FF2D196F800C006EB0C0191F83A
:10F080000190B9F1210FE9D1C5F8881016F80CC02C
:10F0900005F1010E0235CDF804E00095614400F061
:10F0A00065FC0028DAD0B37998F80210012B04BF70
:10F0B000F37988F80330012388F80430B37888F8AE
:10F0C0000030D8F88830B3F80730A8F806300029A7
:10F0D000B9D04023074A384600F098FC0028B2D146
:10F0E000024B1B68DB07AED500BEACE7F0ED00E0DD
:10F0F0002C1E0020741E002013782DE9F3411546C4
:10F1000003F01F02012A06460C4601D000246DE0E0
:10F11000DFF8C081AA8898F80010D2B29142474621
:10F12000F4D113F060031FD0202BEFD16B78013B9B
:10F130000A2BEBD801A252F823F000BFAFF1000078
:10F1400077F2000083F200000DF100000DF10000E5
:10F150000DF100000DF100000DF1000009F20000BA
:10F1600053F200008FF20000012C01D001243DE099
:10F170006A78062ACAD16A88120A212A0AD1D8F8DE
:10F180008820002AC2D01378294602B0BDE8F04199
:10F1900000F0D2BF222AB9D1184601F057FDB8F8C5
:10F1A000063002462946304600F0C6FF1EE0012C1C
:10F1B000DCD1EB886988402B4FEA1122184628BF22
:10F1C000402011F0FF0115D0012B13D90138384B25
:10F1D000397280B20090002001F096FD0444A4B280
:10F1E0005CB9344B1B68DB0790D500BE204602B0EB
:10F1F000BDE8F0810024304BECE723462E4A294637
:10F20000304600F099FFB1E7012C05D1EB88402B87
:10F210003FF67CAF294AC5E7032CA7D1EB88698864
:10F22000402B4FEA1122184628BF402011F0FF0161
:10F230000DD0012B0BD997F848308B4207D10138FC
:10F240001F4B80B20090002001F060FD8EE71B4B49
:10F25000F8E7012C8AD169881A4B090A79712BB118
:10F260000020AFF3008000283FF450AF294630461D
:10F2700000F04AFF7AE7012C7FF478AF2346124A68
:10F2800090E7012C7FF472AF2346104A8AE7012CE5
:10F29000ECD0032C7FF46AAF69880D4BC9B2397189
:10F2A000002B3FF463AF0020AFF300805EE700BFA8
:10F2B000351E0020F0ED00E0341E0020741E0020FA
:10F2C000751E002000000000311E0020301E0020AE
:10F2D000000000002C1E002037B51A4CA2788A428C
:10F2E0000546607813D088420AD1174A12B9012026
:10F2F00003B030BD9AB215490020AFF30080F6E7A5
:10F30000134B1B68DB0700D500BE0020F0E79042DE
:10F31000EBD000229BB211461046009304F1480343
:10F3200001F0F4FC402304F14802A178284600F0E3
:10F330006DFB0028DBD1064B1B68DA07E5D500BE64
:10F34000D6E700BF2C1E002000000000341E002065
:10F35000F0ED00E00A4492B291424FEA400001D839
:10F36000824201DB121A92B21046704738B50D4640
:10F37000D41A8188A4B29A423CBF04EB4104A4B2DF
:10F38000BCB1A14205D2914294BF531A8B189BB2D3
:10F39000438199420AD9C2880168C2F30E0202FB76
:10F3A0000311284602F08BFC012038BD5B1A9BB28A
:10F3B000EFE72046F9E7F7B50446900803460D4607
:10F3C0004FF6FF76013B9BB2B3420ED112F003021F
:10F3D00001EB800107D002A8002340F8043D02F0B1
:10F3E0006EFC019B236003B0F0BD55F8047B2760E1
:10F3F000E8E72DE9F3470F46BDF8281084885E1A28
:10F40000B6B28B423CBF06EB4406B6B280466EB342
:10F41000B44206D29C4294BF191BE11889B24181C3
:10F420002646964228BF16468C4223D9B8F80630A5
:10F43000D8F80050C3F30E03641A9AB2A4B202FBC8
:10F4400001559DF82C10A6EB040914FB03FA19FBD7
:10F4500003F901291FFA8AFA1FFA89F918D0A6427E
:10F460000BD872432946384602F029FC304602B0D8
:10F47000BDE8F087091B89B2D6E7524629463846CF
:10F4800002F01DFC4A46D8F8001007EB0A00EBE733
:10F49000A64207D816FB03F292B229463846FFF778
:10F4A0008AFFE3E72AF00304A4B22246294638463D
:10F4B000FFF781FF1AF0030A28D0CAF104039BB2B8
:10F4C0004B4505EB040102AC28BF4B460020A9EBDD
:10F4D000030944F8040D1FFA89F90A5C0255421C1D
:10F4E00092450CD1D8F8001020440B44994208D121
:10F4F000019B3B60B9F1000FB8D04A46CEE71046F9
:10F50000EBE711F8012B00F8012FEFE7D8F8001016
:10F51000F0E7F7B59408234605464FF6FF76013B22
:10F520009BB2B3420CD112F0030200EB840005D071
:10F530000B6802A941F8043D02F0C1FB03B0F0BD25
:10F540000F6845F8047BEAE72DE9F74F1446C279C6
:10F550000589B0F804800F4641899B46D3090646C9
:10F56000ADB289B215D18D4236BFC1EB4801691ADF
:10F57000491989B2414536BFA8EB0101002189B282
:10F580008C4228BF0C46002C50D1204603B0BDE869
:10F59000F08F44450CD3BBF1000F06D1C288A4EB19
:10F5A0000804C2F30E0202FB04770D464446EAE764
:10F5B0008D424FEA480036BF421A6A1A521992B277
:10F5C00022448242DFDBA8EB040292B24046FFF7FE
:10F5D000C1FE0546D7E7ACEB080C1FFA8CFCC4450E
:10F5E000F9D2A8EB0C01F088336889B2C0F30E00A1
:10F5F000A4EB010982B211FB00FA19FB00F9BBF17F
:10F60000010F1FFA8AFA1FFA89F902FB0C3819D088
:10F610008C420DD862433946404602F050FB2246E8
:10F620002946B088FFF796FE3081AEE7AC46D6E7B4
:10F6300052463946404602F042FB4A4607EB0A0171
:10F640003068EAE78C4207D814FB00F292B23946E0
:10F650004046FFF75EFFE2E72AF0030B1FFA8BFB41
:10F660005A4639464046FFF754FF1AF0030A28D09D
:10F67000CAF1040080B2484502AB28BF48463A6848
:10F6800043F8042DA9EB0009D8441FFA89F9002199
:10F69000CA5C08F8012001318A45F9D19A443368DF
:10F6A0000AEB00015A1E514506D11844B9F1000F6A
:10F6B000B5D04A463946CCE71AF801CB02F801CF5B
:10F6C000F1E73068F2E7B2F5004F11D88280C288C6
:10F6D000016063F30E029DF80030C280C2F307227E
:10F6E00063F3C71200234381C27103810120704775
:10F6F000002070470389428981889BB292B293426D
:10F7000036BFC2EB41029B1A9B1898B2884228BFB1
:10F7100008467047028943899BB29B1A5842584158
:10F7200070478288038940899BB280B2834236BF8A
:10F73000C0EB4200181AC01880B2824286BF101A6D
:10F7400080B20020704710B5028943890446FFF754
:10F750000DFE6189034682B2A088FFF7FBFD608140
:10F76000184610BD73B5038945890026CDE90056BA
:10F770000446FFF73EFE618903460246A088FFF774
:10F78000E9FD6081184602B070BD02894389FFF728
:10F79000EDBD12B10023FFF7D7BE1046704700231E
:10F7A0004381038101207047C37961F3C713C3719B
:10F7B0000120704708B5034640890A4601469888EB
:10F7C000FFF7C8FD588108BD70B505894389848855
:10F7D000ADB29BB29D4236BFC3EB4402EA1A521946
:10F7E00092B2944206D2AC4294BF2B1B63199BB2D7
:10F7F000438122462AB9C1E900228A6070BD2D1BCF
:10F80000ADB2AC42FBD99C420AD90068AB4200EBD6
:10F8100003064E6007D200230A804B808B60EDE721
:10F820001B1B9BB2EFE7E31A9BB2D21A0B804A80F4
:10F830008860E3E70A4B1B78834206D9094B1B68B3
:10F8400000EB400003EBC00070479A1C8242A1BF4E
:10F85000C01A054B182202FB0030B8BF00207047C9
:10F86000BC1E0020B81E0020D06F010070B5134DE3
:10F87000064600242B78E0B20233834210DA3B22A2
:10F8800000210F4802F03FFA1022FF210D4802F03C
:10F890003AFA1422FF210C48BDE8704002F033BA56
:10F8A000FFF7C8FF013428B9084B1B68DB0700D5F8
:10F8B00000BE70BD436830469847DBE7BC1E0020A1
:10F8C000BD1E0020C01E0020D01E0020F0ED00E074
:10F8D00070B50C4605461646086800F06DFC2368B6
:10F8E000324628460121BDE870401847044B1B787A
:10F8F00010B1184600F060BE184600F073BE00BF9D
:10F9000058000020024B5878003018BF0120704783
:10F91000BD1E0020024B1878C0F38000704700BF66
:10F92000BD1E002038B58B7803F07F03092B0C46F1
:10F9300006D90B4B1B68DB0700D500BE002038BD85
:10F94000084B1D78084B2046997800F0FFFF0028EF
:10F95000EFD021462846BDE8384000F05FBE00BF2A
:10F96000F0ED00E058000020BD1E00202DE9F0471A
:10F97000DDE9085680460C4691469A460027B9456F
:10F9800001DC01200CE06378052B04D1E17801F063
:10F990000301514508D00E4B1B68DA0702D4002042
:10F9A000BDE8F08700BEFAE721464046FFF7BAFF00
:10F9B00028B9074B1B68DB07F1D500BEF0E7A1783B
:10F9C000CB0914BF31702970237801371C44D6E766
:10F9D000F0ED00E0CB0901F07F00273303EB40039B
:10F9E00002480021184400F089BF00BFBD1E00205E
:10F9F000CB0901F07F00273303EB400302480021CD
:10FA0000184400F092BF00BFBD1E002038B5154C51
:10FA100001F07F0504EB450404EBD1142034E079B8
:10FA2000C00707D5104B1B68DA0701D4002038BD8A
:10FA300000BEFBE7E5790D4845F001050078E5716A
:10FA400000F0D2FE0028F2D1E37960F30003E37105
:10FA5000E37960F38203E371034B1B68DB07E5D5B1
:10FA600000BEE4E7BD1E0020F0ED00E058000020DD
:10FA700010B50C4C01F07F0204EB420404EBD114EE
:10FA80002034E3799B070BD4074B187800F0D0FEA5
:10FA9000E37943F00203E371E37943F00103E37197
:10FAA00010BD00BFBD1E00205800002010B50C4C3A
:10FAB00001F07F0204EB420404EBD1142034E3791B
:10FAC0009B070BD5074B187800F0DEFEE3796FF348
:10FAD0004103E371E3796FF30003E37110BD00BFED
:10FAE000BD1E0020580000202DE9F04FBA4B1B78B6
:10FAF000FF2B89B000F09982B84B1D682C4600207E
:10FB000054F8043B9847204605A9FFF71CFE2B68D4
:10FB1000044601209847002C00F087829DF815309C
:10FB2000013B072B00F2AE82DFE813F00800130060
:10FB3000AC028A0299021F005802A5029DF8140027
:10FB4000FFF794FE00F030FBA54B9DF818209A704B
:10FB5000D2E79DF81400FFF789FE00F025FBA14BCA
:10FB6000002BC9D0AFF30080C6E79D4C9DF8145020
:10FB7000237843F00103237094F827306FF30003D8
:10FB800084F8273094F827306FF3820384F8273005
:10FB900094F828306FF3000384F8283094F8283064
:10FBA0006FF3820384F82830002000F005FB9DF8F5
:10FBB000187007F06008B8F1600F0FD18A4B1B680E
:10FBC000DC0700D500BE9DF81400002100F030FED7
:10FBD00080219DF8140000F02BFE8DE7B8F1400F56
:10FBE0000DD182480028EED000F0E6FA06AA0121E5
:10FBF0002846AFF3008000287FF47EAFE3E707F0EC
:10FC00001F07012F00F0938119D3022FD6D19DF841
:10FC10001C1001F07F06092ED0D804EB460606EB37
:10FC2000D116F07CFFF706FE8146B8F1000F00F018
:10FC3000AA810028C7D006AA00F10C010FE0B8F194
:10FC4000200F10D19DF81C300F2BBCD81C44E0783D
:10FC5000FFF7F0FD0028B6D006AA00F10C012846F7
:10FC6000FFF736FEC7E7B8F1000FA7D19DF81930AE
:10FC7000092BA3D801A252F823F000BF17FF000000
:10FC800005FF0000BDFB0000F1FE0000BDFB000011
:10FC9000A5FC000031FE0000BDFB0000BFFC000021
:10FCA000D3FC000006A800F08DFA9DF81A10284633
:10FCB00000F0B2FC237843F0020323701CE708AA8B
:10FCC000637802F80E3D012306A9284600F034FAB5
:10FCD00012E79DF81A906378994531D063783BB16B
:10FCE000284600F067FDA6782846FFF7BFFDA670FE
:10FCF000B9F1000F00F0968009F1FF30C0B200F0BA
:10FD0000B3FF10B14378022B06D0374B1B68DF07D7
:10FD10007FF554AF00BE51E7C2792378511161F3EA
:10FD20000413921162F3451323704388C31800F142
:10FD300009060293029BB34209D82D4B002B6ED1CA
:10FD400084F8019006A9284600F0DEF9D4E673781D
:10FD50000B2B03BF337896F80380F6184FF0010899
:10FD60007378042BD1D1029B9B1B9BB2039300237E
:10FD70000193204B9DF804701B780233BB4225DBB6
:10FD80003846FFF757FD83460028BED08368039AA4
:10FD9000314628469847082882463DD9039B83422E
:10FDA0003AD3B8F1010F06D1DBF80820124B9A4282
:10FDB00008BF4FF002080022D3B2434520D331469A
:10FDC0003B4652460D4800F0F1FD5644094B1B7866
:10FDD00002339F42AEDD98E758000020F81E002055
:10FDE000BD1E002000000000F0ED00E0000000005B
:10FDF00000000000BC1E002031ED0000D01E0020DD
:10FE0000B1780B44A34951FA83F30132D978FF2921
:10FE10007FF47BAFDF70CFE7019B0133A8E7AFF33F
:10FE200000808DE79C4B002B8AD0AFF3008087E7E2
:10FE3000BDF81A00030A5A1EC0B20E2A3FF6C3AE1E
:10FE400001A151F822F000BF85FE0000AFFE0000C6
:10FE5000CFFE0000C7FB0000C7FB0000E3FE000070
:10FE6000AFFE0000C7FB0000C7FB0000C7FB00009F
:10FE7000C7FB0000C7FB0000C7FB0000C7FB00007A
:10FE80008FFE000000F0DAFE122302460AE0834BE8
:10FE9000002B3FF498AEAFF30080024600283FF4F9
:10FEA0008DAE438806A9284600F046F9A3E6022B4A
:10FEB00006D100F0D9FE00283FF480AE4388E4E785
:10FEC000774B002B3FF47FAEAFF30080F3E7BDF834
:10FED0001C1000F0CFFE024600283FF474AE0378F9
:10FEE000E0E7704B002B3FF46EAEAFF30080F2E71B
:10FEF000BDF81A30012B7FF466AE237843F0080377
:10FF000023701FE7BDF81A30012B7FF45CAE237815
:10FF10006FF3C303F4E72378C3F340129B0803F0A5
:10FF20000203134308AA22F80E3D0223CCE69DF8F3
:10FF30001C300F2B3FF647AE1C44E078FFF77AFCED
:10FF400000283FF440AE00F10C0106AA2846FFF756
:10FF5000BFFC00287FF4D0AD9DF8183013F060048A
:10FF60007FF431AE9DF819300A3B012B3FF62BAEE2
:10FF700000F022F99DF819300A2B7FF4E3AE08AAAD
:10FF800002F80E4D9FE69DF81930012B03D01DD3CA
:10FF9000032B7FF413AEBDF81A2022B9012B28469B
:10FFA00019D1FFF783FDB9F1000F3FF4A5AD06AA03
:10FFB00009F10C012846FFF78BFC002000F0FCF84B
:10FFC00094F82830DE073FF597ADBBE696F827306A
:10FFD000C3F34003A6E7FFF74BFDE4E79DF81810D5
:10FFE0002C4B01F07F0403EB440303EBD11393F894
:10FFF00027006FF3000083F8270093F827006FF3C2
:020000021000EC
:10000000820083F827003CB9079B9DF819209DF8D2
:10001000140000F0E3F86FE5D87CFFF70BFC38B96B
:10002000214B1B68D80700D500BE09B0BDE8F08F92
:100030000469079B9DF819209DF81400A0475BE513
:10004000144B1A78D1077FF557AD184A002A3FF4B0
:1000500053AD1878C0F3C000AFF300804CE50D4BF2
:100060001B78DA077FF548AD114B002B3FF444AD08
:10007000AFF3008040E5069B002B3FF43DAD0798B1
:10008000984739E5084B1B68DB077FF535AD00BEA7
:1000900032E500BFBD1E002000000000000000008F
:1000A0000000000000000000F0ED00E00000000093
:1000B00000000000124B9989DA8970B58C1AA4B23D
:1000C000054693F90000402C28BF4024002809DA97
:1000D000914212D099680B48224601F0F0FD802130
:1000E000084A04E091424FF00001F9D10022234672
:1000F0002846BDE87040FFF789BC8021F6E700BFC5
:10010000FC1E0020101F002030B40A4C05460A4691
:1001100008684968234603C30023C4E9023392F9FF
:1001200000209A4228461A46ACBF8021194630BCAE
:10013000FFF76CBCFC1E0020F8B5194D0C460746B5
:1001400008684968AA602E4603C60021E981E18853
:100150008B4228BF0B46AB8179B143B13AB9114B01
:100160001B68DA0701D40020F8BD00BEFBE7384663
:10017000FFF7A0FF68B10120F6E794F90030002BEB
:100180000A460B463846ACBF80210021FFF73EFCF3
:10019000F0E7044B1B68DB07E5D500BEE4E700BFD2
:1001A000FC1E0020F0ED00E014220021014801F0C7
:1001B000AABD00BFFC1E0020014B1861704700BFA4
:1001C000FC1E00200146044A00684968134603C328
:1001D0000023C2E902337047FC1E002070B52F4C8B
:1001E0001E462378C909B1EBD31F054616D03EB190
:1001F0002B4B1B68DA0701D4002070BD00BEFBE763
:10020000284B13B12146AFF3008023690BB90120BD
:10021000F3E7224A032128469847F8E794F900308B
:10022000002B06DBA0680028E6D032461E4901F00C
:1002300046FDA368E28933443244A360E38892B266
:100240009342E28101D03F2E24D823699BB994F9CF
:100250000030002B4FF000031A46ACBF8021194636
:100260002846FFF7D3FB0028D1D10D4B1B68DB07D5
:10027000C2D500BEC1E70221084A28469847014678
:100280000028E4D1284600F0D3FA8021284600F067
:10029000CFFABCE72846FFF70DFFE4E7FC1E00207D
:1002A000F0ED00E000000000101F002030B5034614
:1002B0008518EC1A012C09D854086FF0010303FBD0
:1002C000042212B110F814300B7030BD33F8024B19
:1002D0000C80EEE7F0B585B00F4601A9154606463D
:1002E000FFF772FABDF804400298AC4228BF2C46D2
:1002F0002D1B22463946ADB2FFF7D8FF55B1BDF8E8
:10030000063003989D4228BF1D462A46FFF7CEFFC0
:100310002C44A4B221463046FFF74CFA05B0F0BD9C
:100320002DE9F843174BDC8881461F4634B91C7011
:100330005C709C70DC700120BDE8F883B0F85E80D2
:1003400008F07F084445254628BF45464DB11E6844
:100350005B7ADB0700F114012A4630460DD5FFF722
:10036000B9FF454538BF4FF40043A4EB050438BF3F
:10037000A9F82230FC800020DEE72E44FFF796FF2C
:100380003E60EEE7501F002070B50446BDF81050E7
:10039000FAB14FF484602084208C8606FCD517487F
:1003A000467A858061F300064672C580EDB1036030
:1003B000BAB1B4F86030DB0B03D0B4F854301B068C
:1003C0000CD40F4B186810F0010001D000BE0020C3
:1003D00070BD0284208C8006FCD4E0E72046FFF745
:1003E0009FFF0120A4F86000F2E705230570457027
:1003F0008570C570A4F860300120E9E7501F002027
:10040000F0ED00E02DE9F84F314E0C2303FB0163C2
:100410000546B3F806800C46B8F1000F17D131B18C
:1004200001F1370235F812305904FBD404E0294BAE
:100430001B68D80700D500BE0C235C43321900238B
:100440003355012053709370D370BDE8F88F8BB291
:1004500043F480620285A0F86430B0F86CA01FFA03
:100460008AFA2B8D03F00F039C42FAD16B8D9A040C
:10047000FCD5D045474628BF574687B14FF00C0BF7
:100480000BFB04FB06EB0B0305F1180153F8089B6B
:100490005B78DB073A46484613D5FFF71BFF574505
:1004A0003CBF4FF400436B8500232B85288D10F053
:1004B0000F00FBD10C2303FB0464A8EB0707E780C4
:1004C000C3E7B944FFF7F2FE46F80B90E7E700BF39
:1004D000501F0020F0ED00E02DE9F843DFF8D4C014
:1004E000BDF82050D7098E4602F07F020CEB0711B1
:1004F0000A44044692F8781041B92D4B186810F060
:10050000010001D000BE0846BDE8F8830C224A4332
:100510000CEB02064CF8023096F80990B5806EF3A9
:10052000000986F80990F580BFB11DB1FFF76AFF99
:100530000120E9E78BB20385238D03F00F03994275
:10054000FAD1638D9E04FCD54FF4004363850023EC
:100550002385238D1D07FCD1EAE74B1E042BE7D82A
:1005600001F1230610EB8603E2D08AB200EB4101D1
:10057000A0F86420B0F86C20B1F86E00800718BFB6
:10058000A1F86E7014F82600002004F8260092B23C
:100590005878154401205870013D95FBF2F55D80B7
:1005A0005A7842F002025A70A1F86E00ACE700BF20
:1005B000F0ED00E0501F0020084B03EBC000426844
:1005C00053B2002B08DB012102F01F0201FA02F2F4
:1005D0005B09034941F82320704700BF5C000020FD
:1005E00000E100E00A4B03EBC000426853B2002B6D
:1005F0000DDB01215B0902F01F0201FA02F2203338
:10060000044941F82320BFF34F8FBFF36F8F70472A
:100610005C00002000E100E07047FFFF2DE9F84F8B
:10062000CE78B1F804A006F00306012E8046CAF386
:100630000A0A04D1BAF5807F06D9002060E0022EB4
:1006400004D067D8012E70D13F4B0CE03E4B93F89D
:100650002C20002A56D093F83820002A54D093F842
:100660004420002A52D01A7D002A51D093F820301D
:10067000002B5AD102248978344B334A53F838700E
:100680004FEAD1194FEA09150C2303FB042301F0AB
:100690007F0B2A445A441972404682F87840FFF78B
:1006A000A1FFA3B207EB4402A7F864304FF44073F4
:1006B000A7F86CA0022EA2F86E304FF00003A2F84B
:1006C0006E3045EA0B0337D143F485439BB2A7F85C
:1006D0006830012303FA04F4A4B284F4FF71594092
:1006E000A7F84610F98E0C43FC86B9F1000F01D132
:1006F000022E01D0A2F86E304046FFF75DFF0120C8
:10070000BDE8F88F0324B6E70424B4E70524B2E774
:100710000124B0E70C4B06240C2202FB0430007AC3
:100720000028A8D001340A2CF7D1094B186810F022
:100730000100E5D000BE80E7032E0CBF43F4004368
:1007400043F44243C2E700BF501F00205C0000207A
:10075000F0ED00E0154B70B553F83050144BE88EB7
:1007600001F07F06C90909015A183244012492F8A0
:100770007820944020EA0400E8869AB102F1370418
:1007800005EB44040020208094B2A5F864400C24BA
:1007900004FB02320B443344A5F8680083F8780068
:1007A000107270BD05F16004ECE700BF5C00002032
:1007B000501F0020F8B50546FFF714FF094E0A2424
:1007C0000C27013C04D12846BDE8F840FFF7F4BEF1
:1007D00007FB0463197A0029F3D02846FFF7BAFF14
:1007E000EFE700BF501F00202DE9F34198460F4B63
:1007F0000C46174653F830600546FFF7F3FE14F039
:100800007F01CDF800803B4622460AD13046FFF7F3
:10081000BBFD04462846FFF7CFFE204602B0BDE8E8
:10082000F08100213046FFF757FEF2E75C00002020
:1008300038B5134B11F07F02054653F830401BD0FA
:10084000CB09104901EB0311114491F878309BB1A9
:10085000373304EB43048CB12846FFF7C3FE2388EB
:1008600003F0030343F0020323800223238028467E
:10087000BDE83840FFF7A0BE6034ECE738BD00BFEC
:100880005C000020501F00201A4B2DE9F04111F0B0
:100890007F0807460E4653F8305016D0164ACB094B
:1008A00002EB0313434493F8784074B1373405EBFB
:1008B0004404ECB13846FFF795FE4FF48073238073
:1008C000F30905D0012323800DE005F16004F0E772
:1008D000094B434493F87830A5F86430B5F8683094
:1008E0009B0B012BEED13846BDE8F041FFF764BE0B
:1008F000BDE8F0815C000020501F0020037813F059
:10090000010310D10278C2F3800262B9037813F0B8
:10091000010308D10278530705D4037843F0040398
:10092000037001207047002070470378C3F38003F1
:100930004BB1027812F0010105D1027861F3820215
:1009400002701846704700207047FFFF8388C07808
:1009500000F003000228C3F30A0312D01BD80128B9
:100960000DD1022940F2FF3208BF4FF480629A4253
:100970000DD20D4B186810F0010008D000BE002009
:100980007047022904D1B3F5007FF2D101207047EE
:10099000402BEED8FAE702290CBF4FF480624022C8
:1009A0009A42E6D3F2E700BFF0ED00E030B50A442A
:1009B000914200D330BD4C78052C06D18C7804F0E0
:1009C0007F0500EB4505E4092B550C782144EFE742
:1009D0000368DB691847037C0BB901230374704774
:1009E000704713B502AB026803F8011D546819463D
:1009F0000122A04702B010BD007C10B10020FEF71C
:100A0000B5B87047007C10B10020FEF743B97047BD
:100A1000037C13B10020FEF7D9B8704707B5007CFE
:100A200038B10DF107010020FEF7C6F820B19DF89E
:100A3000070003B05DF804FB4FF0FF30F9E710B595
:100A400004460020FEF77CF800B9607C10BD037CF2
:100A500007B513B94FF0FF3012E0FFF7F0FF0028A1
:100A6000F8D00020FEF782F80028F3D001220DF123
:100A700007010020FEF786F80028EBD09DF807005C
:100A800003B05DF804FB037C2DE9F041884617466E
:100A900023B3FFF7D4FF08B30020FEF727FF3D463E
:100AA0000024FDB10020FEF7F5F830B90120FEF773
:100AB0001DFF0020FEF78AF8F3E7A842024608EB84
:100AC000040128BF2A460020FEF7C4F8064601208C
:100AD000FEF70CFF1EB13444AD1BEAE700242046AC
:100AE000BDE8F0813C46FAE738B5037C04460BB913
:100AF000002038BD4FF0FF300021FEF7F5FF204603
:100B0000FFF79DFF0028F3D0054D2C78002CF0D086
:100B10000A20FDF79DFF00232B702046E9E700BF68
:100B20006400002030B5164B16494AF20252A3F871
:100B3000FE23154A8BB011604FF42542A3F8FE2323
:100B400006238DF81430052301248DF8153005A9EE
:100B5000032301A88DF816308DF817308DF8184052
:100B60008DF81940F7F76AFD054601A8F7F792FDE1
:100B7000064B0E2D1C7000D1FEE70BB030BD00BF40
:100B800000E001403581730700E50140102000209E
:100B9000064B1970064B1A70064B1B68B3F5966F1F
:100BA00002D109B9FDF746BA704700BF0020002006
:100BB00001200020FC1F00200A4A0B6813600A4A2B
:100BC00048791060094A08791060094A89791160EA
:100BD000B3F5966F04D1074B1B780BB9FDF72ABA12
:100BE000704700BFFC1F00200C20002008200020C0
:100BF0000420002000200020054B00224FF47A71D1
:100C0000C3E90121034919601A745A74704700BF7F
:100C1000E81F00202070010010B501F1080400F069
:100C20000F02D3B2092ACCBF3733303304F8013D69
:100C3000A1424FEA1010F2D110BDFFFF024800237D
:100C400003714371837170476500002007B5054843
:100C50000023019310B101A8AFF3008003B05DF849
:100C600004FB00BF00000000014B1868704700BF84
:100C70001420002070B5204C94F900300546B3B91B
:100C80001E4B1B6803F1140658692146FFF7C4FF89
:100C900004F108017068FFF7BFFF04F11001B068AC
:100CA000FFF7BAFF04F11801F068FFF7B5FF5DB96F
:100CB000134B40F209425A800123013310485B0074
:100CC00043F44073038070BD052D12D80D4B0C4CBE
:100CD00053F825100122013911F9010F531EDBB21F
:100CE0000028EAD024F812000132212AF4D120236E
:100CF000E3E70020E7E700BF5A2000209CB17F40D7
:100D0000182000204C700100002070477047FFFF42
:100D1000F8B500260F4604461546068046808680B4
:100D2000F7F73BFC874216D8304901EBC701334641
:100D30004868F2B230F812101DB901F03E020A2ADA
:100D400004E0012D09D101F03E02082A0BD00A046B
:100D500006F10106EDD52046F8BD022D08D101F0BF
:100D60003E02042AF1D15A1C24F81310D3B2EEE744
:100D7000032D04D101F03E02062AE0D1F3E7042D51
:100D800002D101F03A02E0E7052D02D101F03A026A
:100D9000D5E7062D03D101F03E02102AD6E7072D34
:100DA00005D101F03E02122ADDD0182ACEE7082D27
:100DB00003D101F03E02022AC8E70A2D03D101F057
:100DC0003E02142AC2E70B2D03D101F03E021C2A79
:100DD000BCE70C2D03D101F03E021A2AB6E70D2D17
:100DE000B5D101F03E021E2AB0E700BFE464010065
:100DF00000F0E6BEFFF7FCBF0368DB0706D44378CC
:100E000003B1FFDE0123437018467047002070478E
:100E100001230360704710B5002814BF0446012465
:100E2000204600F0C5FE30B900F00CF808B900F01B
:100E300085FE8047F4E710BD08B500F07FFE08B5D9
:100E400000F07CFE024B1868BFF35B8F704700BF59
:100E50009C20002081F0004102E000BF83F00043AD
:100E600030B54FEA41044FEA430594EA050F08BF45
:100E700090EA020F1FBF54EA000C55EA020C7FEA09
:100E8000645C7FEA655C00F0E2804FEA5454D4EB86
:100E90005555B8BF6D420CDD2C4480EA020281EA50
:100EA000030382EA000083EA010180EA020281EA88
:100EB0000303362D88BF30BD11F0004F4FEA0131DA
:100EC0004FF4801C4CEA113102D0404261EB4101E9
:100ED00013F0004F4FEA03334CEA133302D052426F
:100EE00063EB430394EA050F00F0A780A4F101042B
:100EF000D5F1200E0DDB02FA0EFC22FA05F2801865
:100F000041F1000103FA0EF2801843FA05F359414A
:100F10000EE0A5F120050EF1200E012A03FA0EFCC9
:100F200028BF4CF0020C43FA05F3C01851EBE371F3
:100F300001F0004507D54FF0000EDCF1000C7EEB10
:100F400000006EEB0101B1F5801F1BD3B1F5001F4E
:100F50000CD349085FEA30004FEA3C0C04F101046D
:100F60004FEA445212F5800F80F09A80BCF1004F96
:100F700008BF5FEA500C50F1000041EB045141EA18
:100F8000050130BD5FEA4C0C404141EB010111F419
:100F9000801FA4F10104E9D191F0000F04BF0146C4
:100FA0000020B1FA81F308BF2033A3F10B03B3F1A2
:100FB00020020CDA0C3208DD02F1140CC2F10C0232
:100FC00001FA0CF021FA02F10CE002F11402D8BF90
:100FD000C2F1200C01FA02F120FA0CFCDCBF41EA5C
:100FE0000C019040E41AA2BF01EB0451294330BD2B
:100FF0006FEA04041F3C1CDA0C340EDC04F1140408
:10100000C4F1200220FA04F001FA02F340EA0300DE
:1010100021FA04F345EA030130BDC4F10C04C4F124
:10102000200220FA02F001FA04F340EA0300294604
:1010300030BD21FA04F0294630BD94F0000F83F44E
:10104000801306BF81F480110134013D4EE77FEA31
:10105000645C18BF7FEA655C29D094EA050F08BF7D
:1010600090EA020F05D054EA000C04BF194610465E
:1010700030BD91EA030F1EBF0021002030BD5FEAA2
:10108000545C05D14000494128BF41F0004130BDCA
:1010900014F580043CBF01F5801130BD01F000451E
:1010A00045F0FE4141F470014FF0000030BD7FEA91
:1010B000645C1ABF194610467FEA655C1CBF0B468C
:1010C000024650EA013406BF52EA033591EA030FA3
:1010D00041F4002130BD00BF90F0000F04BF00219B
:1010E000704730B54FF4806404F132044FF00005CE
:1010F0004FF0000150E700BF90F0000F04BF002147
:10110000704730B54FF4806404F1320410F00045AC
:1011100048BF40424FF000013EE700BF42004FEAA7
:10112000E2014FEA31014FEA02701FBF12F07F4324
:1011300093F07F4F81F06051704732F07F4208BFDB
:10114000704793F07F4F04BF41F40021704730B5E2
:101150004FF4607401F0004521F000411CE700BF2E
:1011600050EA010208BF704730B54FF000050AE0B1
:1011700050EA010208BF704730B511F0004502D5B2
:10118000404261EB41014FF4806404F132045FEAB4
:10119000915C3FF4D8AE4FF003025FEADC0C18BF5D
:1011A00003325FEADC0C18BF033202EBDC02C2F14F
:1011B000200300FA03FC20FA02F001FA03FE40EAE1
:1011C0000E0021FA02F11444BDE600BF70B54FF0E5
:1011D000FF0C4CF4E06C1CEA11541DBF1CEA1355C3
:1011E00094EA0C0F95EA0C0F00F0DEF82C4481EA2B
:1011F000030621EA4C5123EA4C5350EA013518BF4B
:1012000052EA033541F4801143F4801338D0A0FB37
:1012100002CE4FF00005E1FB02E506F00042E0FBE4
:1012200003E54FF00006E1FB03569CF0000F18BFEA
:101230004EF0010EA4F1FF04B6F5007F64F5407492
:1012400004D25FEA4E0E6D4146EB060642EAC62125
:1012500041EA55514FEAC52040EA5E504FEACE2E92
:10126000B4F1FD0C88BFBCF5E06F1ED8BEF1004F95
:1012700008BF5FEA500E50F1000041EB045170BD11
:1012800006F0004646EA010140EA020081EA030155
:10129000B4EB5C04C2BFD4EB0C0541EA045170BD51
:1012A00041F480114FF0000E013C00F3AB8014F1CB
:1012B000360FDEBF002001F0004170BDC4F1000414
:1012C000203C35DA0C341BDC04F11404C4F1200595
:1012D00000FA05F320FA04F001FA05F240EA0200F0
:1012E00001F0004221F0004110EBD37021FA04F626
:1012F00042EB06015EEA430E08BF20EAD37070BDE0
:10130000C4F10C04C4F1200500FA04F320FA05F03E
:1013100001FA04F240EA020001F0004110EBD37040
:1013200041F100015EEA430E08BF20EAD37070BDB0
:10133000C4F1200500FA05F24EEA020E20FA04F389
:1013400001FA05F243EA020321FA04F001F0004138
:1013500021FA04F220EA020000EBD3705EEA430EA9
:1013600008BF20EAD37070BD94F0000F0FD101F0D8
:101370000046400041EB010111F4801F08BF013C11
:10138000F7D041EA060195F0000F18BF704703F04F
:101390000046520043EB030313F4801F08BF013DD6
:1013A000F7D043EA0603704794EA0C0F0CEA135592
:1013B00018BF95EA0C0F0CD050EA410618BF52EA4C
:1013C0004306D1D181EA030101F000414FF0000052
:1013D00070BD50EA410606BF1046194652EA430660
:1013E00019D094EA0C0F02D150EA013613D195EAD4
:1013F0000C0F05D152EA03361CBF104619460AD11C
:1014000081EA030101F0004141F0FE4141F4700125
:101410004FF0000070BD41F0FE4141F4780170BD15
:1014200070B54FF0FF0C4CF4E06C1CEA11541DBF7A
:101430001CEA135594EA0C0F95EA0C0F00F0A7F87C
:10144000A4EB050481EA030E52EA03354FEA0131A9
:1014500000F088804FEA03334FF0805545EA1313BC
:1014600043EA12634FEA022245EA111545EA106584
:101470004FEA00260EF000419D4208BF964244F11B
:10148000FD0404F5407402D25B084FEA3202B61A3A
:1014900065EB03055B084FEA32024FF480104FF40E
:1014A000002CB6EB020E75EB030E22BFB61A754682
:1014B00040EA0C005B084FEA3202B6EB020E75EB15
:1014C000030E22BFB61A754640EA5C005B084FEA7D
:1014D0003202B6EB020E75EB030E22BFB61A75464A
:1014E00040EA9C005B084FEA3202B6EB020E75EB55
:1014F000030E22BFB61A754640EADC0055EA060E16
:1015000018D04FEA051545EA16754FEA06164FEA58
:10151000C30343EA52734FEAC2025FEA1C1CC0D104
:1015200011F4801F0BD141EA00014FF000004FF091
:10153000004CB6E711F4801F04BF01430020B4F152
:10154000FD0C88BFBCF5E06F3FF6AFAEB5EB030C0A
:1015500004BFB6EB020C5FEA500C50F1000041EB07
:10156000045170BD0EF0004E4EEA113114EB5C04D4
:10157000C2BFD4EB0C0541EA045170BD41F48011A7
:101580004FF0000E013C90E645EA060E8DE60CEAAF
:10159000135594EA0C0F08BF95EA0C0F3FF43BAFCC
:1015A00094EA0C0F0AD150EA01347FF434AF95EA83
:1015B0000C0F7FF425AF104619462CE795EA0C0F67
:1015C00006D152EA03353FF4FDAE1046194622E734
:1015D00050EA410618BF52EA43067FF4C5AE50EA0E
:1015E00041047FF40DAF52EA43057FF4EBAE12E7FE
:1015F0004FF0FF3C06E000BF4FF0010C02E000BFDF
:101600004FF0010C4DF804CD4FEA410C7FEA6C5CC1
:101610004FEA430C18BF7FEA6C5C1BD001B050EA64
:10162000410C0CBF52EA430C91EA030F02BF90EA4F
:10163000020F0020704710F1000F91EA030F58BF0E
:10164000994208BF90422CBFD8176FEAE37040F070
:10165000010070474FEA410C7FEA6C5C02D150EA0E
:10166000013C07D14FEA430C7FEA6C5CD6D152EAC9
:10167000033CD3D05DF8040B704700BF844610468E
:1016800062468C461946634600E000BF01B5FFF78D
:10169000B7FF002848BF10F1000F01BD4DF808ED5D
:1016A000FFF7F4FF0CBF012000205DF808FB00BF2E
:1016B0004DF808EDFFF7EAFF34BF012000205DF888
:1016C00008FB00BF4DF808EDFFF7E0FF94BF0120D5
:1016D00000205DF808FB00BF4DF808EDFFF7CEFFD6
:1016E00094BF012000205DF808FB00BF4DF808ED15
:1016F000FFF7C4FF34BF012000205DF808FB00BFE6
:101700004FEA410C7FEA6C5C02D150EA013C0AD1FD
:101710004FEA430C7FEA6C5C02D152EA033C02D1EF
:101720004FF0000070474FF0010070474FEA410250
:10173000B2F1E04324BFB3F5001CDCF1FE5C0DD92F
:1017400001F0004C4FEAC0024CEA5070B2F1004F79
:1017500040EB830008BF20F00100704711F0804F7C
:1017600021D113F13872BCBF01F00040704741F441
:1017700080114FEA5252C2F11802C2F1200C10FA45
:101780000CF320FA02F018BF40F001004FEAC12329
:101790004FEAD32303FA0CFC40EA0C0023FA02F3CD
:1017A0004FEA4303CCE77FEA625307D150EA0133A3
:1017B0001EBF4FF0FE4040F44000704701F0004073
:1017C00040F0FE4040F40000704700BF7BB972B9A2
:1017D0000029BEBF00204FF0004106E008BF0028EE
:1017E0001CBF6FF000414FF0FF3000F0A5B9ADF124
:1017F000080C6DE904CE002909DB002B1ADB00F090
:1018000035F8DDF804E0DDE9022304B0704740421A
:1018100061EB4101002B1BDB00F028F8DDF804E050
:10182000DDE9022304B0404261EB4101524263EB27
:1018300043037047524263EB430300F017F8DDF8AF
:1018400004E0DDE9022304B0404261EB410170474E
:10185000524263EB430300F009F8DDF804E0DDE9F0
:10186000022304B0524263EB430370472DE9F04773
:10187000089E04468846002B4BD18A42154667D9FC
:10188000B2FA82F24AB1C2F1200701FA02F320FA59
:1018900007F7954047EA030894404FEA154E230C9A
:1018A000B8FBFEF71FFA85FC0EFB178843EA0843D6
:1018B00007FB0CF1994209D9EB1807F1FF3080F0D2
:1018C0001B81994240F21881023F2B445B1AA4B25B
:1018D000B3FBFEF00EFB103344EA034400FB0CFCA8
:1018E000A44509D92C1900F1FF3380F00781A445E4
:1018F00040F2048102382C4440EA0740A4EB0C0477
:1019000000271EB1D4400023C6E900433946BDE894
:10191000F0878B4209D9002E00F0EB800027C6E942
:10192000000138463946BDE8F087B3FA83F7002F47
:1019300047D18B4202D3824200F2FA80841A61EBD3
:10194000030301209846002EE0D0C6E90048DDE7F9
:1019500002B9FFDEB2FA82F2002A40F08F80491B02
:101960004FEA154E1FFA85F80127B1FBFEFC230C48
:101970000EFB1C1143EA014308FB0CF1994207D905
:10198000EB180CF1FF3002D2994200F2CD80844670
:10199000591AA3B2B1FBFEF00EFB101443EA044443
:1019A00008FB00F8A04507D92C1900F1FF3302D23B
:1019B000A04500F2B6801846A4EB080440EA0C40AB
:1019C0009FE7C7F1200CBB4022FA0CFE4EEA030E43
:1019D00001FA07F420FA0CF521FA0CF34FEA1E483D
:1019E0002543B3FBF8F92C0C08FB19331FFA8EFAC8
:1019F00044EA034309FB0AF49C4202FA07F200FAA4
:101A000007F10BD91EEB030309F1FF3080F087804B
:101A10009C4240F28480A9F1020973441B1BADB2C1
:101A2000B3FBF8F008FB103345EA034400FB0AFA65
:101A3000A24508D91EEB040400F1FF336BD2A24586
:101A400069D90238744440EA0940A0FB0289A4EB3A
:101A50000A044C45C2464B4654D351D0002E69D09F
:101A6000B1EB0A0564EB030404FA0CFCFD40FC40F6
:101A70004CEA0505C6E90054002747E7C2F12003F8
:101A800020FA03F7954001FA02F021FA03F34FEA36
:101A9000154E3843010CB3FBFEF71FFA85F80EFB19
:101AA000173341EA034107FB08F38B4204FA02F4BF
:101AB00007D9691807F1FF3C2FD28B422DD9023F7D
:101AC0002944CB1A81B2B3FBFEF00EFB103341EA7E
:101AD000034100FB08F38B4207D9691800F1FF3C72
:101AE00017D28B4215D902382944C91A40EA074750
:101AF0003BE73746304609E70746E7E61846FBE688
:101B00004145ABD2B8EB020A69EB0E02013813462D
:101B1000A4E76046E9E7184695E76746D1E78146BE
:101B20007CE702382C4447E7ACF1020C2B442FE74A
:101B3000384608E73746E9E6704700BF08B5062093
:101B400000F046FE012002F07FFF0A22002100F093
:101B500069BF0A22002100F065BFFFFF014B186832
:101B6000704700BF7800002010B5044600F012F85E
:101B70002044407800F0070010BD10B5044600F086
:101B800009F82044407800F0080010BDD0F8EC00BF
:101B90007047FFFF044B054A1B681B6A002B08BFF8
:101BA0001346D3F8EC00704778000020DC000020DA
:101BB000024B0146186800F0FDB800BF7800002015
:101BC000024B0146186800F0A7B800BF780000205B
:101BD00082B001B901A942B14BB113780B60127800
:101BE000101C18BF012002B070471046FBE76FF0D1
:101BF0000100F8E7FFFFFFFFFFFFFFFFFFFFFFFF11
:101C000001F0FF01102A2BDB10F0070F08D010F8AD
:101C1000013B013A8B422DD010F0070F42B3F6D1B1
:101C2000F0B441EA012141EA014122F007047FF0CA
:101C300000070023F0E80256083C85EA010586EA21
:101C4000010685FA47F5A3FA87F586FA47F6A5FA5D
:101C500087F68EB9EED1F0BC01F0FF0102F0070269
:101C600032B110F8013B013A83EA010313B1F8D114
:101C70000020704701387047002D06BF35460338F5
:101C8000073815F0010F07D1013015F4807F02BF2E
:101C9000013015F4C03F0130F0BC0138704700BF7F
:101CA00030B50024A24201D1002007E0035D0134D9
:101CB0000D1915F8015CAB42F4D0581B30BD10B5BE
:101CC000431E0A44914200D110BD11F8014B03F8A4
:101CD000014FF7E7884210B501EB020307D8421E17
:101CE00099420AD011F8014B02F8014FF8E78342FC
:101CF000F5D98118D21AD34200D110BD13F8014D85
:101D000001F8014DF7E702440346934200D17047C2
:101D100003F8011BF9E7FFFF38B50546002945D058
:101D200051F8043C0C1F002BB8BFE41801F004FE6E
:101D30001F4A1368104633B9636014602846BDE833
:101D4000384001F0FABDA3420CD9216862189342D1
:101D500004BF1A685B68636004BF521822600460A5
:101D6000ECE713465A680AB1A242FAD91968581822
:101D7000A0420BD120680144581882421960DDD17D
:101D8000106852685A6001441960D7E702D90C23E1
:101D90002B60D3E7206821188A4204BF116852687B
:101DA000626004BF091821605C60C7E738BD00BFEE
:101DB000A020002070B5CD1C25F0030508350C2DA2
:101DC00038BF0C25002D064601DBA94203D90C23A0
:101DD0003360002070BD01F0AFFD214A1468214638
:101DE00091B9204C23681BB9304600F0B9FC206043
:101DF0002946304600F0B4FC431C24D10C23336048
:101E0000304601F09AFDE4E70B685B1B18D40B2BFE
:101E10000FD90B60CD50CC18304601F08EFD04F187
:101E20000B00231D20F00700C31AD3D05A42E25002
:101E3000D0E78C424B6816BF636013600C46EBE73B
:101E40000C464968CCE7C41C24F00304A04205D02A
:101E5000211A304600F084FC0130CFD02560DBE74A
:101E6000A0200020A42000202DE9FF4755EC104BB6
:101E70000D9FDDF830A0002D0E4691461946B8BFE3
:101E800022462B4627F02007BBBF05F100431D4625
:101E900000232D23B8BF1446462F0B7004D0452FC6
:101EA00000D10136022100E0032103AB019302AB14
:101EB00000933246534645EC104B00F0ADFE472FE1
:101EC000804602D119F0010F26D0462F08EB0609F3
:101ED00011D198F80030302B0AD10022002320467F
:101EE0002946FFF7DBFB18B9C6F10106CAF8006006
:101EF000DAF8003099440022002320462946FFF7F3
:101F0000CDFB38B93022039B4B4505D2591C0391B8
:101F10001A70F8E7CDF80C90039B0E9AA3EB080318
:101F20004046136004B0BDE8F087F7B500290446C9
:101F3000BABF49422D232B23092904F8022B4370F1
:101F400020DD0DF107031F460A2691FBF6F506FB7F
:101F500015113031092D03F8011C03F1FF32294618
:101F600009DC3031023B02F8011CBB42224604D39B
:101F7000101A03B0F0BD1346E7E713F8012B04F87D
:101F8000012BF2E7302319448370021DC170EFE783
:101F90002DE9F04F8DB00C46DDF8588016461F46EF
:101FA000054601F0BBFC03680493184600F08AFC68
:101FB00000230A93D8F800300590073323F0070375
:101FC00003F1080294F818A0D4F800B0C8F8002073
:101FD000D3E90023C4E91223D4E9128929F000438C
:101FE0000793CDF818804FF0FF32A74BDDE90601CB
:101FF000FFF786FB70BB4FF0FF32A34BDDE9060114
:10200000FFF760FB30BB0022002340464946FFF744
:102010004FFB10B12D2384F843309C4A9C4BBAF1FE
:10202000470F8CBF9046984603232BF00402236190
:1020300022604FF00009009733460BAA214628463C
:1020400000F0E6F9013040F08D804FF0FF300DB028
:10205000BDE8F08F42464B4640464946FFF750FBED
:1020600010B18C4A8C4BDAE761684B1C4BF48062F0
:102070000AA83ED1062363600023CDE9020309AB21
:10208000009349EC108B0DF123032260CDF804A0DE
:1020900061682846FFF7E8FE0AF0DF03472B804619
:1020A00009D1099BD81C02DB6268934247DDAAF183
:1020B000020A5FFA8AFABAF1650F099924D8013940
:1020C000524604F150000991FFF72FFF0A9A1318A6
:1020D000012A8146236102DC2268D10701D5013340
:1020E00023619DF82330002BA5D02D2384F84330A5
:1020F000A1E7BAF1670F00F07781BAF1470FBBD1C2
:102100000029B9D10123B6E7BAF1660F19D1002928
:1021100063680CDD216113B92268D20702D501334F
:102120000B442361099BA3654FF00009D9E713B95C
:102130002268D00701D50233F3E70123F1E74FF01E
:10214000670ADDE90932934205DB22682361D10782
:10215000E8D50133E5E7002BD4BFC3F10203012327
:102160001344DEE723685A0507D423694246314603
:102170002846B84701302BD167E7BAF1650F40F226
:10218000DC8000220023D4E91201FFF787FA00283F
:1021900033D00123414A31462846B84701303FF445
:1021A00054AFDDE909239A4202DB2368D8070FD533
:1021B000DDE9042331462846B84701303FF445AFF6
:1021C0004FF0000804F11A090A9B013B434509DC62
:1021D00023689B0700F10381E0680B9B9842B8BF1E
:1021E000184634E701234A4631462846B8470130AD
:1021F0003FF42BAF08F10108E6E7099B002B2BDC2D
:102200000123264A31462846B84701303FF41DAF26
:10221000099B23B90A9B13B92368D907D8D5DDE9EF
:10222000042331462846B84701303FF40EAF4FF043
:10223000000904F11A0A099B5B424B4501DC0A9B29
:1022400094E70123524631462846B84701303FF40F
:10225000FCAE09F10109EEE70A9AA36D9A42A8BF04
:102260001A46002A914607DD134631464246284663
:10227000B84701303FF4E9AE04F11A034FF0000B08
:1022800029EAE979069315E0FFFFEF7FBE700100B0
:10229000BA700100C6700100C27001000850010050
:1022A0000123069A31462846B84701303FF4CDAEA7
:1022B0000BF1010BD4F858A0AAEB09035B45EFDC46
:1022C000DDE909239A42D04415DB2368DA0712D4EA
:1022D0000A9B0999A3EB0A02A3EB010A9245A8BF46
:1022E0009246BAF1000F0EDC4FF000082AEAEA7AB3
:1022F00004F11A0919E0DDE9042331462846B847FC
:102300000130E5D1A1E65346424631462846B8475A
:102310000130E9D199E601234A4631462846B847BB
:1023200001303FF492AE08F10108DDE909239B1A60
:10233000A3EB0A034345EEDC4AE70A9A012A01DCD3
:10234000DB073AD50123424631462846B8470130DB
:102350003FF47BAEDDE9042331462846B84701301F
:1023600008F101083FF471AE0A9B002203F1FF3A25
:10237000D4E912010023FFF791F9C8B95346424648
:1023800031462846B84701300ED15EE60123524659
:1023900031462846B84701303FF457AE08F10108EE
:1023A0000A9B013B4345F1DC4B4604F15002DEE65B
:1023B0004FF0000804F11A0AF2E70123DFE70123D6
:1023C0004A4631462846B84701303FF43EAE08F150
:1023D0000108E3680B9A9B1A4345F0DCFCE64FF0DA
:1023E000000804F11909F4E700293FF48BAE00233B
:1023F000CDE9020309AB009349EC108B2260CDF8C4
:1024000004A00DF123032846FFF72EFD804648E681
:102410002DE9F04791461F468A680B69DDF8208058
:102420009342B8BF1346C9F8003091F843200646DE
:102430000C4612B10133C9F800302368990642BF37
:10244000D9F800300233C9F80030256815F00605C8
:1024500007D104F1190AE368D9F800209B1AAB42AE
:1024600028DC94F843302268003318BF0123920619
:102470002DD404F1430239463046C047013020D004
:102480002368E568D9F8002003F00603042B08BF91
:10249000AD1AA36822690CBF25EAE57500259342B1
:1024A000C4BF9B1AED184FF000091A344D451AD1DC
:1024B000002008E00123524639463046C04701302B
:1024C00003D14FF0FF30BDE8F0870135C3E7E118D5
:1024D0005A1C302081F84300224494F8451082F8B9
:1024E00043100233C5E70123224639463046C04730
:1024F0000130E6D009F10109D8E7FFFF2DE9F043EB
:1025000001F1430C0C46097E85B06E29174606463C
:1025100098460C9A00F0B38022D8632936D00AD8A6
:10252000002900F0B980582900F0838004F14205A9
:1025300084F8421032E0642901D06929F6D120687C
:102540001368050603F104012AD51B681160002BEE
:1025500003DA2D225B4284F843206F480A2239E0D7
:10256000732900F09D8008D86F2920D07029DDD113
:10257000236843F02003236003E0752917D07829EE
:10258000D4D1782384F84530644855E01368191D88
:102590001B68116004F1420584F8423001238CE08D
:1025A0001B68116010F0400F18BF1BB2CFE7136813
:1025B0002568181D1060280601D51B6802E0680612
:1025C000FBD51B8854486F2914BF0A22082200211A
:1025D00084F843106568A560002DC0F295802168DD
:1025E00021F004012160002B3DD1002D40F08E80B0
:1025F0006546082A0BD12368DB0708D52369626882
:102600009A42DEBF302305F8013C05F1FF35ACEB03
:1026100005032361CDF800803B4603AA21463046DE
:10262000FFF7F6FE01304DD14FF0FF3005B0BDE8A9
:10263000F083394884F84510136821681D1D1B6814
:1026400015600A060BD5CA0744BF41F0200121607E
:102650001BB9226822F0200222601022B7E74D0643
:1026600048BF9BB2EFE76546B3FBF2F102FB1133C3
:10267000C35C05F8013D0B460029F5D1B9E71368A5
:1026800025686169181D106028061B6801D519604E
:1026900002E06A06FBD51980002323616546B9E78D
:1026A0001368191D11601D68626800212846FFF734
:1026B000A7FA08B1401B606063682361002384F8B7
:1026C0004330A7E723692A4639463046C0470130E0
:1026D000AAD023689B0713D4E068039B9842B8BF35
:1026E0001846A3E701234A4639463046C047013021
:1026F0009AD00135E368039A9B1AAB42F2DCEBE710
:10270000002504F11909F5E7002BACD1037884F812
:10271000423004F142056CE7CA700100DB70010031
:102720000FB40A4B13B51C6824B1A36913B9204632
:1027300001F06AF805AB049AA1680193204601F004
:1027400087FD02B0BDE8104004B07047780000205B
:10275000024B0A460146186801F0DABB78000020F7
:1027600038B5064C0023054608462360F9F76AF998
:10277000431C02D1236803B12B6038BDE820002040
:102780001F2938B504460D4604D9162303604FF0BF
:10279000FF3038BD426C12B152F821304BB920469F
:1027A00000F030F82A4601462046BDE8384000F0E7
:1027B00017B8012B0AD0591C03D11623036001203E
:1027C000E7E7002442F82540284698470020E0E744
:1027D000024B01461868FFF7D3BF00BF7800002006
:1027E00038B5074C0023054608461146236002F021
:1027F00013F9431C02D1236803B12B6038BD00BF1D
:10280000E820002002F0F8B80CB430B5174B0C1ECD
:102810009DB01D6808DA8B232B604FF0FF301DB090
:10282000BDE8304002B070474FF40273ADF8143089
:1028300014BF04F1FF332346049307934FF6FF734D
:1028400002900690ADF81630209A21AB02A92846D6
:10285000019301F0DDFB431CBCBF8B232B60002CDC
:10286000DDD0029B00221A70D9E700BF780000205B
:102870000EB400B59CB01DAB029006906FF0004105
:10288000094807910491094953F8042B0591006800
:10289000019302A901F0BCFB029B00221A701CB03C
:1028A0005DF804EB03B07047780000200802FFFFDA
:1028B00010F8012B11F8013B012A28BF9A42F7D0EA
:1028C000D01A7047034613F8012B002AFBD1181ABF
:1028D0000138704710B56AB10139841810F8013B0E
:1028E00011F8012F934203D1A04201D0002BF5D162
:1028F000981A10BD1046FCE7F0B503787BB104468A
:1029000023782046661C7BB14A1E631E12F8015FC5
:102910004DB113F8017FAF423446F7D0F0E70B78A2
:10292000002B18BF0020F0BD1846FCE72DE9F0474A
:102930008046894692461E460F463D46089815F841
:10294000014BFFF723F92044437813F0080332D1F9
:102950002D2C32D17C78BD1C0122002E5DD0102E92
:1029600009D1302C07D12B7803F0DF03582B4FD13E
:102970006C7810260235002A14BF4FF000416FF02A
:1029800000410027B1FBF6FC384606FB1C1EA4F1F3
:102990003003092B17D81C46A64223DD7B1C07D029
:1029A00084451CD301D1A64519DB00FB0640012755
:1029B00015F8014BEBE72F46BFE72B2C04BFBD1CDE
:1029C0007C781A46C9E7A4F14103192B01D8373C9A
:1029D000E2E7A4F16103192B04D8573CDCE74FF080
:1029E000FF37E5E77B1C08D12223C8F800300846F2
:1029F000BAF1000F07D1BDE8F08702B14042BAF149
:102A0000000FF8D00FB105F1FF39CAF80090F2E7D6
:102A10003024002EAFD10826ADE7302CA3D00A26F3
:102A2000A9E7FFFF084B37B51C68084D236A002B48
:102A300008BF2B46009313460A4601462046FFF77F
:102A400075FF03B030BD00BF78000020DC0000201F
:102A500010B50446FFF79EF82044437803F00303C3
:102A6000012B08BF2034204610BD30B5141E05468A
:102A70009BB0184605DA8B232B604FF0FF301BB05C
:102A800030BD4FF40273ADF80C3014BF04F1FF33C6
:102A90002346029305934FF6FF7300910491ADF81E
:102AA0000E3002461E9B6946284601F0B1FA431CCF
:102AB000BCBF8B232B60002CE1D0009B00221A703E
:102AC000DDE7FFFF07B5009313460A4601460348BA
:102AD0000068FFF7CAFF03B05DF804FB7800002030
:102AE00049B1FF2A85BF8A2303600A704FF0FF3087
:102AF00098BF01207047084670472DE9F74F0369DA
:102B00000C69A3428046C0F28280013C01F11407A7
:102B10004FEA840C00F1140657F8245056F82400AC
:102B200006EB0C03013507EB0C090193B0FBF5F53F
:102B300095B34FF0000A3846B646D34650F8042BFA
:102B400093B205FB03A34FEA134A9BB2ABEB03031B
:102B5000120CDEF800B005FB02A213FA8BF34FEA69
:102B6000124A1FFA82FBDEF80020CBEB124202EB86
:102B700023429BB243EA024381454FEA224B4EF87F
:102B8000043BDBD256F80C3033B9019B043B9E4228
:102B90001A4630D3C8F81040404601F0E5F8002846
:102BA00025DB013530464FF0000C57F8042BD0F8E8
:102BB00000E093B2ACEB0303120C13FA8EF3C2EBFA
:102BC0001E4202EB23429BB243EA0243B9454FEA5D
:102BD000224C40F8043BE8D256F8242006EB84034C
:102BE0002AB9043B9E421A460BD3C8F81040284627
:102BF00003B0BDE8F08F1268043B002ACAD1013C43
:102C0000C5E71268043B002AEFD1013CEAE7002047
:102C1000EEE7FFFFFFFFFFFF2DE9F04F57EC106BD2
:102C200097B0456A069104460B921293DDF88080B6
:102C3000CDE900673DB91020FEF7BAFF6062C0E938
:102C400001550560C560636A196851B15A684A60E8
:102C5000012393408B60204600F0A4FE636A0022AB
:102C60001A603B1EBBBF23F00043019300230122E7
:102C7000ACBFC8F80030C8F80020AF4BDDF80480C6
:102C800033EA080314D1129A42F20F731360009BC7
:102C900023B9C8F31300002800F04285219BDFF818
:102CA000ACB2002B00F044850BF1030300F03EBDF5
:102CB000DDE900670022002330463946FEF7EEFCCE
:102CC000814668B1129A01231360219B002B00F00A
:102CD00024859A4B219A03F1FF3B136000F028BD35
:102CE00014AA15A947EC106B204601F0B4F8C8F3FC
:102CF0000A550490002D7CD0C7F3130343F07F5B8B
:102D0000B2464BF4401BA5F2FF35CDF84C900022A3
:102D10008B4B50465946FEF7A1F881A3D3E9002317
:102D2000FEF754FA80A3D3E90023FEF799F806468C
:102D300028460F46FEF7E0F97DA3D3E90023FEF70E
:102D400045FA02460B4630463946FEF789F80646F4
:102D50000F4601F019FE0022824600233046394614
:102D6000FEF7A6FC48B15046FEF7C6F932463B4690
:102D7000FEF794FC08B90AF1FF3ABAF1160F59D8D8
:102D8000704901EBCA01DDE90023D1E90001FEF73A
:102D9000ADFC002850D00AF1FF3A00230F93149B9A
:102DA0005D1BB5F1010849BFC5F10103002305937F
:102DB0004FF0000858BF0593BAF1000F3EDB002327
:102DC000D044CDF838A00793069B092B00F29080E1
:102DD000052BC4BF043B0693069BA3F10203CCBFA3
:102DE00000250125032B00F28F80DFE803F07D7FB3
:102DF0003171DDE914531D4405F23240202813DD02
:102E0000C0F14000009B08FA00F805F2124023FAD6
:102E100000F048EA0000FEF75FF901238246A1F1C5
:102E2000F87B013D139372E7009BC0F1200003FA89
:102E300000F0F0E70123B1E70F90B0E7059BA3EBAB
:102E40000A030593CAF10003079300230E93BBE71F
:102E500001230A930B9B002B59DD02939946666A66
:102E600000227260042202F114009842716853D962
:102E7000204600F063FD636A3060B9F10E0FD3F8AD
:102E800000B000F2E680002D00F0E3809DED007BB5
:102E9000BAF1000F8DED107B74DD2A4A0AF00F03A2
:102EA00002EBC30393ED007B4FEA2A16F0068DED8B
:102EB000087B65D5244BDDE91001D3E90823FEF733
:102EC000AFFACDE9000106F00F0603251E4F4CE0D6
:102ED00001230A930B9B534403F1010902934B46D0
:102EE000012BB8BF0123BAE70023B2E70023F0E7C4
:102EF0000125002306930A954FF0FF33029399466C
:102F0000002212230B92AAE701230A93F4E701237C
:102F1000029399461A46F5E7013171605200A2E723
:102F200061436F63A787D23FB3C8608B288AC63FCF
:102F3000FB799F501344D33F0000F07F09500100FC
:102F40000000F83F8872010060720100F671010014
:102F5000F10708D5DDE90801D7E90023FEF736F9C6
:102F6000CDE90801013576100837002EF0D1DDE9F2
:102F70000823DDE90001FEF753FACDE900011AE06C
:102F80000225A3E700F0A080CAF100069F4BA04FE6
:102F900006F00F0203EBC203D3E90023DDE91001C1
:102FA000FEF714F9CDE90001361100230225002EA9
:102FB0007FD1002BE1D10F9B002B00F08780DDE952
:102FC00000670022934B30463946FEF771FB00281C
:102FD0007CD0B9F1000F79D0029B002B35DD0AF1CE
:102FE000FF330893394600228B4B3046FEF7EEF84C
:102FF000CDE90001029F01352846FEF77DF8DDE9A5
:103000000023FEF7E3F80022844BFDF729FF054675
:10301000A1F15076002F5DD10022814BDDE9000146
:10302000FDF71CFF2A463346CDE90001FEF75EFBA3
:10303000002840F088822A4606F10043DDE90001BD
:10304000FEF736FB002840F07C82DDE91023CDE955
:103050000023159B002BC0F25081BAF10E0F00F334
:103060004C816A4B03EBCA0393ED007B0B9B002B57
:103070008DED027B80F2D880B9F1000F00F3D4808F
:1030800040F05E820022664B51EC170BFEF79EF873
:10309000DDE90023FEF720FB4F464E46002840F0B6
:1030A000348231230BF101058BF800300AF1010A5B
:1030B0002FE2F20705D5D7E90023FEF787F801359F
:1030C00001237610083772E7022574E7CDF820A0B7
:1030D0004F4691E74D4B03EBC70353E902010A9BAF
:1030E000002B47D002460B4600204E49FEF798F9C8
:1030F0002A463346FDF7B2FECDE90C015D46DDE917
:10310000000101F041FC0646FDF7F6FF02460B46C2
:10311000DDE90001FDF7A2FE303605F8016BDDE9BF
:103120000C23CDE90001FEF7C3FA002863D1DDE9E5
:10313000002300203749FDF791FEDDE90C23FEF75F
:10314000B7FA002840F0B780A5EB0B039F427FF74A
:103150007CAF0022304BDDE90C01FEF737F800228E
:10316000CDE90C012C4BDDE90001FEF72FF8CDE98C
:103170000001C4E72A463346FEF728F8CDE90C01E2
:103180000BEB07055E46DDE9000101F0FDFB07469C
:10319000FDF7B2FF303702460B46DDE90001FDF7CF
:1031A0005DFE06F8017BAE42CDE900014FF0000262
:1031B00026D11C4BDDE90C01FDF752FE02460B4601
:1031C000DDE90001FEF792FA002874D1DDE90C2355
:1031D00000201449FDF742FE02460B46DDE90001DE
:1031E000FEF766FA00283FF430AF15F8013C302BAB
:1031F00005F1FF3202D0DDF820A04AE01546F4E7E1
:10320000054BFDF7E3FFCDE90001BCE78872010043
:10321000607201000000F03F0000244000001C40EC
:10322000000014400000E03FDDE900675D46DDE995
:10323000022330463946FEF7F3F801F0A5FB80463D
:10324000FDF75AFFDDE90223FDF7C0FF02460B46FA
:103250003046394608F13006FDF700FE05F8016BEF
:10326000A5EB0B06B14502460B4639D1FDF7F8FD3B
:10327000DDE9022306460F46FEF738FAC8B9DDE954
:10328000022330463946FEF709FA10B118F0010F53
:103290000FD10499204600F085FB0023129A2B7071
:1032A0000AF101031360219B002B00F041821D6095
:1032B0003EE2CDF820A015F8012C392A05F1FF33A4
:1032C00008D19B450AD1089B0133089330238BF822
:1032D00000305B461A7801321A708CE71D46EAE727
:1032E00000229B4BFDF772FF0022002306460F468B
:1032F000FEF7D4F900289AD0CBE70A9A002A00F00A
:103300008B80069A012A6EDC139A002A67D003F29A
:103310003343079F059D059A01211A4420460592D3
:10332000984400F0DFFB0646002D0CDDB8F1000FDD
:1033300009DD4545059A2B46A8BF4346D21A05929A
:10334000ED1AA8EB0308079BEBB10A9B002B67D093
:103350008FB131463A46204600F064FC049A01469B
:103360000646204600F0C7FB04990890204600F06E
:1033700019FB089B0493079BDA1B04D00499204691
:1033800000F050FC04900121204600F0ABFB0E9BA6
:103390000746002B00F0D0811A460146204600F077
:1033A00041FC069B012B074640DC009B002B39D1DA
:1033B000019BC3F31303002B36D1019B23F0004381
:1033C0001B0D1B052BB1059B0133059308F101086B
:1033D000012307930E9B002B2AD1012030E0149B80
:1033E000C3F1360395E7079B09F1FF37BB42BFBF27
:1033F000079B0797FA1A0E9BBBBF9B180E93DF1B08
:103400000027B9F1000FB5BF059B059DA3EB09058A
:103410004B46B8BF00237EE7079F059D0A9E83E7C2
:10342000079AABE70023D4E7009BD2E7002307937A
:103430003B6907EB8303186900F006FBC0F120002D
:10344000404410F01F0047D0C0F12003042B3BDDA7
:10345000059BC0F11C000344059305448044059B73
:10346000002B05DD1A460499204600F029FC049043
:10347000B8F1000F05DD39464246204600F020FC39
:1034800007460F9B53B33946049800F06DFC0028A3
:1034900024DA00230A220499204600F09AFA0A9BB3
:1034A00004900AF1FF3A002B00F04D8100233146D1
:1034B0000A22204600F08DFA029B002B06464FDCC4
:1034C000069B022B4CDD11E0C9D0059A1C331A442F
:1034D00005921D449844C2E70346F6E7B9F1000F90
:1034E00038DC069B022B35DDCDF80890029B63B9D2
:1034F00039460522204600F06CFA0146074604983A
:1035000000F032FC00283FF7CCAD0B9B5D466FEA24
:10351000030A4FF000093946204600F043FA002E16
:103520003FF4B7AEB9F1000F05D0B14503D049461D
:10353000204600F037FA3146204600F033FAA8E67C
:1035400000273E46E1E7DDF820A03E46A9E500BFA2
:10355000000024400A9BCDF80890002B00F0FA8070
:10356000002D05DD31462A46204600F0A9FB06461F
:10357000079B002B4CD07168204600F0DFF93269C0
:1035800002320546920006F10C010C30FEF797FB63
:1035900001222946204600F093FB009BCDF814B091
:1035A00003F00103B1460793064639460498FFF736
:1035B000A4FA4946054600F13008049800F0D4FB0F
:1035C000324600903946204600F0E8FBC3680246C8
:1035D00003BB01460890049800F0C6FB089A034616
:1035E00011462046089300F0DDF9089BA3B9069A1E
:1035F00092B9079A82B9B8F1390F29D0009B002BF4
:1036000001DD05F13108059B5D1C83F8008082E730
:103610003046C2E70123E3E7009A002A04DB25D104
:10362000069A1ABB079A0ABB002BECDD012204990B
:10363000204600F045FB3946049000F095FB002839
:1036400003DCE0D118F0010FDDD0B8F1390FD8D18B
:10365000059B059A5D1C3923137015F8013C392B25
:1036600005F1FF324FD00133137054E7059A002B58
:1036700002F1010506DDB8F1390FE9D008F10108C2
:10368000059BC2E7029A05F8018CA5EB0B03934258
:1036900021D000230A220499204600F09AF9B1456E
:1036A00004904FF000034FF00A024946204605D12E
:1036B00000F08FF981460646059576E700F089F916
:1036C0003146814600230A22204600F082F9064650
:1036D000F2E74FF0000901220499204600F0F0FAC9
:1036E0003946049000F040FB0028B6DC02D118F007
:1036F000010FB2D115F8013C302B05F1FF327FF4F8
:103700000AAF1546F6E7934505D131230AF1010AC0
:103710008BF80030FFE615469FE7DFF864B007E05E
:10372000219BDFF860B01BB10BF10803219A1360F5
:10373000584617B0BDE8F08F069B012B7FF735AEDA
:103740000E9B079349E6029B002B03DC069B022B92
:103750003FF7CCAE5D4639460498FFF7CEF900F14D
:10376000300805F8018B029AA5EB0B039A42B0DDF5
:1037700000230A220499204600F02BF90490EAE77E
:1037800008500100ED710100002310B50446C0E9A6
:103790000033836081814366C281C0E90433836161
:1037A000194608225C30FEF7AEFA054B6362054B02
:1037B000A362054BE362054B2462236310BD00BF87
:1037C000794401009B440100D3440100F744010007
:1037D000014900F085B800BFD147010070B54A1E0D
:1037E000682555430E4605F17401FEF7E3FA0446D9
:1037F00040B10021C0E900160C30A06005F168025C
:10380000FEF781FA204670BD836910B5044633BBCC
:10381000C0E912330365124B124A1B688262984258
:1038200004BF0123836100F01FF86060204600F0B0
:103830001BF8A060204600F017F80022E060042189
:103840006068FFF7A1FF01220921A068FFF79CFF34
:1038500002221221E068FFF797FF0123A36110BD48
:10386000B0700100D1370100F8B51B4B1E68B36979
:10387000074613B93046FFF7C7FF4836D6E901348B
:10388000013B03D5336833B13668F7E7B4F90C5020
:103890006DB16834F4E704213846FFF79FFF3060CC
:1038A0000028F1D10C233B6004462046F8BD0B4BA9
:1038B0006566C4E90055A560C4E90335C4E905554A
:1038C0000822294604F15C00FEF71DFAC4E90D55F3
:1038D000C4E91255E9E700BFB07001000100FFFF25
:1038E0002DE9F8438046894600F14804002614B9C2
:1038F0003046BDE8F883D4E90175013F01D524685D
:10390000F5E7AB89012B07D9B5F90E30013303D0A8
:1039100029464046C84706436835EEE7044B1B6816
:10392000186A044B002808BF1846F030704700BFE3
:1039300078000020DC0000207047704770B5456AB1
:1039400004460E463DB91020FEF732F96062C0E928
:1039500001550560C560656AEB6883B1636ADB6821
:1039600053F82600B8B9012101FA06F56A1D920044
:10397000204600F0BFFA60B1C0E901650EE02122E7
:103980000421204600F0B6FA636AE860DB68002B89
:10399000E4D1002070BD026843F826200023C0E96E
:1039A0000333F7E770B5446A06460D463CB910206C
:1039B000FEF7FEF87062C0E901440460C4603DB1E6
:1039C000736A6A68DB6853F82210296043F8225052
:1039D00070BD2DE9F0410D691F4606460C4601F108
:1039E000140C0023DCF8000081B202FB01710F0C03
:1039F000000C02FB007089B2013301EB00419D42D3
:103A00004FEA10474CF8041BECDCD7B1A368AB427B
:103A100012DC616830460131FFF790FF2269023203
:103A200004F10C01804692000C30FEF748F9214663
:103A30003046FFF7B7FF444604EB850301355F616D
:103A400025612046BDE8F081020C12040346B2B99C
:103A50000304102013F07F4F04BF1B02083013F043
:103A6000704F04BF1B01043013F0404F04BF9B0094
:103A70000230002B06DB5B0003D5013070470020CD
:103A8000E8E720207047036813F0070201460BD0D7
:103A9000DA0723D4980749BF5B089B0801200B6015
:103AA0005CBF0B600220704798B2A8B91B0C1020B5
:103AB00013F0FF0F04BF1B0A08301A0704BF1B09CD
:103AC00004309A0704BF9B080230DA0702D45B086F
:103AD00006D001300B6070471046E9E700207047C0
:103AE0002020704710B50C460121FFF727FF012267
:103AF0004461026110BD2DE9F74F14460A6923693C
:103B00009A42B8BF0B468846BCBFA0461C46D8F8B0
:103B10001070D4F81090D8F80830D8F8041007EBDB
:103B20000906B342B8BF0131FFF708FF00F11405E1
:103B300005EB860E2B460022734516D304F11402C2
:103B400008F1140102EB890301EB87070093009B46
:103B5000019293420CD8002E03DD5EF8043D002B49
:103B60005DD0066103B0BDE8F08F43F8042BE3E7B6
:103B7000B2F800B0BBF1000F23D08946AC464FF03D
:103B8000000859F8044BDCF800A0A3B21FFA8AFA27
:103B90000BFB03A34FEA144ADCF8004043444FEA0E
:103BA00014480BFB0A8404EB1344E2469BB243EA3D
:103BB00004434F454FEA14484AF8043B2BD8CCF84D
:103BC0000480019BB3F802A00432BAF1000F20D0A8
:103BD0002B688946A8464FF0000BB9F800C0B8F82A
:103BE00002400AFB0C445C44C4469BB243EA0443D3
:103BF0004CF8043B59F8043BB8F804B01B0C0AFB22
:103C000003B303EB14434F454FEA134B05D8C8F8F1
:103C1000043004359BE7D446B3E7E046DDE7013ED8
:103C200099E7FFFF2DE9F843154612F00302064617
:103C30000F4607D0013A214C002354F82220FFF709
:103C4000C8FE0746AD1035D0746A3CB91020FDF7A8
:103C5000AFFF7062C0E901440460C460D6F82480FC
:103C6000D8F808404CB940F271213046FFF73AFFCE
:103C70000023C8F80800044603604FF00008EB0773
:103C80000AD5394622463046FFF735FF3946814688
:103C90003046FFF787FE4F466D100BD0206838B9CD
:103CA000224621463046FFF726FF2060C0F80080FC
:103CB0000446E4E73846BDE8F88300BF50730100CE
:103CC0002DE9F0470C464FEA621A236949680AEB6E
:103CD0000309A3680746164609F10105AB4232DB2A
:103CE0003846FFF72BFE0023804600F114011A46E8
:103CF00053452BDB20692AEAEA7A04F1140316F013
:103D00001F0201EB8A0103EB800C25D0C2F1200ECB
:103D100000201E688A46964030434AF8040B53F848
:103D2000040B9C4520FA0EF014D8486008B109F144
:103D30000205013D3846C8F810502146FFF732FE13
:103D40004046BDE8F08701315B00C7E741F823201A
:103D50000133CDE75146DCE7043953F8042B41F831
:103D6000042F9C45F9D8E4E703690A699B1A30B52A
:103D70000CD19200143014318418114454F8045DAD
:103D800051F8042D954203D005D30123184630BDC8
:103D9000A042F3D3FAE74FF0FF33F7E72DE9F047FE
:103DA0000D460746114628461446FFF7DDFF061E5E
:103DB00008D131463846FFF7C1FD0123C0E904367A
:103DC000BDE8F087A4BF23462C4638466168A6BFED
:103DD0001D4600260126FFF7B1FD2B69C660266946
:103DE00005F1140904F1140202EB860709EB8308BC
:103DF00000F114054FF0000E52F804AB59F8044BD3
:103E00001EFA8AF1A3B2C91A230CC3EB1A4303EBBF
:103E1000214389B24FEA234EC84541EA0343944601
:103E200045F8043BE8D8BC4504D355F8043D83B1BC
:103E30000661C5E75CF8041B1EFA81F31A1402EB55
:103E400011429BB243EA02434FEA224E45F8043B3B
:103E5000E9E7013EE9E72DE9F7430E46012159EC78
:103E6000108B1546FFF76AFDC9F30A540746C9F3DC
:103E7000130334BB0193B8F1000327D002A840F824
:103E8000083DFFF700FE0099F0B1019AC0F1200350
:103E900002FA03F30B43C2407B610192019BBB61B9
:103EA000002B14BF022101213961C4B1A4F23344B3
:103EB00004443460C0F135002860384603B0BDE8E2
:103EC000F08343F48013D5E77961E7E701A8FFF7B2
:103ED000DAFD019B7B61012139612030E5E707EBC9
:103EE0008103A0F2324030601869FFF7ADFDC0EBEE
:103EF0004110E1E738B502FB01F42146FDF75AFF16
:103F0000054618B122460021FDF7FDFE284638BDC2
:103F1000F8B5074614460E4621B91146BDE8F840EB
:103F2000FDF748BF22B9FDF7F7FE25462846F8BD44
:103F300000F0EEFCA0420FD221463846FDF73AFFD2
:103F400005460028F2D031462246FDF7B8FE31463C
:103F50003846FDF7E1FEE9E73546E7E72DE9F047AA
:103F60008E689E4282460C469046994637D88A898A
:103F700012F4906F31D0256809696F1A65690223C0
:103F800005EB450595FBF3F509F101033B449D4223
:103F900038BF1D46530530D52946FDF70BFF0646B1
:103FA00050B90C23CAF80030A38943F04003A38121
:103FB0004FF0FF30BDE8F0873A462169FDF77FFEFC
:103FC000A38923F4906343F08003A3812661656194
:103FD0003E44ED1B2660A5604E464E4500D94E4638
:103FE000324641462068FDF775FEA3689B1BA3601F
:103FF00023681E4426600020DCE72A46FFF788FF7E
:1040000006460028E2D121695046FDF785FEC8E743
:104010002DE9F04F9DB0804603938B891D060C4619
:1040200016460FD50B696BB94021FDF7C3FE206022
:10403000206128B90C23C8F800304FF0FF30C7E0EA
:10404000402363610023099320238DF82930302316
:104050008DF82A304FF0010B37463D4615F8013BED
:104060000BB1252B3ED1B7EB060A0BD05346324697
:1040700021464046FFF772FF013000F0A480099B03
:10408000534409933B78002B00F09D8000234FF0B0
:10409000FF32CDE90523049307938DF853301A932B
:1040A0002F46052217F8011B4F48FDF7A9FD049B79
:1040B000D0B9D90644BF20228DF853201A0744BF37
:1040C0002B228DF853202A782A2A15D0079A2F46BA
:1040D00000200A25394611F8013B303B092B4DD908
:1040E000B8B10FE02F46B8E73F4A801A0BFA00F04C
:1040F000184304903D46D3E7039A111D12680391BB
:10410000002A01DB079204E0524243F002030792C7
:1041100004933B782E2B0CD17B782A2B33D1039B35
:104120001A1D1B680392002BB8BF4FF0FF330237F4
:1041300005932E4D397803222846FDF761FD38B1ED
:104140004023401B03FA00F0049B03430137049310
:10415000397827488DF8281006227E1CFDF750FD7F
:10416000002838D0234B13BB039B073323F00703EE
:1041700008330393099B4B4409936DE705FB023217
:1041800001200F46A6E700230137059319460A25AB
:10419000384610F8012B303A092A03D9002BC8D031
:1041A0000591C6E705FB012101230746F0E703ABB4
:1041B00000932246104B04A94046FDF7E9FEB0F1FA
:1041C000FF3F8146D6D1A3895B063FF536AF0998FC
:1041D0001DB0BDE8F08F03AB00932246064B04A947
:1041E0004046FEF78BF9EAE75C7301006273010059
:1041F00066730100911F01005D3F01009368013B60
:10420000002B10B4936008DA9469A34201DB0A29F9
:1042100003D15DF8044B00F073B91368581C1060AB
:10422000197008465DF8044B7047F8B506460F460E
:104230001446D518AC4201D1002007E03A4614F8E4
:10424000011B3046FFF7DAFF431CF3D1F8BDFFFF37
:104250002DE9F04F9DB00C4617460393064618B162
:1042600083690BB9FFF7D0FA7B4B9C4257D1746836
:10427000A38918075DD52369002B5AD00023099321
:1042800020238DF8293030238DF82A304FF0010B90
:10429000B846454615F8013B0BB1252B54D1B8EB78
:1042A000070A0BD053463A4621463046FFF7BDFF7A
:1042B000013000F0C280099B5344099398F8003004
:1042C000002B00F0BA8000234FF0FF32CDE9052328
:1042D000049307938DF853301A93A846052218F8D3
:1042E000011B5E48FDF78CFC049B78BBD90644BFDC
:1042F00020228DF853201A0744BF2B228DF853201B
:104300002A782A2A2AD0079AA84600200A25414658
:1043100011F8013B303B092B69D960B324E0504BC5
:104320009C4201D1B468A3E74E4B9C4208BFF4689D
:104330009EE72146304600F047F900289ED04FF016
:10434000FF301DB0BDE8F08FA846A2E7434A801AAF
:104350000BFA00F0184304904546BEE7039A111D7E
:1043600012680391002A01DB079204E0524243F0F5
:1043700002030792049398F800302E2B0ED198F880
:1043800001302A2B38D1039B1A1D1B680392002B86
:10439000B8BF4FF0FF3308F102080593324D98F88B
:1043A000001003222846FDF72BFC40B14023401BA0
:1043B00003FA00F0049B034308F10108049398F802
:1043C00000102A488DF82810062208F10107FDF791
:1043D00017FC002837D0264B1BBB039B073323F069
:1043E000070308330393099B4B44099350E705FBEC
:1043F0000232012088468AE7002308F1010805936C
:1044000019460A25404610F8012B303A092A03D9EB
:10441000002BC3D00591C1E705FB01210123804694
:10442000F0E703AB00932246124B04A93046FDF798
:10443000AFFDB0F1FF3F8146D5D1A3895B063FF5C3
:104440007EAF09987DE703AB00932246094B04A990
:104450003046FEF753F8ECE71C7201005C73010074
:104460003C720100FC71010062730100667301007F
:10447000911F01002B42010010B50C46B1F90E103E
:1044800000F04EFA0028ABBF636DA3891B1823F41C
:104490008053ACBF6365A38110BD2DE9F0411F4679
:1044A0008B89DB0505460C46164605D502230022FE
:1044B000B1F90E1000F0B6F9A389B4F90E1023F487
:1044C0008053A38132463B462846BDE8F04100F0C8
:1044D00069B810B50C46B1F90E1000F0A3F9431CF1
:1044E000A38915BF606523F4805343F48053A381EF
:1044F00018BFA38110BDB1F90E1000F0D3B8FFFFB3
:10450000F8B50E461446054618B183690BB9FFF796
:104510007BF9214B9C422AD16C68A369A360A389D3
:104520001A072ED5236963B323692068C01A63690B
:10453000F6B28342374604DC2146284600F048F9AB
:1045400028BBA368013BA36023685A1C22601E702D
:1045500063690130834204D0A389DB0719D50A2E91
:1045600017D12146284600F033F990B10FE00B4BEC
:104570009C4201D1AC68D0E7094B9C4208BFEC6873
:10458000CBE72146284600F01FF80028CCD04FF09A
:10459000FF373846F8BD00BF1C7201003C720100B5
:1045A000FC71010038B5074C05460846114600224B
:1045B00022601A46FAF72CFA431C02D1236803B191
:1045C0002B6038BDE8200020324B70B51D680646D0
:1045D0000C4625B1AB6913B92846FFF715F92E4BE8
:1045E0009C420FD16C68B4F90C309AB215072CD4E8
:1045F000D00611D40922326043F04003A3814FF06A
:10460000FF303EE0254B9C4201D1AC68EBE7244BE8
:104610009C4208BFEC68E6E7510712D5616B41B1D7
:1046200004F14403994202D03046FDF775FB0023A4
:104630006363A38923F02403A381002363602369B8
:104640002360A38943F00803A38123694BB9A3899D
:1046500003F42073B3F5007F03D02146304600F009
:1046600017F9A28912F001030CD00023A36063693B
:104670005B42A361236953B9B4F90C3013F0800095
:10468000BAD170BD920758BF6369A360F2E70020FA
:10469000F7E700BF780000201C7201003C720100A7
:1046A000FC71010038B5064C00230546084623601E
:1046B00000F092F9431C02D1236803B12B6038BD8E
:1046C000E82000208A892DE9F041054610070C46B4
:1046D00058D44B68002B05DC0B6C002B02DC00204F
:1046E000BDE8F081E66A002EF9D0002312F4805272
:1046F0002F68216A2B6032D0606DA3895A0705D5D7
:104700006368C01A636B0BB1236CC01A00230246A6
:10471000E66A216A2846B047431CA38906D1296866
:104720001D2948D8294ACA40D60744D500226260CC
:10473000D9042269226004D5421C01D12B6803B937
:104740006065616B2F600029C9D004F14403994270
:1047500002D02846FDF7E0FA00206063C0E701239D
:104760002846B047411CC8D12B68002BC5D01D2B53
:1047700001D0162B01D12F60B1E7A38943F040038C
:10478000A381ADE70F69002FA9D093070E6808BF7A
:104790004B690F6018BF0023A6EB07088B60B8F1C8
:1047A000000F9CDD43463A46216AA66A2846B04778
:1047B000002806DCA38943F04003A3814FF0FF30BB
:1047C0008EE70744A8EB0008E9E700BF010040209E
:1047D00038B50B6905460C46DBB118B183690BB9D6
:1047E000FFF712F80C4B9C4209D16C68B4F90C30FD
:1047F0007BB121462846BDE83840FFF763BF074B31
:104800009C4201D1AC68F1E7054B9C4208BFEC68C3
:10481000ECE7002038BD00BF1C7201003C720100B3
:10482000FC71010038B5074C0546084611460022C8
:1048300022601A4600F0F8F8431C02D1236803B145
:104840002B6038BDE820002070B50E46B1F90E107F
:10485000002996B014461D4607DA00232B60B38961
:104860001A0610D44FF480630EE06A4600F06AF82E
:104870000028F2DB019A02F47042A2F500535A427A
:104880005A412A60EEE740230020236016B070BD35
:104890008B8973B59D0706460C4607D504F147037F
:1048A000236023610123636102B070BD01AB6A46DE
:1048B000FFF7CAFF009905463046FDF77BFA48B975
:1048C000B4F90C309A05EFD423F0030343F002034C
:1048D000A381E3E70D4BB362A389206043F080031B
:1048E000A381009B6361019B20615BB1B4F90E1051
:1048F000304600F039F828B1A38923F0030343F0D0
:104900000103A381A3891D43A581CDE7D137010010
:1049100051F8043C181F002BBCBF0B58C01870473F
:1049200038B5074C054608461146002222601A4653
:1049300000F082F8431C02D1236803B12B6038BD1C
:10494000E820002038B5074C0023054608461146EC
:10495000236000F049F8431C02D1236803B12B60A7
:1049600038BD00BFE820002038B5064C00230546BE
:104970000846236000F048F8431C02D1236803B1C5
:104980002B6038BDE82000204FEA410212F50012EA
:1049900015D211D56FF47873B3EB625212D94FEA86
:1049A000C12343F0004343EA505311F0004F23FA70
:1049B00002F018BF404270474FF00000704750EAC5
:1049C000013005D111F0004008BF6FF00040704782
:1049D0004FF00000704700BF024B58221A604FF0A2
:1049E000FF307047E8200020024B58221A604FF039
:1049F000FF307047E8200020024B58221A604FF029
:104A0000FF307047E8200020024B58221A60002037
:104A1000704700BFE8200020024B58221A604FF078
:104A2000FF307047E8200020024B58221A604FF0F8
:104A3000FF307047E8200020024B58221A604FF0E8
:104A4000FF307047E8200020FEE700BF4275696C28
:104A50007420776974682052656E657361732041B4
:104A60006476616E63656420466C657869626C6526
:104A700020536F667477617265205061636B616764
:104A8000652076657273696F6E20342E302E30008B
:104A9000342E302E3000000000000004F8B500BFB6
:104AA000F8BC08BC9E467047F8B500BFF8BC08BC0F
:104AB0009E4670476E6F6E650045666563746F2035
:104AC000646574656E69646F005265696E696369D7
:104AD000616E646F2073697374656D612E2E2E0094
:104AE00053697374656D61207265696E696369618C
:104AF000646F00496E696369616E646F2065666505
:104B000063746F3A20006175746F00776176650099
:104B10002F6F6E002F6F6666006170616761646F52
:104B2000004944206465206DC3B364756C6F2066D2
:104B3000756572612064652072616E676F00206E1A
:104B40006F20657374C3A1206F6E6C696E65006819
:104B50007474703A2F2F0047455420002048545455
:104B6000502F312E3100486F73743A200045727215
:104B70006F7220616C20636F6E74726F6C61722053
:104B80006DC3B364756C6F20004E6F207365207029
:104B900075646F20636F6E656374617220616C2051
:104BA0006DC3B364756C6F20000A3D3D3D20434FDB
:104BB0004D414E444F5320444953504F4E49424C6F
:104BC0004553203D3D3D00434F4D414E444F532002
:104BD00053455249453A006F6E205B312D31325DAD
:104BE00020202020202D20456E63656E6465722094
:104BF00074697261206573706563C3AD66696361D2
:104C0000006F6666205B312D31325D202020202D23
:104C100020417061676172207469726120657370F0
:104C20006563C3AD6669636100616C6C5F6F6E2024
:104C3000202020202020202D20456E63656E646595
:104C40007220746F646173206C6173207469726187
:104C50007300616C6C5F6F6666202020202020202E
:104C60002D2041706167617220746F646173206CE4
:104C7000617320746972617300776176652020200A
:104C8000202020202020202D2045666563746F2081
:104C90006F6E64612073656375656E6369616C0036
:104CA00063686173652020202020202020202D2093
:104CB00045666563746F20706572736563756369BB
:104CC000C3B36E00626C696E6B2020202020202010
:104CD00020202D2045666563746F207061727061BD
:104CE00064656F0072616E646F6D2020202020204B
:104CF00020202D2045666563746F20616C656174AA
:104D00006F72696F006175746F5F6F6E2020202075
:104D10002020202D2041637469766172206D6F64BC
:104D20006F206175746F6DC3A17469636F006175E5
:104D3000746F5F6F66662020202020202D20446540
:104D40007361637469766172206D6F646F20617541
:104D5000746F6DC3A17469636F00737065656420BF
:104D60005B6D735D202020202D20416A7573746176
:104D7000722076656C6F6369646164206566656343
:104D8000746F0073746174757320202020202020BC
:104D9000202D2045737461646F2064656C207369F5
:104DA0007374656D61006D6F64756C657320202090
:104DB000202020202D2045737461646F20646520BD
:104DC0006DC3B364756C6F73007265736574202076
:104DD000202020202020202D205265696E696369E3
:104DE00061722073697374656D610068656C702011
:104DF0002020202020202020202D204D6F73747231
:104E00006172206573746120617975646100424F3D
:104E1000544F4E45532046C38D5349434F533A0098
:104E20002920E28692204DC3B364756C6F20312037
:104E3000284F4E20327320E28692204F46462900AA
:104E40002920E28692204DC3B364756C6F20322016
:104E5000284F4E20327320E28692204F464629008A
:104E60002920E28692204DC3B364756C6F203320F5
:104E7000284F4E20327320E28692204F464629006A
:104E8000436F6D616E646F20726563696269646F00
:104E90003A20006F6E20004944206465206DC3B342
:104EA00064756C6F20696E76C3A16C69646F20288D
:104EB000312D313229006F66662000616C6C5F6FA6
:104EC0006E00616C6C5F6F6666006368617365009D
:104ED000626C696E6B0072616E646F6D00617574F7
:104EE0006F5F6F6E004D6F646F206175746F6DC37F
:104EF000A17469636F20616374697661646F006196
:104F000075746F5F6F6666004D6F646F20617574B6
:104F10006F6DC3A17469636F2064657361637469A5
:104F20007661646F0072657365740068656C70000B
:104F30007370656564200056656C6F6369646164B5
:104F40002064652065666563746F20616A7573749B
:104F500061646120613A20006D730056656C6F6377
:104F60006964616420696E76C3A16C6964612028FC
:104F70003130302D353030306D732900436F6D6125
:104F80006E646F206E6F207265636F6E6F6369640D
:104F90006F2E20557361202768656C702720706123
:104FA00072612076657220636F6D616E646F73202D
:104FB000646973706F6E69626C6573007B227374D1
:104FC00061747573223A226F6B227D000A3D3D3D6C
:104FD00020494E464F524D414349C3934E204445CC
:104FE0004C2053495354454D41203D3D3D004950CF
:104FF00020476174657761793A2000507565727455
:105000006F205765623A2038300050756572746FB2
:10501000204150493A2038303830004DC3A17869DA
:105020006D6F206DC3B364756C6F733A2000426F6F
:10503000746F6E65732066C3AD7369636F733A00F6
:105040002020426F74C3B36E20313A2050696E2025
:10505000002020426F74C3B36E20323A2050696E34
:1050600020002020426F74C3B36E20333A20506971
:105070006E20004175746F2D6F66663A20003D3DCD
:105080003D3D3D3D3D3D3D3D3D3D3D3D3D3D3D3D50
:105090003D3D3D3D3D3D3D3D3D3D3D3D0A002F7289
:1050A00065676973746572002F6865617274626503
:1050B0006174002F6170692F746F67676C65002FD2
:1050C0006170692F636F6D6D616E64002F6170692F
:1050D0002F737461747573002F6170692F6D6F6425
:1050E000756C657300436F6E74656E742D547970C2
:1050F000653A20746578742F68746D6C3B20636822
:1051000061727365743D5554462D38004572726F57
:105110007220616C2063726561722070756E746FAD
:105120002064652061636365736F0050756E746FF2
:105130002064652061636365736F206372656164D9
:105140006F20657869746F73616D656E7465005367
:105150005349443A200050617373776F72643A2068
:1051600000E28FB9EFB88F2054656D706F72697A65
:1051700061646F722063616E63656C61646F20703F
:10518000617261206DC3B364756C6F2000456E63FE
:10519000656E6469656E646F20746F646173206C02
:1051A00061732074697261732E2E2E0041706167E5
:1051B000616E646F20746F646173206C617320741E
:1051C000697261732E2E2E00436F6D616E646F20C5
:1051D000656A6563757461646F20656E20006F6633
:1051E000666C696E6500457374727563747572617F
:1051F000206465206DC3B364756C6F7320696E693C
:105200006369616C697A616461000A3D3D3D2045D6
:10521000535441444F2044454C2053495354454D29
:1052200041203D3D3D0050756E746F206465204106
:10523000636365736F3A20004DC3B364756C6F731D
:10524000206F6E6C696E653A200045666563746F09
:105250002061637475616C3A20004D6F646F20614A
:1052600075746F6DC3A17469636F3A2000557074D3
:10527000696D653A200020736567756E646F730011
:1052800054696D65722061637469766F202D204DBD
:10529000C3B364756C6F2000732072657374616EA4
:1052A0007465730072756E6E696E670069646C6513
:1052B000002273797374656D537461747573223A47
:1052C00022002263757272656E744566666563744A
:1052D000223A2200226175746F4D6F6465223A0094
:1052E000226F6E6C696E654D6F64756C6573223AE2
:1052F0000022746F74616C4D6F64756C6573223A33
:105300000022757074696D65223A00E28FB0204DFD
:10531000C3B364756C6F2000206170616761646F56
:10532000206175746F6DC3A1746963616D656E747E
:105330006500E29D8C204572726F7220616C206165
:105340007061676172206DC3B364756C6F2000E299
:105350008FB3204DC3B364756C6F2000207365203C
:10536000617061676172C3A120656E2000F09F9437
:105370009820426F74C3B36E200020707265736909
:105380006F6E61646F20E28692204163746976617A
:105390006E646F206DC3B364756C6F2000206C6900
:1053A00062657261646F000A3D3D3D204553544182
:1053B000444F204445204DC39344554C4F53203D0A
:1053C0003D3D004F4E4C494E4520280029200020ED
:1053D0002D20C39A6C74696D6F2068656172746268
:1053E0006561743A20004F46464C494E4500747240
:1053F00075650066616C7365007B226D6F64756C0A
:105400006573223A5B00226970223A2200222C0046
:10541000226F6E6C696E65223A00226C617374486B
:105420006561727462656174223A005D7D007B2261
:10543000737461747573223A2200222C226D6F649A
:10544000756C65223A002C227374617465223A00EF
:10545000416374697661646F004465736163746964
:105460007661646F004F4E004F4646003C21444F2A
:1054700043545950452068746D6C3E3C68746D6CA3
:105480003E3C686561643E003C7469746C653E43F3
:105490006F6E74726F6C2064652054697261732042
:1054A0004C45443C2F7469746C653E003C6D6574DA
:1054B00061206E616D653D2776696577706F7274E6
:1054C0002720636F6E74656E743D27776964746816
:1054D0003D6465766963652D77696474682C20691D
:1054E0006E697469616C2D7363616C653D31273E33
:1054F000003C7374796C653E00626F64797B666F03
:105500006E742D66616D696C793A417269616C3BAC
:105510006D617267696E3A323070783B6261636BBD
:1055200067726F756E643A236630663066307D0050
:105530002E636F6E7461696E65727B6D61782D7715
:10554000696474683A38303070783B6D61726769AD
:105550006E3A30206175746F3B6261636B67726F86
:10556000756E643A77686974653B70616464696EEE
:10557000673A323070783B626F726465722D726187
:10558000646975733A313070783B626F782D736857
:1055900061646F773A302032707820313070782033
:1055A0007267626128302C302C302C302E31297DEE
:1055B000002E6D6F64756C657B646973706C6179C6
:1055C0003A696E6C696E652D626C6F636B3B7769CF
:1055D0006474683A383070783B6865696768743A13
:1055E000383070783B6D617267696E3A313070782F
:1055F0003B746578742D616C69676E3A63656E748F
:1056000065723B626F726465722D72616469757355
:105610003A313070783B637572736F723A706F69AC
:105620006E7465723B7472616E736974696F6E3A01
:10563000616C6C20302E33737D002E6D6F64756C41
:10564000652E6F6E6C696E657B6261636B67726FEE
:10565000756E643A233443414635303B636F6C6F5B
:10566000723A77686974657D002E6D6F64756C653C
:105670002E6F66666C696E657B6261636B67726FC5
:10568000756E643A236634343333363B636F6C6F24
:10569000723A77686974657D002E6D6F64756C650C
:1056A0002E6F6E7B626F782D736861646F773A300E
:1056B0002030203230707820233443414635307D0D
:1056C000002E636F6E74726F6C737B6D61726769AD
:1056D0006E3A3230707820307D00627574746F6E6F
:1056E0007B6261636B67726F756E643A2332313926
:1056F0003646333B636F6C6F723A77686974653B0B
:10570000626F726465723A6E6F6E653B706164645D
:10571000696E673A3130707820323070783B6D6155
:105720007267696E3A3570783B626F726465722D8C
:105730007261646975733A3570783B637572736F23
:10574000723A706F696E7465727D00627574746F01
:105750006E3A686F7665727B6261636B67726F75B4
:105760006E643A233139373644327D002E737461CA
:105770007475737B6261636B67726F756E643A23D5
:105780006537663366663B70616464696E673A319B
:105790003570783B626F726465722D7261646975F1
:1057A000733A3570783B6D617267696E3A3230706A
:1057B0007820307D003C2F7374796C653E3C2F68F7
:1057C0006561643E3C626F64793E003C64697620AA
:1057D000636C6173733D27636F6E7461696E65728C
:1057E000273E003C68313EF09F8C882053697374DB
:1057F000656D6120646520436F6E74726F6C204C20
:1058000045443C2F68313E003C64697620636C61FE
:1058100073733D27737461747573273E003C68335E
:105820003E45737461646F2064656C2053697374C2
:10583000656D613C2F68333E003C703E3C73747272
:105840006F6E673E4DC3B364756C6F73204F6E6CA3
:10585000696E653A3C2F7374726F6E673E20003C30
:105860002F703E003C703E3C7374726F6E673E4515
:10587000666563746F2041637475616C3A3C2F7385
:1058800074726F6E673E20003C703E3C7374726FA2
:105890006E673E4D6F646F204175746F6DC3A17468
:1058A00069636F3A3C2F7374726F6E673E20003CE1
:1058B0002F6469763E003C68333E436F6E74726FAE
:1058C0006C20496E646976696475616C3C2F68333D
:1058D0003E003C64697620636C6173733D276D6F95
:1058E00064756C6573273E006D6F64756C65200090
:1058F000206F6E003C64697620636C6173733D2792
:105900000027206F6E636C69636B3D27746F676758
:105910006C654D6F64756C65280029273E003C64FA
:1059200069763E003C646976207374796C653D2726
:10593000666F6E742D73697A653A31327078273EDE
:10594000003C64697620636C6173733D27636F6EFE
:1059500074726F6C73273E003C68333E436F6E7405
:10596000726F6C657320476C6F62616C65733C2F5E
:1059700068333E003C627574746F6E206F6E636CAA
:1059800069636B3D2773656E64436F6D6D616E6413
:105990002822616C6C5F6F6E2229273EF09F9486EF
:1059A00020546F646173204F4E3C2F627574746F86
:1059B0006E3E003C627574746F6E206F6E636C692E
:1059C000636B3D2773656E64436F6D6D616E642814
:1059D00022616C6C5F6F66662229273EF09F94857A
:1059E00020546F646173204F46463C2F6275747477
:1059F0006F6E3E003C62723E003C627574746F6E66
:105A0000206F6E636C69636B3D2773656E64436FD3
:105A10006D6D616E642822776176652229273EF0DC
:105A20009F8C8A204F6E64613C2F627574746F6E18
:105A30003E003C627574746F6E206F6E636C6963B8
:105A40006B3D2773656E64436F6D6D616E642822D4
:105A500063686173652229273EF09F8F832050651C
:105A600072736563756369C3B36E3C2F627574743A
:105A70006F6E3E003C627574746F6E206F6E636C67
:105A800069636B3D2773656E64436F6D6D616E6412
:105A90002822626C696E6B2229273EE29AA120506F
:105AA0006172706164656F3C2F627574746F6E3ED5
:105AB000003C627574746F6E206F6E636C69636B0B
:105AC0003D2773656E64436F6D6D616E642822724D
:105AD000616E646F6D2229273EF09F8EB220416C6B
:105AE0006561746F72696F3C2F627574746F6E3E7E
:105AF000003C627574746F6E206F6E636C69636BCB
:105B00003D2773656E64436F6D6D616E642822611D
:105B100075746F5F6F6E2229273EF09FA496204117
:105B200075746F204F4E3C2F627574746F6E3E001B
:105B30003C627574746F6E206F6E636C69636B3D4D
:105B40002773656E64436F6D6D616E6428226175A5
:105B5000746F5F6F66662229273EE28FB9EFB88FB8
:105B6000204175746F204F46463C2F627574746FE8
:105B70006E3E003C7363726970743E0066756E63BE
:105B800074696F6E20746F67676C654D6F64756CB8
:105B900065286964297B002020666574636828276E
:105BA0002F6170692F746F67676C653F69643D276B
:105BB0002B6964292E7468656E2828293D3E6C6F18
:105BC000636174696F6E2E72656C6F616428292938
:105BD0003B0066756E6374696F6E2073656E644317
:105BE0006F6D6D616E6428636D64297B0020206693
:105BF0006574636828272F6170692F636F6D6D610D
:105C00006E643F636D643D272B636D64292E746859
:105C1000656E2828293D3E6C6F636174696F6E2E36
:105C200072656C6F61642829293B0073657454693F
:105C30006D656F75742828293D3E6C6F63617469CA
:105C40006F6E2E72656C6F616428292C20353030A0
:105C500030293B003C2F7363726970743E003C2F07
:105C6000626F64793E3C2F68746D6C3E00636D64B6
:105C70003D007B22737461747573223A226F6B222C
:105C80002C22636F6D6D616E64223A220074696D1F
:105C9000656F75740020646573636F6E656374610E
:105CA000646F202874696D656F75742900E29D8C9E
:105CB000204DC3B364756C6F2000E29C85204DC3FA
:105CC000B364756C6F200020656E63656E646964F3
:105CD0006F00E28FB0204170616761646F20617571
:105CE000746F6DC3A17469636F20656E2000E29DBF
:105CF0008C204572726F7220616C20656E63656ED8
:105D0000646572206DC3B364756C6F200069643D77
:105D1000002600207265676973747261646F206485
:105D2000657364652049503A2000485454502F311F
:105D30002E3120323030204F4B00436F6E74656E31
:105D4000742D547970653A206170706C6963617468
:105D5000696F6E2F6A736F6E00436F6E6E6563744A
:105D6000696F6E3A20636C6F7365007B2273746198
:105D7000747573223A22726567697374657265641B
:105D8000222C226964223A00485454502F312E317B
:105D9000203430302042616420526571756573741F
:105DA000007B226572726F72223A22496E76616CB4
:105DB0006964206D6F64756C65204944227D000A1A
:105DC0003D3D3D2053495354454D412044452043DA
:105DD0004F4E54524F4C2044452054495241532079
:105DE0004C4544203D3D3D00496E696369616C69E5
:105DF0007A616E646F2041726475696E6F20554ED2
:105E00004F205234205769466920636F6D6F2050D0
:105E1000756E746F2064652041636365736F2E2E09
:105E20002E00426F746F6E65732066C3AD73696335
:105E30006F7320636F6E666967757261646F733A22
:105E4000002020426F74C3B36E2031202850696E49
:105E500020002920E28692204DC3B364756C6F2028
:105E600031002020426F74C3B36E20322028506965
:105E70006E20002920E28692204DC3B364756C6FBA
:105E80002032002020426F74C3B36E20332028508C
:105E9000696E20002920E28692204DC3B364756CA0
:105EA0006F2033004552524F523A204E6F20736597
:105EB000207075646F20637265617220656C20705C
:105EC000756E746F2064652061636365736F000A8B
:105ED0003D3D3D2053495354454D41204C49535479
:105EE0004F203D3D3D003132333435363738004C9C
:105EF00045445F434F4E54524F4C5F5359535445A2
:105F00004D00202020414E53574552202870617388
:105F1000737468726F756768293A200020202052D8
:105F20006573756C743A204F4B00202020526573C6
:105F3000756C743A204552524F5200202020526511
:105F400073756C743A2054494D454F5554002020C8
:105F500020526573756C743A205061727365457296
:105F6000726F720052455155455354202870617329
:105F7000737468726F756768293A20002B534F4617
:105F8000545245534554574946493A0041542B53BE
:105F90004F46545245534554574946490D0A0052FD
:105FA0004551554553543A2000202020414E535727
:105FB00045523A20004E4F5F434D445F43484543AE
:105FC0004B005241573A20003C4C463E003C435265
:105FD0003E003C53503E003C004F4B0D0A004669CA
:105FE0006E616C20537461746520002072657320AB
:105FF000003C2D52415720454E4400626173696355
:106000005F737472696E673A3A5F4D5F7265706C68
:106010006163650062617369635F737472696E675F
:106020003A3A5F4D5F6372656174650062617369DE
:10603000635F737472696E673A3A5F4D5F636F6E48
:10604000737472756374206E756C6C206E6F74203F
:1060500076616C6964002B574946494D4F44453A77
:106060000041542B574946494D4F44453F0D0A00C6
:106070002B474554535349443A0041542B47455408
:10608000535349443F0D0A00257325640D0A00410E
:10609000542B574946494D4F44453D002B424547F7
:1060A000494E5354413A0041542B424547494E53BF
:1060B00054413D00257325732C25730D0A002B5385
:1060C0004F46544150434F4E4649473A00257325A9
:1060D000732C25732C25730D0A0041542B534F4606
:1060E000544150434F4E4649473D002B5345544978
:1060F000503A00257325732C25732C25732C25739A
:106100002C25730D0A0041542B53455449503D0032
:106110002B424547494E534F465441503A00257350
:1061200025732C25732C25640D0A0041542B424500
:1061300047494E534F465441503D002B4950534F11
:10614000465441503A0041542B4950534F46544114
:10615000500D0A002B49505354413A0041542B49E9
:10616000505354413D0062617369635F7374726997
:106170006E673A3A617070656E6400256400FFFFD7
:106180000000000000000000E9790000F97900003B
:10619000EF790000077A0000EB7900002B52454DA3
:1061A0004F5445504F52543A0041542B52454D4F95
:1061B0005445504F52543D002B434C49454E544397
:1061C0004C4F53453A0041542B434C49454E5443A0
:1061D0004C4F53453D002B434C49454E545245438B
:1061E000454956453A0041542B434C49454E54527B
:1061F0004543454956453D002B464C5553483A00CA
:1062000041542B464C5553483D002B434C49454E79
:106210005453454E443A00257325642C25640D0AD9
:106220000041542B434C49454E5453454E443D0088
:106230002B434C49454E54434F4E4E4543543A0030
:10624000257325642C25732C25642C25640D0A00E8
:1062500041542B434C49454E54434F4E4E454354B5
:106260003D002B434C49454E54434F4E4E454354FD
:106270004E414D453A00257325642C25732C256429
:106280000D0A0041542B434C49454E54434F4E4E4A
:106290004543544E414D453D002B52454D4F5445CD
:1062A00049503A0041542B52454D4F544549503DB9
:1062B000002B415641494C41424C453A0041542B38
:1062C000415641494C41424C453D002B434C4945C8
:1062D0004E54434F4E4E45435445443A0041542B8F
:1062E000434C49454E54434F4E4E45435445443D1F
:1062F000002B424547494E434C49454E543A0041D4
:10630000542B424547494E434C49454E540D0A00D3
:106310000000000000000000A7790000A17C000040
:1063200089790000C97F0000217D0000BD7900004F
:106330009B7F00000F7A0000F17B0000137F0000BC
:1063400029800000A18000008D790000DD79000027
:106350009779000021810000C98100002B42454748
:10636000494E5345525645523A0041542B424547F7
:10637000494E5345525645523D002B5345525645C2
:106380005257524954453A0041542B5345525645B1
:106390005257524954453D002B53455256455241A0
:1063A0005641494C41424C453A0041542B534552C9
:1063B000564552415641494C41424C453D00FFFF34
:1063C00000000000000000005B8300000D8500005D
:1063D0008979000049830000058500007183000071
:1063E0004B830000140082815400C281940082809B
:1063F000D4801401C2809401C283D4811482940297
:10640000C2819405520944008200090051080C80A1
:1064100054055201460042000B0057080E80140537
:106420001C00920811008B081080D4041A009200FE
:1064300017805208420009805200028012881280A0
:106440001A00520051004B0A4E801C005208C20034
:106450009700490A4C80D20002019100510A5080F5
:10646000D20851088B80120904001100510A508093
:106470001201440042000B00578A460002000980C6
:106480001208C2004988120082004B88120982015A
:106490008900578A120142018B80D289D20142823F
:1064A00092090600420117004B8892094201090037
:1064B0000C80920102010B000E801404928054049F
:1064C0009208C2024B889404D208020349881E0035
:1064D000548292010400020011805209C201570047
:1064E000498AFFFF010300008C64010002030000E1
:1064F0009464010004010000326401000501000001
:1065000038640100060100003C640100070100003E
:106510003E6401000B010000566401000C01000004
:1065200060640100040300009C6401000303000098
:106530009A640100030100002A6401000B040000BA
:10654000B26401000A040000AA6401000201000014
:106550001E6401000E000000CE6401000000000077
:10656000E463010001000000E86301000200000094
:10657000EC63010001010000106401000001000053
:106580000264010000050000BA6401000804000074
:10659000DA64010009010000406401000A01000002
:1065A0004A64010001050000BE640100020500000C
:1065B000C664010000040000D26401000104000070
:1065C000A064010003000000F0630100040000006B
:1065D000F26301000B000000F66301000C000000F4
:1065E000FA6301000D000000FC6301000F000000D1
:1065F000FE63010004020000666401000502000061
:1066000070640100060200007A6401000C020000C0
:10661000806401000D02000086640100FFFF00FF9E
:10662000010203FF0403010C00091408111C1019D6
:1066300018FFFFFF060008001000180020004000AF
:106640006000800000018001000200040008FFFFDC
:106650000A0900000A0900003F0B000001000200C7
:10666000080010000000000000000000D9CC00006D
:10667000B5DA000089790000B7CC00002FCD00000A
:10668000F1CD0000C1CC0000ADCC0000F1CF000086
:106690000DCD0000A9CC00000C0A080E101802193C
:1066A0001D1F0125752E25752E25752E2575002596
:1066B000303278253032783A2530327825303278C9
:1066C0003A25303278253032783A25303278253004
:1066D00032783A25303278253032783A253032789F
:1066E000253032783A25303278253032783A2530E4
:1066F00032782530327800FF0000000000000000F2
:1067000055D60000636D5F6261636B74726163658F
:106710005F6661756C7400696E69745F6F6B0028E9
:106720002573292068617320617373657274206614
:1067300061696C65642061742025732E00216F6E81
:106740005F6661756C74004661756C74206F6E20B5
:10675000696E74657272757074206F7220626172F6
:1067600065206D6574616C286E6F204F532920651C
:106770006E7669726F6E6D656E74003D3D3D3D3D98
:106780003D3D3D3D3D3D3D3D3D3D3D3D3D3D205241
:10679000656769737465727320696E666F726D6187
:1067A00074696F6E203D3D3D3D3D3D3D3D3D3D3D70
:1067B0003D3D3D3D3D3D3D3D3D00202025733A2082
:1067C00025303878202025733A202530387820204D
:1067D00025733A2025303878202025733A2025303B
:1067E0003878003D3D3D3D3D3D3D3D3D3D3D3D3DE0
:1067F0003D3D3D3D3D3D3D3D3D3D3D3D3D3D3D3DC9
:106800003D3D3D3D3D3D3D3D3D3D3D3D3D3D3D3DB8
:106810003D3D3D3D3D3D3D3D3D3D3D3D3D3D3D3DA8
:106820003D0048617264206661756C742069732054
:10683000636175736564206279206661696C656463
:1068400020766563746F72206665746368004D65B9
:106850006D6F7279206D616E6167656D656E742014
:106860006661756C7420697320636175736564205B
:10687000627920696E737472756374696F6E2061DA
:1068800063636573732076696F6C6174696F6E0002
:106890004D656D6F7279206D616E6167656D656EB6
:1068A00074206661756C742069732063617573650B
:1068B000642062792064617461206163636573732D
:1068C0002076696F6C6174696F6E004D656D6F72D3
:1068D00079206D616E6167656D656E7420666175A6
:1068E0006C7420697320636175736564206279201C
:1068F000756E737461636B696E67206572726F7217
:10690000004D656D6F7279206D616E6167656D65B3
:106910006E74206661756C74206973206361757391
:10692000656420627920737461636B696E672065AA
:1069300072726F72004D656D6F7279206D616E615C
:1069400067656D656E74206661756C74206973206F
:1069500063617573656420627920666C6F61746928
:106960006E672D706F696E74206C617A7920737414
:1069700061746520707265736572766174696F6E9B
:1069800000546865206D656D6F7279206D616E6170
:1069900067656D656E74206661756C74206F6363E6
:1069A00075727265642061646472657373206973C3
:1069B000202530387800427573206661756C74202C
:1069C00069732063617573656420627920696E73F1
:1069D0007472756374696F6E20616363657373208D
:1069E00076696F6C6174696F6E00427573206661C1
:1069F000756C7420697320636175736564206279B6
:106A000020707265636973652064617461206163DD
:106A1000636573732076696F6C6174696F6E004291
:106A20007573206661756C7420697320636175737A
:106A3000656420627920696D707265636973652091
:106A400064617461206163636573732076696F6C40
:106A50006174696F6E00427573206661756C742095
:106A600069732063617573656420627920756E7344
:106A70007461636B696E67206572726F7200427534
:106A800073206661756C742069732063617573652A
:106A90006420627920737461636B696E672065722C
:106AA000726F7200427573206661756C7420697331
:106AB0002063617573656420627920666C6F617410
:106AC000696E672D706F696E74206C617A792073BE
:106AD0007461746520707265736572766174696F34
:106AE0006E0054686520627573206661756C742051
:106AF0006F63637572726564206164647265737339
:106B000020697320253038780055736167652066E9
:106B100061756C74206973206361757365642062AC
:106B20007920617474656D70747320746F2065785A
:106B3000656375746520616E20756E646566696E47
:106B4000656420696E737472756374696F6E005545
:106B500073616765206661756C7420697320636179
:106B60007573656420627920617474656D707473E7
:106B700020746F2073776974636820746F20616E6E
:106B800020696E76616C6964207374617465202875
:106B9000652E672E2C2041524D2900557361676583
:106BA000206661756C742069732063617573656418
:106BB00020627920617474656D70747320746F2025
:106BC000646F20616E20657863657074696F6E20F4
:106BD000776974682061206261642076616C7565F4
:106BE00020696E20746865204558435F52455455AE
:106BF000524E206E756D6265720055736167652037
:106C00006661756C742069732063617573656420B7
:106C1000627920617474656D70747320746F20657F
:106C2000786563757465206120636F70726F63654A
:106C300073736F7220696E737472756374696F6EAB
:106C4000005573616765206661756C7420697320F7
:106C500063617573656420627920696E646963613C
:106C6000746573207468617420616E20756E616C48
:106C700069676E656420616363657373206661751F
:106C80006C74206861732074616B656E20706C6138
:106C90006365005573616765206661756C74206972
:106CA000732063617573656420627920496E64693D
:106CB000636174657320612064697669646520622C
:106CC00079207A65726F206861732074616B656EDC
:106CD00020706C616365202863616E20626520739B
:106CE0006574206F6E6C79206966204449565F3068
:106CF0005F545250206973207365742900446562A3
:106D00007567206661756C742069732063617573A3
:106D100065642062792068616C74207265717565A4
:106D20007374656420696E204E5649430044656261
:106D30007567206661756C74206973206361757373
:106D4000656420627920424B505420696E737472DE
:106D5000756374696F6E206578656375746564002A
:106D60004465627567206661756C74206973206381
:106D7000617573656420627920445754206D617495
:106D80006368206F63637572726564004465627541
:106D900067206661756C7420697320636175736523
:106DA0006420627920566563746F7220666574632F
:106DB00068206F636375727265640044656275670D
:106DC000206661756C7420697320636175736564F6
:106DD00020627920454442475251207369676E61B1
:106DE0006C206173736572746564004669726D77B7
:106DF000617265206E616D653A2025732C20636F8A
:106E00006D70696C6564206F6E3A20257300455281
:106E1000524F523A20556E61626C6520746F206744
:106E2000657420746865206D61696E207374616398
:106E30006B20696E666F726D6174696F6E2C207065
:106E40006C6561736520636865636B207468652099
:106E5000636F6E66696775726174696F6E206F66C5
:106E600020746865206D61696E20737461636B00C6
:106E70004572726F723A204D61696E20737461635E
:106E80006B28253038782920776173206F766572FA
:106E9000666C6F77003D3D3D3D3D205468726561F5
:106EA0006420737461636B20696E666F726D6174C8
:106EB000696F6E203D3D3D3D3D0020206164647260
:106EC0003A202530387820202020646174613A20EF
:106ED00025303878002530386C78002E656C6600D7
:106EE00053686F77206D6F72652063616C6C2073DF
:106EF0007461636B20696E666F2062792072756EB3
:106F00003A2061646472326C696E65202D652025BB
:106F1000732573202D61202D662025730044756D27
:106F2000702063616C6C20737461636B20686173A3
:106F300020616E206572726F7200523120005230F3
:106F4000200052332000523220004C522000523197
:106F5000320050535200504320004A756E202036B4
:106F600020323032350000524100222F55736572B5
:106F7000732F727369657272612F4C6962726172EC
:106F8000792F4361636865732F61726475696E6FF1
:106F90002F736B6574636865732F443039373831EC
:106FA0004144323546303242383142323936443744
:106FB000433644424134463143332F736B65746327
:106FC000685F6A756E36612E696E6F2200FFFFFF83
:106FD000ADEC000001ED000031ED0000D5ED00004A
:106FE00091EE0000000000002DF000001DF00000F8
:106FF00035F00000F9F00000D9F2000000000000B8
:1070000091EF000093EF000095EF0000B9EF000052
:107010000000000000000000000000000000000070
:10702000E3090100870A0100050A0100110A0100B5
:10703000F90901004F0A01001D0A0100D7090100EA
:10704000D1090100E1090100E90A0100876001009E
:10705000647001006C7001005A20002078700100FB
:107060008170010041726475696E6F00554E4F204A
:10707000523420576946690043444320506F72746C
:10708000004446552D525420506F72740000000089
:1070900000000000000000000000000000000000F0
:1070A00000000000000000000000000000FFFFFFE3
:1070B0007C000020504F53495800494E4600696EED
:1070C00066004E414E006E616E0030313233343511
:1070D0003637383941424344454600303132333443
:1070E00035363738396162636465660000202020D8
:1070F0002020202020202828282828202020202068
:107100002020202020202020202020202088101037
:107110001010101010101010101010101004040493
:107120000404040404040410101010101010414151
:10713000414141410101010101010101010101013F
:107140000101010101010101101010101010424253
:10715000424242420202020202020202020202020F
:1071600002020202020202021010101020000000AF
:10717000000000000000000000000000000000000F
:1071800000000000000000000000000000000000FF
:1071900000000000000000000000000000000000EF
:1071A00000000000000000000000000000000000DF
:1071B00000000000000000000000000000000000CF
:1071C00000000000000000000000000000000000BF
:1071D00000000000000000000000000000000000AF
:1071E00000000000000000000000000000496E6682
:1071F000696E697479004E614E00FFFF0000000067
:10720000000000000000000000000000000000007E
:10721000000000000000000000000000000000006E
:10722000000000000000000000000000000000005E
:10723000000000000000000000000000000000004E
:10724000000000000000000000000000000000003E
:10725000000000000000000000000000FFFFFFFF32
:107260000080E03779C34143176E05B5B5B8934642
:10727000F5F93FE9034F384D321D30F94877825A0E
:107280003CBF737FDD4F1575000000000000F03F2C
:1072900000000000000024400000000000005940F1
:1072A0000000000000408F40000000000088C34044
:1072B00000000000006AF8400000000080842E41B9
:1072C00000000000D01263410000000084D7974105
:1072D0000000000065CDCD41000000205FA002420B
:1072E000000000E876483742000000A2941A6D4280
:1072F000000040E59C30A2420000901EC4BCD64273
:1073000000003426F56B0C430080E03779C341431D
:1073100000A0D8855734764300C84E676DC1AB4393
:10732000003D9160E458E143408CB5781DAF1544B1
:1073300050EFE2D6E41A4B4492D54D06CFF080448C
:10734000F64AE1C7022DB544B49DD9794378EA44A1
:1073500005000000190000007D000000232D302BE7
:107360002000686C4C0065666745464700FFFFFFDC
:047370000000000019
:10737C0001010000000000000000000001010000FD
:10738C0000000000000000000101000000000000EF
:10739C0000000000F40100000000000000000000EC
:1073AC0001000000000000000000000002000000CE
:1073BC00000000000000000003000000E65E010079
:1073CC00EF5E01000A000000FF0000000000094011
:1073DC000A00000001120100020202014041236D6B
:1073EC0000000101020301007C00002000000000ED
:1073FC001C7201003C720100FC71010000000000D5
:10740C000000000000000000000000000000000070
:10741C000000000000000000000000000000000060
:10742C000000000000000000000000000000000050
:10743C000000000000000000000000000000000040
:10744C0000000000000000000000000043000000ED
:10745C000000000000000000000000000000000020
:10746C0000000000000000000000000043000000CD
:10747C000000000000000000000000000000000000
:10748C0000000000000000000000000043000000AD
:10749C0000000000000000000000000000000000E0
:1074AC00000000000000000000000000430000008D
:1074BC0000000000000000000000000000000000C0
:1074CC00000000000000000000000000430000006D
:1074DC0000000000000000000000000000000000A0
:1074EC00000000000000000000000000430000004D
:1074FC000000000000000000000000000000000080
:10750C00000000000000000000000000430000002C
:10751C00000000000000000000000000000000005F
:10752C00000000000000000000000000E12A010043
:10753C00D11B010000000000EC700100DE4A0100CC
:10754C00876001008760010087600100876001008F
:10755C00876001008760010087600100876001007F
:10756C0087600100FFFFFFFFFFFFFFFFFFFFFFFF33
:10757C00FFFF000001004153434949000000000097
:10758C0000000000000000000000000000000000EF
:10759C000000000000004153434949000000000076
:1075AC0000000000000000000000000000000000CF
:1075BC000000000000000000E54000000D57000036
:1075CC004D7000006179000071CC0000B9D1000051
:1075DC00D5D10000F1D100000DD20000D9D50000AA
:1075EC008DDA000005E80000E5EA0000F90B010067
:1075FC00C1400000A1570000757000006D790000BB
:10760C0085CC000019D2000025D60000F1EA00005C
:040000030000BA85BA
:00000001FF
