:10400000007F0020EDA9000095A80000E9A90000AC
:10401000E9A90000E9A90000E9A90000E9A9000058
:10402000000000000000000000000000E9A90000FE
:10403000E9A9000000000000E9A90000E9A90000CA
:104040000000000000000000000000000000000070
:104050000000000000000000000000000000000060
:104060000000000000000000000000000000000050
:104070000000000000000000000000000000000040
:104080000000000000000000000000000000000030
:104090000000000000000000000000000000000020
:1040A0000000000000000000000000000000000010
:1040B0000000000000000000000000000000000000
:1040C00010B5054C237833B9044B13B10448AFF352
:1040D00000800123237010BD70020020000000004A
:1040E000486B010008B5034B1BB103490348AFF30C
:1040F000008008BD0000000074020020486B010031
:104100000020704710B404680968E46BA4465DF8A9
:10411000044B604703680A46DB6C184743084000BD
:1041200003F0553300F0AA3018438308800000F0F4
:10413000CC3003F03333034318091B0103F0F03391
:1041400000F00F30184300BA7047FFFF30B585B05C
:10415000044600210DF10F0006F07EFE431C21D025
:1041600004F1D405104BDFED110A9FED110A9DF803
:104170000F20019400930021C3B2284606F012FFDD
:1041800000220C210446284606F0FEFF0440284683
:1041900006F064FFE4B20440284606F086FF2040A3
:1041A00005B030BD0020FBE781420000000048421E
:1041B00000401C4610B5054B044640F8D43B06F0C1
:1041C000C7FF204603F0CCF8204610BD043D010097
:1041D00010B50446FFF7EEFF20464FF48A710BF04E
:1041E00001FE204610BD072A10B510D80B290ED8A5
:1041F0000C2404FB020211449DF80C009DF80820D9
:104200000243134314BF0123002381F8493010BD3A
:1042100030B5D0F8B010D0F8C0200D0185B00446FC
:104220005059FFF77BFF2A4401905068FFF776FF53
:1042300002909068FFF772FF0390D368D4F8C4200F
:10424000C4F8C8300131B1FBF2F302FB1311C4F81A
:10425000B01059B994F8D0300BB9C4F8C830D4F8BC
:10426000103103B19847012384F80C310C2201A9C5
:1042700002480CF08CFE05B030BD00BF900200205B
:104280002E49F8B50D680A682D4C0B68D210A25C57
:104290005C4204F0070403F0070358BF6342294C53
:1042A00042FA03F3226822F4384222F01802226014
:1042B000226C22F4415222F03002DB07226404F126
:1042C00040041CD5204B214F13F8152003EB450368
:1042D0001C325B7837F832201C331612360156FA3E
:1042E00082F237F8333004F5F864052644F822608A
:1042F0001A12120152FA83F3042244F823200B68A5
:104300006024013393FBF4F204FB12330B60A0B181
:10431000046894B1D4F8C8307BB109F0D5FBD4F867
:10432000CC30C01AD4F8C830984206D92046FFF7DE
:104330006FFF09F0C9FBC4F8CC00F8BD8C02002067
:104340009002002000000440A0540100B45C010071
:1043500030B585B00B6800934B6801938B6802936E
:1043600000250123C0F8B050C0F8C0D0C0F8C43058
:1043700004460395FFF74CFFC4F8C85005B030BDA4
:1043800070B5054600242B1ADBB28B4209D215F812
:10439000016B01333443DB0604BF14600432640054
:1043A000F1E770BDF0B5324C32493348334F344EEB
:1043B000314D87B008F009FD21682F4808F024FD31
:1043C000304B21681A682D4801F016FB002438464E
:1043D00001F0E2FA032818D01E2C16D04FF4FA7020
:1043E00009F02EFB3146284608F0EFFC264A274804
:1043F000032194FBF1F101EB4101631A0C2101FB54
:104400000321FFF7A5FF0134E1E71C4801F0C4FADE
:104410000328194823D108F0E7FC1D49164808F085
:10442000F3FC1C49144808F0D0FC1449684601F01C
:1044300073FB6946104808F0F1FC17490E4808F074
:10444000C4FC0E4801F040FB0A2201460A4808F06D
:104450000DFD1249084808F0D7FC07B0F0BD08F080
:10446000C3FC0F49044808F0CFFC0E49F2E700BF37
:1044700004000020D83D01003C08002088040020F2
:104480000B5F0100000000207C540100A40200200A
:10449000F13D0100123E0100253E0100333E0100C6
:1044A000383E01005E3E010030B5C949C94D8BB0B0
:1044B000044608F0A9FCC849204608F0A5FCC749F5
:1044C000204608F0A1FC204608F08EFCC449204696
:1044D00008F09AFCC349204608F096FCC2492046E1
:1044E00008F092FCC149204608F08EFCC0492046E5
:1044F00008F08AFCBF49204608F086FCBE492046E9
:1045000008F082FCBD49204608F07EFCBC492046EC
:1045100008F07AFCBB49204608F076FCBA492046F0
:1045200008F072FCB949204608F06EFCB8492046F4
:1045300008F06AFCB749204608F066FCB6492046F8
:1045400008F062FCB549204608F05EFCB4492046FC
:1045500008F05AFCB349204608F056FCB249204600
:1045600008F052FCB149204608F04EFCB049204604
:1045700008F04AFCAF49204608F046FCAE49204608
:1045800008F042FCAD49204608F03EFCAC4920460C
:1045900008F03AFCAB49204608F036FCAA49204610
:1045A00008F032FCA949204608F02EFCA849204614
:1045B00008F02AFCA749204608F026FCA649204618
:1045C00008F022FCA549204608F01EFCA44920461C
:1045D00008F01AFCA349204608F016FCA249204620
:1045E00008F012FCA149204608F00EFCA049204624
:1045F00008F0EBFB2A78002A00F0CC819D49204688
:1046000008F002FC9C49204608F0FEFB9B4920462E
:1046100008F0FAFB9A49204608F0F6FB9949204633
:1046200008F0F2FB9849204608F0EEFB9749204637
:1046300008F0EAFB9649204608F0E6FB954920463B
:1046400008F0E2FB9449204608F0BFFB934B944AE4
:1046500029782046002914BF1146194608F0B5FBF9
:104660008949204608F0D0FB8A49204608F0CCFB57
:104670008C49204608F0C8FB8349204608F0C4FB5B
:104680008449204608F0C0FB8749204608F0BCFB5F
:104690007D49204608F0B8FB7E49204608F0B4FB6F
:1046A0008249204608F0B0FB7749204608F0ACFB71
:1046B0007549204608F0A8FB7449204608F0A4FB81
:1046C0007B49204608F0A0FB7A49204608F09CFB75
:1046D0007949204608F098FB7849204608F094FB79
:1046E00004A8774901F018FA04A901A808F05CFAB7
:1046F00001A9204608F07EFB01A808F02DFC6249C4
:10470000204608F081FB6C49204608F07DFB6D498E
:10471000204608F079FB6A4801F0D6F90A220146E2
:10472000204608F0A3FB6849204608F06DFB564977
:10473000204608F069FB6049204608F065FB6349A4
:10474000204608F061FB09F0BFF90A224FF47A71A4
:10475000B0FBF1F1204608F0B7FB5D49204608F0B8
:1047600053FB4949204608F04FFB5349204608F0C7
:104770004BFB5849204608F047FB5749204608F0B4
:1047800043FB4149204608F03FFB3F49204608F0E3
:104790003BFB5249204608F037FB5149204608F0C0
:1047A00033FB5049204608F02FFB4F49204608F0C4
:1047B0002BFB3549204608F027FB3449204608F0FA
:1047C00023FB4A49204608F01FFB4949204691E057
:1047D000F33F0100A0020020034001002A40010035
:1047E0003C4001004C4001005D400100644001007C
:1047F00092400100A9400100F0400100F840010092
:1048000024410100AB41010058420100C4420100B3
:10481000084301009F430100F94301003D440100AA
:10482000A444010088450100414601009146010071
:104830002C470100C5470100104801003C48010019
:10484000644801008E480100F94801007F490100D9
:10485000314A0100964A01009F4A0100A74A01001F
:10486000AE4A0100F04A0100084B01002B4B010049
:104870005C4B0100704B0100FF4B0100164C010026
:10488000524C01008B4C0100B64B0100C94C010099
:10489000DC4C01000E4D0100244D0100B83F010029
:1048A0007F3F0100554D0100C14D0100294E01001F
:1048B0008C4E0100B54E0100CF4E0100E74E0100C5
:1048C000880400200F4F0100333E0100354F0100E6
:1048D0005F4F0100644F0100874F0100974F0100B7
:1048E000D04F010025500100BF5001007950010058
:1048F0009650010008F088FA2749204608F084FA0B
:104900002649204608F080FA2549204608F07CFA1E
:104910002449204608F078FA2349204608F074FA22
:104920002249204608F070FA2149204608F06CFA26
:104930001F49204608F068FA1E49204608F064FA2C
:104940001D49204608F060FA1C49204608F05CFA30
:104950001B49204608F058FA1A49204608F054FA34
:104960001949204608F050FA1849204608F04CFA38
:104970001749204608F048FA1649204608F044FA3C
:104980001549204608F040FA1449204608F03CFA40
:104990000BB030BD124932E6C45001002151010074
:1049A000435101006151010083510100A2510100F6
:1049B000B64B0100AA510100B3510100D9510100C9
:1049C000125201001D520100535201009C5201007D
:1049D000E5520100E9520100F3520100FB520100CF
:1049E000BD4B010008B5054B1B7823B104490548B0
:1049F000FFF7AEFC08BD0449F9E700BFA0020020A4
:104A000064540100A40200207054010008B5094B51
:104A1000197861B9012207201A7008F06BFFFFF7BF
:104A2000E1FF05490548BDE8084008F0EDB9044933
:104A3000F8E700BFA00200207A3E01003C080020F9
:104A4000A03E010008B5094B1A786AB10022012185
:104A500007201A7008F04EFFFFF7C4FF044905480D
:104A6000BDE8084008F0D0B90349F8E7A0020020EB
:104A7000903D01003C080020B73D0100034B1B782E
:104A80000BB1FFF7DFBFFFF7C1BF00BFA0020020DF
:104A9000F8B5022008F03AFF244C254D2378071C76
:104AA00018BF0127BB4206462AD009F00DF821495C
:104AB0002860214808F0A8F920491F4808F085F926
:104AC0000A2239461C4808F0F5F91D491A4808F031
:104AD0007CF90A222178184808F0ECF9194916489F
:104AE00008F073F90A222968134808F0FEF91649FC
:104AF000114808F06AF90A2232210F4808F0F5F946
:104B000008F0E2FF2B68C01A32280ED96EB1237864
:104B10005BB90E49084808F077F9FFF7AFFF0C4979
:104B2000054808F071F901232370F8BDEC0300205B
:104B3000E8030020C33E01003C080020E93E0100DC
:104B4000013F0100193F01002E3F0100433F0100DA
:104B50004E3F010008B505480549FFF7F9FB4FF442
:104B60007A70BDE8084008F06BBF00BFA4020020C7
:104B7000605501007FB52449244808F045F92449CF
:104B8000224808F022F96846224900F0C5FF69462C
:104B90001E4808F043F920491C4808F016F91D4842
:104BA00000F092FF0A220146184808F05FF91B49FD
:104BB000164808F029F91A49144808F006F9194B63
:104BC000194A1978194B1148002914BF1146194682
:104BD00008F01AF916490D4808F0F7F808F074FFC4
:104BE0000A224FF47A71B0FBF1F1084808F06CF931
:104BF0001049064808F008F90F49044808F004F97C
:104C000007B05DF804FB00BF075401003C0800201A
:104C1000285401008804002032540100333E010072
:104C200040540100A0020020F5530100FF53010091
:104C30004E54010057540100D25F010038B5124CA8
:104C400012485021002501F0DFFC08220C212046EB
:104C500002F06EFB0E4B23606022294604F14900EE
:104C6000C4E9105584F848500CF0B5F9642304F1F8
:104C7000D400C4E92B35C4E9325584F8D05006F08D
:104C800029F884F80C5138BDA4020020B803002094
:104C9000043D010008B50548FFF78CFA0448054BB0
:104CA00040F8103BBDE8084001F09CB8A402002089
:104CB000B8030020045B010030B5324C324D87B0A0
:104CC00020464FF4E13107F065F92946204608F007
:104CD0009BF82E49204608F097F82946204608F010
:104CE00093F80021022008F0EDFD0121072008F0D3
:104CF000E9FD0121082008F0E5FD0121092008F067
:104D0000E1FD01210A2008F0DDFD0121072008F066
:104D1000F1FD0121082008F0EDFD0121092008F036
:104D2000E9FD01210A2008F0E5FD1949204608F0B7
:104D30006BF81848FFF70AFAFFF70CFF16492046F0
:104D400008F062F8FFF72EFB144801F021FD14492A
:104D5000204608F03AF86846124900F0DDFE694640
:104D6000204608F05BF8FFF73DFEFFF703FF0E4912
:104D7000204608F049F82946204608F045F807B0D3
:104D800030BD00BF3C080020D05F01006C55010021
:104D90008E550100A4020020B3550100B803002085
:104DA000CF55010088040020F555010010B594B0DE
:104DB000494904A801F03AFC089B01334FD0474908
:104DC000474808F021F8474901A808F010F904A85D
:104DD00001F0ACFAD8B104A801F0E8F80028F6D048
:104DE0000D2204A90CA808F09FF80CA901A808F04E
:104DF00048F90E9B012B37D100210CA808F050F97F
:104E000090F900300A2B2FD10CA808F0A5F83649EC
:104E10000CA808F0ECF80CA901A808F061F9044608
:104E20000CA808F099F8002C22DBFFF7EFFD2F49C2
:104E30002B4807F0E9FF04A90CA800F0AFFF0CA86D
:104E4000FFF732FB0CA800F0CDFF04A801F032FA06
:104E50002749234807F0D8FF01A808F07DF804A8E7
:104E600000F0C0FF14B010BD0CA808F075F8AEE754
:104E700020490CA808F0BBF80CA901A808F030F9EB
:104E800004460CA808F068F8002C03DBFFF7DAFDF5
:104E90001949CDE719490CA808F0A9F80CA901A8EF
:104EA00008F01EF904460CA808F056F8002C03DBA5
:104EB000FFF7E4FD1249BBE712490CA808F097F888
:104EC0000CA901A808F00CF904460CA808F044F855
:104ED000002CB0DB0C49ABE7B80300200353010002
:104EE0003C080020EB57010024530100325301001D
:104EF000D7530100525301005E5301007C5301005F
:104F000088530100A6530100B253010010B50B4CA9
:104F1000FFF7BEFDFFF74AFF08F0D6FD2368C01A71
:104F200047F23053984204D9FFF724FE08F0CCFD35
:104F300020600A20BDE8104008F082BD9C020020DD
:104F400038B504460D4601F001FDC4F8AC5038BD3B
:104F500038B5044604F1B40501F04AFF04F14900F4
:104F60002A466021FFF70CFA29462046FFF7F0F9A0
:104F700038BD38B5044601F05AFC94F8483063B99E
:104F800004F1B405602104F149002A46FFF7F8F95D
:104F900029462046FFF7DCF938BD636C032BFBD9AB
:104FA000226C602104F14900FFF7EAF9236CD4F880
:104FB000AC20DA60236C10332364636C103B6364B1
:104FC000EAE7FFFF08B50368002B02DA09480AF098
:104FD0002EFF8B4208D949008B4205D20029B6BF6B
:104FE0006FF00043016003600068BDE808400130D5
:104FF0000AF009BF3D57010010B50446406828B1CA
:1050000063781BB940F2AC410AF0ECFE204610BDBB
:1050100008B4F3B507AB044600F10C0553F8042BB4
:105020000193802128460CF099FED4F89000A8B195
:1050300094F89430012B11D90F4907F0C6FED4F82B
:105040009060336828465F680CF09AFD2946024656
:105050003046B847D4F8900007F0C6FE284664688A
:105060000CF08EFD29460246204607F0A9F802B052
:10507000BDE8F04001B070478F560100034653F879
:10508000080B984201D00AF0ABBE7047F8B506464F
:10509000456808460F460CF073FDA842024628BF3B
:1050A0002A46044622B1394630680BF061FF00B948
:1050B000281BF8BD012A30B404D191F900300370E7
:1050C00030BC7047002AFBD030BC0BF060BFFFFF44
:1050D00000F1080373B5044603600D46D1B10846DC
:1050E0000CF04EFD0F280646019006D9002101A8BC
:1050F000FFF768FF019B2060A360324629462068C5
:10510000FFF7D8FF019B2268636000212046D1543D
:1051100002B070BD01480AF087FE00BF555701007C
:105120002DE9F347DDF82880164642689A46A8EB39
:105130000603571A13440268019300F108039A42C8
:105140000D46044614BF81680F2101A8FFF73AFFFE
:10515000BF1B81461DB12A462168FFF7ABFFBAF19C
:10516000000F08D0B8F1000F05D04246514609EBB8
:105170000500FFF79FFF47B121682E4405EB0800AB
:105180003A4631444844FFF795FF2046FFF776FF43
:10519000019BC4F80090A36002B0BDE8F087F7B5AA
:1051A0000268466800F108039A4218BF836806F156
:1051B000010508BF0F239D4204460F4606D901236F
:1051C000009300231A463146FFF7AAFF23689F5534
:1051D0002368656000225A5503B0F0BD012A30B43F
:1051E00004D191F90030037030BC7047002AFBD025
:1051F00030BC0BF0D7BEFFFF2DE9F74F81461446B8
:1052000040680C9E02F10042013A121A96429846FA
:1052100002D937480AF00BFE4A46A6EB040B52F8B7
:10522000083B934218BFD9F808200BEB000A08BFCF
:105230000F22524552D35F189845A0EB0101A1EB14
:10524000040522D3034498451FD876BB95B1B442D8
:1052500010D02A463919B819FFF7C0FFB44209D255
:105260003C4408EB06039C4227D33246414638466D
:10527000FFF7B4FFD9F80030C9F804A0002248466F
:1052800003F80A2003B0BDE8F08F35B1B44204D072
:105290002A463919B819FFF7A1FF002EEAD0324685
:1052A00041463846FFF706FFE4E7B4421DD33246D5
:1052B00041463846FFF792FFC8E7444503D83246D7
:1052C00008EB0B01EDE7A4EB080422464146384603
:1052D000FFF784FF321BB9193819E3E700964346FC
:1052E00022464846FFF71CFFC4E7002DB8D0B0E7C0
:1052F0002457010037B5044608460D460CF040FC23
:105300002B460090626800212046FFF775FF03B02E
:1053100030BDFFFF2DE9F04F8FB00AAB029106467A
:10532000089398490298002309938DF828309246F3
:10533000FFF7ACFE031C0490D6F8900018BF0123C1
:10534000069328B196F8943013B18F4907F03DFDCC
:1053500008F0BAFB4FF000080123DFF854B20590C3
:105360004746CDF80480CDF80C8099464446079313
:1053700008F0AAFB059BB268C01A904200F21A819D
:10538000079B5BB17068026812699047079B002811
:10539000EDD0706803685B69984745B2D6F8900015
:1053A00038B196F8943023B10A2D24D1774907F00B
:1053B0000CFDD6F8900060B196F89430022B08D915
:1053C000734907F002FD0A222146D6F8900007F043
:1053D00071FD631E072B29D8DFE813F03A005C004B
:1053E0007E008A008D00B7002B01A200092C00F07E
:1053F000E3800123BBE70D2D01D16649D7E7202DBE
:1054000001D16549D3E71F2D0CDC644907F0DDFCB1
:1054100029460A22D6F8900007F065FD6049D6F8C3
:105420009000C4E7294607F0D4FCC2E72B2D05D134
:10543000294608A8FFF7B3FE0124DAE71BF9073075
:10544000AB4240F09C80DDF8188001370824D0E79B
:105450003A2D294608A801D03D2D3AD1FFF79FFEED
:10546000049B8BB1029B099A5B689A4206D15AB1A0
:10547000029B089819680BF07BFD28B1494908A8E0
:10548000FFF738FF4FF0010846495046FFF732FF5B
:105490000224AEE77C2D0ED1DAF800000BF0BDFC43
:1054A0000023CAF80430DAF8003003904FF000020D
:1054B0001A7003249DE70D2D00F0B2800A2D00F034
:1054C000B18096F88C3013B1202D00F0AD802946C4
:1054D0005046FFF764FE8CE729465046FFF75FFE13
:1054E000019B039A01330193934208BF052480E78F
:1054F0000A2D08BF05242C495046FFF7C7FD60B1AF
:105500002A495046FFF7C2FD002804BF4FF00109A9
:1055100009244F2D2AD1012798E781460924F8E76D
:105520001BF907207B1C58460793AA4218BF072483
:105530000CF026FB079B984270D107464FF00009FC
:10554000B8F1000F19D1092436E01BF907207B1CA4
:1055500058460793AA4218BF07240CF011FB079B7B
:1055600098425BD107464FF00109E9E7B8F1000F17
:105570003FF43CAF092C7FF43CAF4FF0000800240F
:1055800037E700BFE0560100ED560100F356010079
:105590000C570100F8560100FD560100E73E0100DE
:1055A0001F510100EB57010000400100605601004F
:1055B000025701004FF00309D6F89000B8B196F8F1
:1055C0009430022B13D91E4907F0FFFB0A22214613
:1055D000D6F8900007F06CFC1A49D6F8900007F056
:1055E000F4FB0A224946D6F8900007F063FCD6F88F
:1055F0009000012386F88C3048B196F8943033B18E
:10560000114907F0E2FBD6F8900007F0EDFB08A87F
:10561000FFF734FD48460FB0BDE8F08F1F46E8E6BF
:105620000424E6E60524E4E6B8F1000F7FF4E1AED9
:105630009DE6002398464FF002091C4697E600BFFE
:1056400007570100145701001A57010030B50446EE
:10565000406803688DB05B68984706AA1D49684694
:10566000FFF736FD08AB069306AA002369462046DD
:1056700007938DF82030FFF74DFE0546D4F89000D3
:1056800088B194F89430012B0DD9134907F09DFB94
:105690000699D4F8900007F0B7FB7DB90F49D4F80C
:1056A000900007F0B1FB06A8FFF7E8FC6846FFF79B
:1056B000E5FCB5FA85F040090DB030BD012DD4F8F8
:1056C000900001D10649ECE7032D0CBF05490649BE
:1056D000E7E700BFE05601002D56010047560100E4
:1056E00055560100665601007956010008B42DE9AF
:1056F000F3431646044609AB306853F8042B019374
:10570000884604F10C050021716001708021284653
:105710000CF024FBD4F89000B0B107F065FB2449ED
:10572000D4F8900007F051FBD4F890703B682846FD
:10573000D3F804900CF024FA294602463846C847AC
:10574000D4F8900007F050FB284667680CF018FA70
:1057500029460246384606F033FD32464146204689
:10576000FFF7D8FD0546D4F8900068B1114907F05D
:105770002CFB3168D4F8900007F046FB65B90E4960
:10578000D4F8900007F040FBB5FA85F0400902B06C
:10579000BDE8F04301B07047012DD4F8900001D16D
:1057A0000649EFE7032D0CBF05490649EAE700BFAC
:1057B000CA560100D4560100475601005556010053
:1057C00066560100795601002DE9F0430446406811
:1057D00091B01646002834D02378002B31D10368CD
:1057E000194DDB69DFF86C90DFF86C80174F984734
:1057F0000AAA174904A8FFF76BFC60680368DB6816
:1058000098474FF4FA72AA602378A3B9002E12DDEC
:1058100003AA49460AA8FFF75BFC3B4604AA0AA96B
:10582000CDF800800848FFF761FF20700AA8FFF755
:1058300025FC013EE8E742F2107304A8AB60FFF7D5
:105840001DFC11B0BDE8F083F0030020DB65010012
:10585000EB570100A7560100B7560100074B084857
:1058600058600022012142F210701A70597098603D
:1058700083F88C1083F89420704700BFF003002059
:10588000941100200148FFF7B7BB00BFF0030020D0
:1058900008B50368002B02DA09480AF0C8FA8B42FF
:1058A00008D949008B4205D20029B6BF6FF00043EA
:1058B000016003600068BDE8084001300AF0A3BA47
:1058C0003D57010073B542F21073036000F5F873A1
:1058D0000025C0F8E831012600F50273044680F87F
:1058E000E451C0F8EC5180F8F051C0F80032C0F833
:1058F000045280F8085204230096A822C02100F523
:10590000067007F0EFF833460096A822C02104F590
:105910000C7007F0E7F8FF2300951A46194604F5C6
:10592000127007F0DFF8204602B070BD73B505466F
:105930000E4619B912B10D480AF076FA941B0F2CD5
:10594000019406D9002101A8FFF7A2FF019B28605E
:10595000AB60224631462868FFF7ACFB019B2A6802
:105960006B600021D15402B070BD00BF55570100DB
:1059700038B500F10803044603600D4649B10846F6
:105980000CF0FEF82A1820462946FFF7CFFF2046E4
:1059900038BD4FF0FF32F6E710B503228CB04FF45C
:1059A000E1311148FFF710FF10496846FFF7E0FFAB
:1059B0000F4906A8FFF7DCFF0E4B0B486A4606A905
:1059C000FFF794FE044606A8FFF758FB34B1012008
:1059D00008F036F800980BF020FAC4B26846FFF7DA
:1059E0004DFB20460CB010BDF0030020EB5701002A
:1059F000225801002E580100F0B591B004460E4621
:105A000004A82849284D1746FFF7B2FF03224FF498
:105A1000E1312648FFF7D8FE25490AA8FFF7A8FF7D
:105A200001230193234B00930AA9234B1F4804AA87
:105A3000FFF75CFE0AA8FFF721FB20490AA8F7B987
:105A4000FFF796FFCDE900561D4B184804AA0AA996
:105A5000FFF74CFE05460AA8FFF710FBDDB108F082
:105A600033F8054608F030F82368401B984212D2FC
:105A70002046FFF791FF0328F4D104460CE0FFF71E
:105A800077FFCDE9016700950E4B084804AA0AA9E3
:105A9000FFF72CFEDEE7042404A8FFF7EFFA204608
:105AA00011B0F0BDEB5701000B580100F0030020CE
:105AB000BA570100F3570100EC57010000580100EC
:105AC0008C5701001858010010B58CB00E4968467B
:105AD000FFF74EFF0D4906A8FFF74AFF0C4B0D4894
:105AE0006A4606A9FFF702FE044606A8FFF7C6FAB3
:105AF0001CB100980BF091F904466846FFF7BEFA16
:105B000020460CB010BD00BFEB570100A2570100AA
:105B1000AC570100F003002070B503228EB005469B
:105B20004FF4E1312848FFF74FFE0024274902A82F
:105B3000FFF71EFF2346224621460094284606F022
:105B4000D1FF234908A8FFF713FF224B009302AAB5
:105B5000214B1D4808A9FFF7C9FD064608A8FFF715
:105B60008DFAD6B102980BF058F901281BD11B49C8
:105B700008A8FFF7FDFE1A4B00930194194B124839
:105B800002AA08A9FFF7B2FD044608A8FFF776FAB3
:105B90001CB10299284607F0C7F802A8FFF76EFA71
:105BA00028460EB070BD02980BF037F90228F4D1E8
:105BB0000D4908A8FFF7DCFE0C4B034802AA08A910
:105BC000FFF794FDE0E700BFF0030020EB57010072
:105BD000BA570100C5570100DB650100A958010053
:105BE000B1580100EC570100905801009B5801008A
:105BF0000148FFF767BE00BF8804002010B5054CC0
:105C000004F50070FFF73AFA04F5F470FFF736FA7E
:105C100010BD00BF880400200069013018BF0120BA
:105C2000704708B503685B6B984780F00100C0B20D
:105C300008BD13B502AB026803F8011D546819468C
:105C40000122A04702B010BD07B5036801225B6ABC
:105C50000DF10701984701280CBF9DF807004FF090
:105C6000FF3003B05DF804FB00690B69C31A5842AA
:105C70005841704770470020704740F20C41C0689F
:105C80000AF0B0B810B5102104460AF0ABF820466F
:105C900010BD08B5FFF7F6FF08BD7FB503680446E1
:105CA000164601A81D6A06F07FFF3246019920467C
:105CB000A847044601A807F04FF9204604B070BD7C
:105CC000036810B504469B689847A368013BA3602E
:105CD0002BB923682046DB68BDE81040184710BD8B
:105CE00000F1080370B5044603600E46B1B10846E2
:105CF0000BF046FF0F28054604D901300AF083F85F
:105D0000A5602060012D20680BD196F9003003704A
:105D10002368656000225A55204670BD04480AF089
:105D200083F8002DF4D02A4631460BF030F9EFE726
:105D300055570100036813B962B6BFF36F8F704700
:105D400013B5EFF3108300930123019372B6019B07
:105D50005A1E019233B104686846FFF7EBFF2046F4
:105D600002B010BD6846FFF7E5FFF8E713B504463B
:105D7000EFF3108300930123019372B6019B5A1E27
:105D80000192684633B1FFF7D5FF601CC0F30900EC
:105D900002B010BDFFF7CEFFFAE7FFFF0023C0E916
:105DA00005334FF47A72C0E90132C3610B690361B4
:105DB0008B698361CB69044A02601BB15A68013266
:105DC0005A60C361704700BF545A010010B50446C1
:105DD000006828B14368013B43600BB9FFF770FFCF
:105DE000204610BD10B5044B044640F81C3BFFF79D
:105DF000EDFF204610BD00BF545A010030B50369C5
:105E0000002B8FB0044607DB0368DB6A984718B99C
:105E1000236820469B6A98472369013321D11249A0
:105E200002A8FFF75DFF03224FF4E1310F48FFF7AF
:105E3000CBFC0F4908A8FFF753FF0E4B009302AAB3
:105E40000D4B0A4808A9FFF751FC054608A8FFF7C3
:105E500015F91DB102980AF0E0FF206102A8FFF7D2
:105E60000DF90FB030BD00BFEB570100F00300206B
:105E70002D5A01003B5A0100DB65010070B5044654
:105E800092B00D461646FFF7B9FF2369002B25DBBC
:105E90001E4906A8FFF724FF03224FF4E1311C48F6
:105EA000FFF792FC6369DBB11A490CA8FFF718FFF2
:105EB00063690295CDE9036323690193164B00934F
:105EC00006AA164B12480CA9FFF710FC04460CA8B2
:105ED000FFF7D4F806A8A4B9FFF7D0F8002013E024
:105EE0000F490CA8FFF7FCFECDE902562369019388
:105EF0000C4B009306AA0C4B05480CA9FFF7F6FBC8
:105F0000E4E7FFF7BBF8012012B070BDEB570100CA
:105F1000F00300206C5901008C5901007C590100EC
:105F20009E590100BF590100B259010070B50369C3
:105F3000002B90B005460E4614462ADB164904A8ED
:105F4000FFF7CEFE03224FF4E1311448FFF73CFC8B
:105F500013490AA8FFF7C4FE02942B690193114B61
:105F6000009304AA104B0D480AA9FFF751F80AA89C
:105F7000FFF784F8224631460848FFF767FB0546DD
:105F800004A825B1FFF77AF8204610B070BDFFF7DE
:105F900075F80024F8E700BFEB570100F00300207C
:105FA000465901005D5901005359010030B503699C
:105FB000002B8FB0054635DB84695CB104F5816048
:105FC000FFF7BEFE002808DDA86900F58160FFF735
:105FD000B7FE044620460FB030BD154902A8FFF7B2
:105FE0007FFE03224FF4E1311248FFF7EDFB124927
:105FF00008A8FFF775FE2B690193104B009302AAC6
:106000000F4B0C4808A9FFF771FB044608A8FFF7DF
:1060100035F84CB102980AF000FF041E04DA02A819
:10602000FFF72CF80024D5E702A8FFF727F8D1E7FF
:10603000EB570100F0030020ED590100F959010070
:10604000EC5701002DE9F04F0369002B93B0074690
:10605000C0F287808369002B00F08380424906A844
:10606000FFF73EFEBA69EFF310830C9301230D9303
:1060700072B60D9B591E0D911BB1D2F80854C5F58F
:1060800080653A4E0CA8FFF755FE002403223046E7
:106090004FF4E131FFF798FB013D86F88C4034491D
:1060A0000CA8FFF71DFE02953B690193314B00934D
:1060B0003046314B06AA0CA9FFF718FB06460CA880
:1060C000FEF7DCFF002E41D0079B002B47D04FF09E
:1060D0000109CA46AC4239D2079B9C4236D2069B84
:1060E000BE6913F804B0EFF31083CDE9043972B63A
:1060F000059B5A1E059223B3EFF31083CDE90C3AAA
:1061000072B60D9B5A1E0D923BB1D6F80834A3F51A
:106110008063D3F1000848EB03080CA8FFF70AFEE0
:10612000B8F1000FE4D1D6F8000406F800B0FFF78C
:106130001DFED6F80834C6F800040133C6F808344A
:10614000D6E704A8FFF7F6FD0134C3E74FF0FF34AC
:1061500006A8FEF793FF204613B0BDE8F08F1C465B
:10616000F6E74FF0FF34F6E7EB570100F0030020AD
:1061700012590100225901005359010038B5044653
:1061800080690D4650B100F58160FFF7D9FDA84246
:1061900004D22046BDE83840FFF754BF38BD2DE992
:1061A000F74F07468A4611461646FFF7E7FF3B6959
:1061B000002B33DBBC6994B34FF0010B5644002431
:1061C000D946B2452BD0BBF1000F28D0BD69D5F818
:1061D00008344BB995F800809B460AF8018BBBF157
:1061E000000FEED00134ECE7EFF31083CDE9003976
:1061F00072B6019B5A1E019263B1D5F8040415F8DA
:106200000080FFF7B3FDD5F80834C5F80404013B5E
:10621000C5F808346846FFF78DFDDEE70024204608
:1062200003B0BDE8F08F10B504460121FFF7A6FFCB
:106230002369002B0ADBA36943B1D3F808241AB100
:10624000D3F80424985C10BDFF20FCE74FF0FF302A
:10625000F9E7FFFF10B50369002B8EB004461DDB84
:106260000F4902A8FFF73CFD03224FF4E1310D482E
:10627000FFF7AAFA0C4908A8FFF732FD236901933A
:106280000A4B009302AA0A4B064808A9FFF72EFA08
:1062900008A8FEF7F3FE02A8FEF7F0FE0EB010BD50
:1062A000EB570100F0030020345901003C59010074
:1062B000EC57010010B50369002B8EB0044620DBBB
:1062C000154902A8FFF70CFD03224FF4E1311348F2
:1062D000FFF77AFA124908A8FFF702FD2369019334
:1062E000104B009302AA104B0C4808A9FFF7FEF9C7
:1062F00008A8FEF7C3FE4FF0FF33236102A8FEF7A4
:10630000BDFEA3690022C3F80024C3F80424C3F827
:1063100008240EB010BD00BFEB570100F0030020B1
:10632000F458010002590100EC57010010B5036850
:106330008EB01B6904469847002829DC2369002B8E
:1063400028DB154902A8FFF7CBFC03224FF4E1310B
:106350001248FFF739FA124908A8FFF7C1FC236970
:106360000193104B009302AA0F4B0C4808A9FFF7AA
:10637000BDF9044608A8FEF781FE1CB102980AF098
:106380004CFDC4B202A8FEF779FE20460EB010BD47
:106390000124FAE70024F8E7EB570100F00300209E
:1063A000075A0100195A0100EC57010030B50C469C
:1063B00095B0054602A806F08DFB2369002B34DB5F
:1063C0001E4908A8FFF78CFC03224FF4E1311C485A
:1063D000FFF7FAF91B490EA8FFF782FC2369019326
:1063E000194B009308AA194B15480EA9FFF77EF91F
:1063F00004460EA8FEF742FEA4B108992C4602A856
:1064000006F092FC124B44F8043B03AB0FCB84E83C
:106410000F009DF81C302B7508A8FEF72FFE2846AC
:1064200015B030BD08A8FEF729FE002300931A46D8
:106430001946284606F056FBF1E700BFEB5701006E
:10644000F0030020D5590100E0590100EC5701008C
:10645000D05E010010B50369002B8EB0044626DB28
:10646000144902A8FFF73CFC03224FF4E131124823
:10647000FFF7AAF9114908A8FFF732FC2369019335
:106480000F4B009302AA0F4B0B4808A9FFF72EF9F8
:10649000044608A8FEF7F2FD1CB102980AF0BDFC04
:1064A00084B202A8FEF7EAFD20460EB010BD00241B
:1064B000FAE700BFEB570100F0030020D8580100B5
:1064C000E5580100EC57010013B500230446D1E95B
:1064D0000002C1E900332368206002A800936368CA
:1064E00040F8043D6260FFF771FC204602B010BD29
:1064F00073B54FF47A730025C0E90153174B03605D
:106500004FF0FF33C0E904350446C0E9065540F2B8
:106510000C4009F078FC4FF48062064629460AF0E8
:106520005AFD1020C6F80054C6F80454C6F80854A2
:10653000CDE9006509F067FC0123C0E90133084B90
:106540000360C6600190694604F11800FFF7BCFFC4
:1065500001A8FFF73BFC204602B070BD545A010071
:10656000C458010073B54FF47A730025C0E9015394
:10657000164B03600446C0E90415C0E9065540F215
:106580000C4009F040FC4FF48062064629460AF0B0
:1065900022FD1020C6F80054C6F80454C6F808546A
:1065A000CDE9006509F02FFC0123C0E90133084B58
:1065B0000360C6600190694604F11800FFF784FF8C
:1065C00001A8FFF703FC204602B070BD545A010039
:1065D000C4580100704708B503685B69984780F0AC
:1065E0000100C0B208BD13B502AB026803F8011D7B
:1065F000546819460122A04702B010BD80688B681C
:10660000C31A58425841704710B500234360064BE7
:1066100003604FF0FF330446C0E902311030FFF74A
:1066200067FF204610BD00BF045B01002DE9F0416B
:106630008B68013392B007460C4663D00AAA3349EF
:1066400004A8FEF745FD03224FF4E1313048FFF77F
:10665000BBF803AA2F490AA8FEF73AFDA3680193E5
:106660002D4B009304AA2D4B29480AA9FFF73EF8A9
:1066700005460AA8FEF702FD002D40D004980AF056
:10668000CCFB236A8342014604F110080AD141463B
:106690003846FFF783FB04A8FEF7F0FC384612B03B
:1066A000BDE8F0810AA8FFF75DFF0B9B63610C9BBF
:1066B000A3610D9BE361119E0E9BE56A23620F9B14
:1066C0006362AE42109BA36215D016B173680133AA
:1066D00073607DB16B68013B6B605BB92B682846CA
:1066E0009B689847AB68013BAB601BB92B68284699
:1066F000DB689847E6620AA8FFF774FBC7E704A8BF
:10670000FEF7BCFC3846FFF7F3FEC7E7EB57010086
:10671000F0030020D45A0100E65A0100EC570100B2
:1067200030B58368013391B004460D4624D10AAADE
:10673000124904A8FEF7CCFC03224FF4E1311048C3
:10674000FFF742F803AA0F490AA8FEF7C1FC0E4B57
:106750000195009304AA0D4B09480AA9FEF7C6FF4C
:1067600005460AA8FEF78AFC1DB104980AF055FBFD
:10677000A06004A8FEF782FC11B030BDEB57010009
:10678000F0030020985A0100A65A0100EC570100BE
:10679000C168FFF7C5BFFFFF70B58368002B92B0DB
:1067A00005460E4614462CDB0CAA174906A8FEF730
:1067B0008FFC03224FF4E1311448FFF705F805AAD6
:1067C00013490CA8FEF784FC0294AB680193114BAB
:1067D000009306AA104B0D480CA9FEF719FC0CA853
:1067E000FEF74CFC224631460848FEF72FFF0546CF
:1067F00006A825B1FEF742FC204612B070BDFEF798
:106800003DFC0024F8E700BFEB570100F003002037
:10681000B65A0100C45A0100535901000023C38233
:106820000376037543756423C36301207047704783
:1068300013B504680093E46AA04702B010BD2DE9C7
:10684000F74F9246427D0446894612B9027D002ADE
:106850002FD009EB03070C9B5344013F03F1FF3892
:106860004D46BD4225DC5646464520DC4D4505D00B
:10687000BD4203D0564501D046450FD1637D6BB173
:10688000A17F0191237F2268617F0091D2F860B0DF
:10689000294632462046D8470136E5E7237D002BBE
:1068A000FAD0E17E0191637E2268A17EEDE7013599
:1068B000D7E703B0BDE8F08F01617047036923B1EA
:1068C00090F838201868504370471846704703699D
:1068D00023B190F8392058685043704718467047E4
:1068E000002908BF0121002A08BF012280F83810C2
:1068F00080F83920704737B5DDB201950468C3F3DD
:1069000007250095246EC3F30743A04703B030BDAD
:1069100038B51D46036804469B6E98479DF81030B5
:1069200084F82D309DF8143084F82C5084F82E30E3
:1069300038BD37B5DDB201950468C3F3072500956E
:10694000E46EC3F30743A04703B030BDC163704793
:106950002DE9F04F97B0CDE90412417D027D044648
:1069600011B9002A00F044814FF0020893FBF8F5BA
:10697000209B93FBF8F805FB05F3069308FB08F34F
:106980001293002A7CD01946DA17C8F100039A4600
:106990004FEAE37B069BCDE90A12DA171946CDE9E7
:1069A0000C12129A83FB0223CDE90E234246D31721
:1069B000CDE910236B4213932A46EB17CDE914233C
:1069C000DDE91023524573EB0B0359DB139B0C9A43
:1069D0001E46DF170D9B0BFB0AF1CDE90267AAFBF0
:1069E0000A6707EB410706FB03F10C9B03FB071348
:1069F000A6FB0212CDE90812099A13440993059BDC
:106A000003EB0A09DDE91423DDE9020182428B412F
:106A100031DBDDE9023203FB02F1A3FB032303EBCD
:106A200041030B990A98514300FB0311A2FB002379
:106A30000B44DDE908018018594102460B46DDE9A7
:106A40000E01904271EB03030DDBE17E01912268A0
:106A5000A17E0091126E02980499637E164601444D
:106A60004A462046B047DDE90223013243F10003E4
:106A7000CDE90223C6E71AF1010A4BF1000B9FE7AB
:106A8000637D002B00F0B4806B429A464FEAE37BB3
:106A90002A46EB17CDE90223DDE90223524573EBC9
:106AA0000B034CDB5046594609F05AFB02460B4695
:106AB00009F084FB064606980F4609F015FB0246CE
:106AC0000B463046394609F0A3FC02460B4600202F
:106AD000494909F0BBF941EC100B0AF06FF853EC8F
:106AE000102B4046CDE9082309F0FEFADDE9082322
:106AF00009F064FB09F012FEA17F22680191617F19
:106B0000049B0091D2F86090059A03EB0A060244B8
:106B10000746237F31462046C847A17F226801915E
:106B2000617F0091D2F86090059A237FD21B314695
:106B30002046C8471AF1010A4BF1000BACE7424668
:106B4000D317CDE90223C8F10006F717DDE90223C8
:106B5000B242BB414CDB3046394609F001FB0246EC
:106B60000B4609F02BFB80461298894609F0BCFAC7
:106B700002460B464046494609F04AFC02460B468F
:106B800000201D4909F062F941EC100B0AF016F8DB
:106B900053EC102B2846CDE9062309F0A5FADDE9D0
:106BA000062309F00BFB09F0B9FDA17F059B0191BC
:106BB000617F226800910499D2F860B003EB060966
:106BC00001448046237F4A462046D847A17F019151
:106BD000617F226800910499D2F860B0237F4A4611
:106BE000A1EB08012046D847013647F10007ADE781
:106BF00017B0BDE8F08F00BF0000F03F2DE9F04F67
:106C000085B0814608469A468846039200F06EFC9D
:106C10000E9B029023EAE3734FEA830B55460F9ACB
:106C2000A5EB0A039A4225DD029C00260E9B9E429C
:106C300004F1040412DA14F8021C14F8043C019163
:106C400014F8031CD9F800200091126E039917461E
:106C500071182A464846B8470136E7E7404600F033
:106C600047FC0E9BC01A029B0BEB8000034402936F
:106C70000135D4E705B0BDE8F08F2DE9F04F85B0C0
:106C8000814608469A468846039200F02FFC0E9BE8
:106C9000029023EAE37303EB430B55460F9AA5EBEF
:106CA0000A039A4226DD029C00260E9B9E4204F1B6
:106CB000030412DA14F8011C14F8033C019114F8CF
:106CC000021CD9F800200091126E03991746711822
:106CD0002A464846B8470136E7E7404600F008FC38
:106CE0000E9BC01A00EB4000029B584403440293E1
:106CF0000135D3E705B0BDE8F08F2DE9F04F85B041
:106D00008046084699460F46924600F0EFFB0E9BE0
:106D1000039023EAE3734FEA430B4D460F9AA5EB2A
:106D200009039A4227DD00240E9B9C4217DA039B3D
:106D3000D8F8001033F814201312D000D210C0B2CB
:106D400002F0FC02019000920A6E03F0F80316466E
:106D50000AEB04012A464046B0470134E4E73846CE
:106D600000F0C6FB0E9BC01A039B0BEB40000344D4
:106D700003930135D2E705B0BDE8F08F2DE9F74365
:106D800098460368054608460C46DE6D174600F037
:106D9000AFFB8146204600F0ADFB4346CDE90090B5
:106DA0003A4621462846B04703B0BDE8F08308B50F
:106DB00001F13E03DBB2012B03D949B2203006F0CA
:106DC00064F9012008BDFFFF0149203006F02EB90B
:106DD000EB57010070B504460E46154603492030B6
:106DE00006F024F9C4E90C6570BD00BFEB57010043
:106DF0002DE9F04F89B0437D0493037F0593054649
:106E0000437F06930129837F079304460E4655F876
:106E1000203B45D11B6D876A9847236B013307FBE5
:106E2000003900274F4580F25481236820461B6AB1
:106E30009847236B94F82C1094F82D202177A3EB1E
:106E4000070894F82E30A37723686277D3F840A020
:106E50006675636B424629462046D0472169A26A7F
:106E60000B6894F816C0E07D84F81CC002FB038315
:106E7000227E6077A2774968626B2068667511444C
:106E800001390091D0F830A019462046D047236838
:106E900020465B6A9847E06B06F0D2FD0137C1E7F8
:106EA00002295BD11B6D866A9847236B06FB00386D
:106EB000002708F1FF3A4FF00109474580F20981A8
:106EC000236820461B6A9847266B94F82C1094F888
:106ED0002D202177AAEB0703F61A94F82E30A3771A
:106EE00023686277D3F840B084F815903246636B1C
:106EF00029462046D847237EA377A17DE27D2369DA
:106F0000217762775B68626B216884F8159013447F
:106F1000013B013E0093D1F830B033463146204664
:106F2000D847236994F839009968039094F8380099
:106F300002905B682268CDE900932046D1F880106A
:106F4000D2F87CB0636B3246D847236820465B6A30
:106F50009847E06B06F074FD0137AEE7032943D193
:106F60005B6D9847636B002600EB03084FF0010947
:106F7000B045C0F2AE80236820461B6A984794F85B
:106F80002E30676B94F82C1094F82D20A37723688B
:106F90002177BF1B6277D3F840A0226B84F815904D
:106FA0003B4629462046D0472369E07D5A68217E2A
:106FB000A1773A44A77D2777216B60771868276807
:106FC000A36A009201F1FF3C03FB00C384F8159013
:106FD00020463F6BB847236820465B6A9847E06BC2
:106FE00006F02EFD0136C3E704295AD15B6D9847A0
:106FF000636B00EB0308002708F1FF3A4FF001092B
:10700000474566DA236820461B6A9847666B94F802
:107010002C1094F82D202177AAEB0703F61A94F888
:107020002E30A37723686277D3F840B0226B84F8C0
:107030001590334629462046D847237EA377A17D65
:10704000E27D236921776277013E2068216B1B680E
:107050000096D0F830B0A06A84F815904A1E00FB64
:10706000032332462046D847236994F839009968AB
:10707000039094F838002268CDE901901B680093D2
:10708000D1F88010D2F87CB0226B33462046D84726
:10709000236820465B6A9847E06B06F0D1FC013715
:1070A000AEE71B6A984794F82E3094F82C1094F8A9
:1070B0002D20A377236821776277012060751E6CED
:1070C0002046D4E90C232946B047236820465B6A52
:1070D0009847049B8BB1012363759DF81430237787
:1070E0009DF8183063779DF81C30A3770549284632
:1070F00009B0BDE8F04F05F099BF9DF810306375F9
:10710000F4E700BFEB570100437D73B53BB1447F0B
:107110000568867F01960094037F2C6EA04702B01D
:1071200070BD2DE9FF411F46036904461546002B3B
:107130003AD0437D002B37D04E1E16F9013F002B6D
:1071400032D0DBB20A2B08D1226994F83930526868
:1071500002FB0377F1E70025EFE70D2BFBD003F1EE
:107160003E02D2B2012AE8D92269906850F8231071
:1071700011B9D0F8801081B194F83900039094F8D7
:107180003800029050680190236812680092D3F88A
:107190007C802A463B462046C047226994F8383016
:1071A000126802FB0355C8E704B0BDE8F0812DE981
:1071B000F04F8BB098469DF85C300793437D9DF867
:1071C00058700446CDE90512002B71D0002F6FD006
:1071D000079B002B6CD000296AD0149B03FB07236C
:1071E000002B65DB079B159A02FB0383002B5FDBFB
:1071F0008368069A93425BDBC368434558DB8B4642
:10720000059B159AABEB03039A4251DD1BF8013B3A
:10721000099300230393039B039A43440493079B1E
:107220009A421ED0E3689A4242DA069D4FF0000966
:10723000149B4B4539DD099AC9F1070342FA03F360
:1072400013F0010F05EB0703294608930CD1089BA7
:1072500099421BD1A3683D44AB4226DD09F10109E7
:10726000E6E7DDF81080CBE7089B9942F2D0A07FDB
:1072700001902268607F0090126E237F01F1010A65
:1072800016462046049AB0475146EDE7207E01900D
:107290002268E07D0090126EA37D01F1010A16467E
:1072A0002046049AB0475146D1E7039B0133B1E72A
:1072B0000BB0BDE8F08F2DE9F0471F460B68044680
:1072C0009B6808460D461646DDE90889984760B375
:1072D00016EB080F29D417EB090F26D4A368B34285
:1072E00023DBE368BB4220DB284600F0FDF80128E1
:1072F0000FD0022813D0C0B9CDE908892368D3F88C
:1073000080E03B46324629462046F446BDE8F04739
:107310006047CDE908892368D3F884E0F1E7CDE937
:1073200008892368D3F888E0EBE7BDE8F087FFFF22
:1073300010B500230446436007482060C4E90212E8
:107340002361064904F1200005F051FE40F20113CB
:107350002387204610BD00BF285B0100EB570100CA
:1073600010B5044B044640F8203B05F0F5FD2046DF
:1073700010BD00BF285B01002DE9F04F85B090469D
:107380000E9CA41A48BF64424FEA44029A46A3EBFB
:10739000010307460D464CBF4FF0FF394FF001097E
:1073A0000392D61A4FEA430B554514DCB97F3B7F55
:1073B0003A680191797F0091126E29461446384649
:1073C0004246A047002E039BC4BFA6EB0B06C84451
:1073D0001E440135E8E705B0BDE8F08F2DE9F74F11
:1073E0005B1A15460C9A48BF5B42A2EB05094FEAAF
:1073F0004304A4EB0906074688464CBF4FF0FF3A0A
:107400004FF0010A4FEA49090C9B9D4213DCB97FFA
:107410003A683B7F0191797F0091D2F860B0414694
:107420002A463846D847002EC4BFA6EB0906D044EA
:1074300026440135E8E703B0BDE8F08F90F815C0A9
:107440002DE9F341DDF8208004460D4616461F461F
:10745000BCF1000F45D099420ED1464541DCA17FD9
:107460002268237F0191617F0091176E2946324681
:107470002046B8470136F0E742450FD1AF4230DB36
:10748000A17F2268237F0191617F0091D2F8608003
:10749000294632462046C0470135EFE7A8EB020CEB
:1074A0005C1ABCF1000FB8BFCCF1000C002CB8BFC7
:1074B0006442A4450ADA9942C1BF08920B4642468B
:1074C000394602B0BDE8F041FFF756BF4245C1BFA3
:1074D00008920B464246394602B0BDE8F041FFF73C
:1074E0007DBF02B0BDE8F08140687047806870479A
:1074F000C06870470069704708B506F083FA00203D
:1075000008BD27207047704737B5FFF7FCFF012102
:107510000D2006F0D7F900210D2006F0EBF96846A2
:107520000722032108F0ECFBBDF800301C4CC3F32C
:1075300084130125684607220521E55408F0E0FB85
:10754000BDF80030C3F38413684607220621E554D2
:1075500008F0D6FBBDF80030C3F384136846072259
:107560000921E55408F0CCFBBDF80030C3F38413C7
:10757000684607220A21E55408F0C2FBBDF8003036
:10758000C3F3841307220B216846E55408F0B8FBC7
:10759000BDF80030C3F38413E55403B030BD00BF21
:1075A000C60700200B7930B4DB01114C114DDBB262
:1075B000A3714B788A781B01120302F44052DBB2AC
:1075C00013430A788446A85CCA78120202F4407217
:1075D00000F003001343034363804B79064ADB0149
:1075E000DBB22372002030BCCCF80020704700BF13
:1075F00000420440EC5D010054445700024B00205F
:10760000FF2218701A7070470042044030B5836A38
:1076100085B004468C4601ADABB193E8070085E820
:1076200007006268117883F804C0E26A9A60196002
:107630001846626A9047A36A1BB195E8070083E881
:10764000070005B030BD2B46EBE700BF10B4EFF3E9
:107650000383103B5BB203F1C001204A204C52F877
:1076600021006FF3104042F8210054F82330D3E991
:1076700006218A421BD0186940B393F820400F2C92
:107680000BD99968496840F82210D96901328A42B9
:107690009A610CD05DF8044B7047072C19D8996893
:1076A00009798154D96901328A429A61F2D15B68C1
:1076B0000C4993F903305DF8044B5809012203F09B
:1076C0001F0302FA03F341F82030704798684068BE
:1076D000DCE79C68A48820F81240D7E700600040EF
:1076E0003407002000E100E0F0B5EFF30383103B26
:1076F0005BB203F1C0022F492F4C51F822006FF307
:10770000104041F8220054F823305868026A002AD9
:1077100030D092F801C0DC695A69BCF1010F17D072
:1077200094420FD0D96841B393F820000F280AD8AB
:107730000728986895BF895C31F812100171818023
:1077400001325A61F0BD986851F822104160F7E7A4
:1077500004F1FF3E724513D001690029E0D090F991
:10776000031016484D0901F01F010CFA01F140F811
:107770002510D5E75A69DC69D2E798684160DFE7F0
:1077800090F903E00EF1C0064FEA5E10800051F858
:10779000267000F1604000F561400EF01F0E0CFAFB
:1077A0000EF56FF3104741F82670C0F88051056060
:1077B000B6E700BF006000403407002000E100E0B1
:1077C00010B4EFF30383103B5BB2324A324C03F147
:1077D000C00152F821006FF3104042F8210054F824
:1077E00023008268D278920706D54268527A012A2D
:1077F00002D05DF8044B70475909284C0122203112
:1078000003F01F0302FA03F344F82130BFF34F8F54
:10781000BFF36F8F436893F90230002B2FDB5909B8
:10782000203103F01F0302FA03F344F82130BFF3C1
:107830004F8FBFF36F8FD0E90114237891F90210B5
:107840006FF386130029237014DB01F1C00C114C77
:107850004B099B0001F01F018A4003F1604354F87B
:107860002C1003F561436FF3104144F82C10C3F85A
:1078700080211A605DF8044B0121FFF7C7BE8268C2
:107880005DF8044B13786FF3861313700121FFF733
:10789000BDBE00BF006000403407002000E100E0F2
:1078A00070B5EFF30384103C314B64B253F824609D
:1078B000736893F90230002B42DB5A092D492032BC
:1078C000012003F01F0300FA03F341F82230BFF355
:1078D0004F8FBFF36F8FD6E9012392F902101A7808
:1078E00000296FF386121A7015DB01F1C00C224DCE
:1078F0004A09920001F01F0100FA01F102F1604211
:1079000055F82C0002F561426FF3104045F82C0049
:10791000C2F880111160DA780021D5B21207D9704F
:1079200021D4EB0712D405F01405142D16D0124BF8
:10793000C03453F824206FF3104243F8242070BD64
:10794000B3681A786FF386121A70E4E704213046A0
:1079500005F01405FFF75AFE142DE8D10821304632
:10796000FFF754FEE3E705213046FFF74FFED8E767
:107970003407002000E100E000600040036A70B5B9
:107980000446987800F07B0098700D46217841B34A
:107990002261E269E5601069002841D0226982B164
:1079A000A378816800688E68E16803F00303013BF7
:1079B00022FA03F3002222619BB2B04780B9236A06
:1079C00021789A7842F080029A7039BB94F802C00C
:1079D0000CF0030CBCF1020F1AD02A78DA700020E8
:1079E00070BD94F802C0E0690CF0030E0069A2EBD0
:1079F0000E02226105EB0E02E2600028CED19A78D9
:107A00000CF0030C42F08002BCF1020F9A70E4D13A
:107A10002A8842F47E420020DA8170BD002070BDC9
:107A20009A7842F080029A7070BD00BF036A91F8A4
:107A300001C09A7800B502F07B0E02F00B029A703A
:107A40000022C2608878587010461A786CF30102E0
:107A50001A70CA789A7493F807C00A780CF0A301D8
:107A600002F05C020A43DA7183F802E05DF804FB7D
:107A700010B5D0E90721002343608B7092F90520EF
:107A80002F49044650090123203002F01F0203FA57
:107A900002F241F82020BFF34F8FBFF36F8FE269EE
:107AA00092F90B205009203002F01F0203FA02F273
:107AB00041F82020BFF34F8FBFF36F8FE26992F937
:107AC00007205009203002F01F0203FA02F241F8A9
:107AD0002020BFF34F8FBFF36F8FE26992F9092027
:107AE000500902F01F02934000F1200241F82230B9
:107AF000BFF34F8FBFF36F8FE369DA6822B19368EA
:107B000010681B6A9847E3691B691BB19A6818687B
:107B1000136A9847EFF31081012383F31088E36918
:107B2000084A1C78D2F800014FF00043E3400343B9
:107B3000C2F80031D2F8003181F31088002010BD66
:107B400000E100E0006F0440F0B5846A85B00546AE
:107B50000F4694466E46B4B194E80F0086E80F00D5
:107B6000EB691B7884F804C02360EB6A2046C4E903
:107B700002736B6A9847AC6A1CB196E80F0084E800
:107B80000F0005B0F0BD3446EAE700BF8C465168EF
:107B900030B4029C0D6880B91C609CF8010038B9B3
:107BA000E8784FF0010C0B346CF30510E8701C60A2
:107BB000936810681B6830BC184704F10C0018600B
:107BC000EBE700BF2DE9F0470D4609780323CB40D2
:107BD00013F0010301F1007218BF1023037002F5C6
:107BE000605283785201012161F301030262A969A5
:107BF0006A6942620022C0E90A21C56183706B781C
:107C000082B0044623B98378022262F301038370B1
:107C100095F90B00594B95F80AC04209203200F043
:107C20001F06012101FA06F643F82260BFF34F8FC9
:107C3000BFF36F8F524A534E00F1C0074FEA0C1C3E
:107C400052F827E06FF3104E42F827E01F185FFA52
:107C50008CFC87F800C346F8204095F9050095F89C
:107C600004C04709203700F01F0E01FA0EFE43F84A
:107C700027E0BFF34F8FBFF36F8F00F1C00703EB17
:107C8000000852F827E04FEA0C1C5FFA8CFC6FF3F7
:107C9000104E42F827E088F800C346F8204095F9D6
:107CA000070095F806C04709203700F01F0E01FABB
:107CB0000EFE43F827E0BFF34F8FBFF36F8F00F145
:107CC000C00703EB000852F827E04FEA0C1C5FFAEC
:107CD0008CFC6FF3104E42F827E088F800C346F89A
:107CE000204095F9090095F808C04709203700F0B1
:107CF0001F0E01FA0EF143F82710BFF34F8FBFF3A9
:107D00006F8F00F1C0074FEA0C1152F827C00344EF
:107D10006FF3104C42F827C0C9B283F80013EA6829
:107D200046F8204072B153681B684FF4002143F8B5
:107D3000041B216A05310091E1692078FFF726FFD5
:107D40000646B0B92A69FAB153681B684FF0006162
:107D500043F8081B216A03310091E1692078FFF79D
:107D600015FF064680B1EB681BB19A681868136A64
:107D70009847304602B0BDE8F08700BF00E100E060
:107D80000060004034070020EFF31080012383F3EC
:107D90001088984B2E78D3F800214FF00041F14025
:107DA00022EA0102C3F80021D3F8003180F31088E1
:107DB000236AE06900229A701A715A729A72DA7212
:107DC0005A83297840F20722CA40D20744BF402292
:107DD000DA7406221A7722787AB1C168013A00294A
:107DE00000F0FE800126120391B2314341F00602F9
:107DF0009A829A8A92B29142FBD1EA78A978D2000B
:107E000042EA01126978032900F0D780002914BFE3
:107E1000F221E221ED69D2B21A7099712A7B5200E7
:107E200002F002025A736A78A97800261E7295F849
:107E300000C0D201490101F02001D2B20A43ACF1E5
:107E40000201012940F2BD80D2B2DA716A689178EC
:107E500059701978567866F301011970D1789974C0
:107E60001278D97902F05C0201F0A3010A43DA71B9
:107E70000027C4E90377C4E9057790F905105E4E41
:107E800001F1C00E4A0956F82E80920067F310489F
:107E900002F1604246F82E8002F561424FF0010E79
:107EA00001F01F010EFA01F1C2F88011116090F982
:107EB0000B1001F1C0094A0956F829A0920002F1FD
:107EC000604202F5614267F3104A01F01F0146F873
:107ED00029A00EFA01F1C2F88011116090F9071083
:107EE00001F1C0094A0956F829A0920002F1604246
:107EF00002F5614201F01F0167F3104A46F829A01C
:107F00000EFA01F1C2F88011116090F9091001F127
:107F1000C0004A0956F82090920002F1604267F3CF
:107F2000104946F8209002F561420CF0030C01F074
:107F30001F010EFA01F14CF0700CC2F880111160B3
:107F400083F802C06B8923814FF6FF7843452DD01B
:107F5000EFF310818EF31088284A13681BB9284864
:107F6000C3704023C37013680133136081F310881A
:107F7000218924480B0A1B0153FA81F150F8213062
:107F800023F0011323F4404343F0040340F821306D
:107F9000EFF31081012383F31088136813B1136882
:107FA000013B13601368B3B181F31088164B636013
:107FB0000026304602B0BDE8F08742F04002F221D0
:107FC00028E7BCF1020F08BF42F01002FF21D2B235
:107FD0005970DA714CE70A4A8020D370D070E3E719
:107FE000C169097A1140090201F4706141F001068A
:107FF000F9E600BF006F0440006000403007002039
:10800000000D044000080440554943532DE9F04F4A
:108010001E46FF23B37033786FF382038BB0337047
:108020008023F370554B0992554A1B6A12680191DF
:10803000C3F302618A40C3F30233DA40514B079025
:108040000021100A06920891059002910093A2FB6C
:1080500003BA099B009A93426EDA9DF8203003938D
:108060000027494B039ADD5DC5F34003C5F3800546
:1080700004932B43934256D1444B33F81780079B0C
:1080800003FB08F8069BB3FBF8F2541EFF2C4AD8FA
:1080900002FB08F91DE0059BB9FBF3F37F2B03FB03
:1080A00000F040D90028B8BFFF300012A0F5C3305F
:1080B000A0380028009AB8BF4042824240DC029BB0
:1080C000F370337843F00403A9EB0809337054B319
:1080D000013C4A464FEAE9735846514608F0B6FB60
:1080E000019A002AD7D1A0F5C333A03B002B009AF8
:1080F000B8BF5B429A4216DD0093234BB470DA5D41
:108100003378C2F3000161F38613049961F3041319
:1081100065F3C30333707378C2F3C10262F30103E2
:108120007370019B029301370D2F9AD1089BF3B115
:10813000009B099A93421DDC00200BB0BDE8F08F34
:108140000293114B049AD95D33780090C1F300007B
:1081500060F3861362F3041365F3C303337073781B
:10816000B470C1F3C10161F301037370A7E7012388
:1081700008936EE703200BB0BDE8F08F00E00140EC
:10818000C0070020A0860100F45D0100045E01002C
:10819000F0B5EFF30383103B5BB203F1C001344A47
:1081A000344C52F821006FF3104042F8210054F88B
:1081B0002300C3691B6913B1036913B1F0BD0369DF
:1081C00083B9D0E90824937803F07F03002143F0BA
:1081D00004039370C160002CF0D0BDE8F040802211
:1081E000FFF7B2BC05785DB3066AF18AC1F30421DA
:1081F000A9421ED28478C2681F4F04F0030E744651
:108200000BE092F800C086F80FC001311B1B22441E
:10821000A942C0E903230CD25BB1BEF1020FF0D139
:10822000B2F800C04CEA070C1FFA8CFCA6F80EC08E
:10823000EBE732796FF3C7123271002BBED1C0E782
:10824000827802F003010229C1680BD0046A0D781C
:10825000E57002F003029B1A0A44C0E90323002BD5
:10826000ACD1AEE70C88056A44F47E44EC81F0E7BB
:10827000006000403407002000FEFFFF10B582B010
:10828000EFF30383103B5BB203F1C001574A584C34
:1082900052F821006FF3104042F8210054F82340B7
:1082A000E369DB6813B1A369002B49D122894FF63A
:1082B000FF739A4275D12278236AF2B1D98AC8062F
:1082C00012D01B8AC3F308030193A369FBB9636A45
:1082D0002BB1042201992046FFF736FC22782AB1FF
:1082E000236AD98AC906E8D1BE221A7123894FF6BA
:1082F000FF72934231D102B010BDA17801F00301A9
:108300000229DED05B790193A369002BDFD0A2782C
:10831000606902F0030201A908F039FED4E90521E1
:10832000A37803F003031A44C91AC4E9052129B943
:10833000636A1BB101222046FFF706FC2278CEE7D4
:10834000636A0021C4E90511002BD4D00122204624
:1083500002B0BDE81040FFF7F7BB1A0A1201254929
:1083600052FA83F351F8232022F0011222F4404202
:1083700042F0040241F82320EFF31082012383F33B
:1083800010881D4B196811B11968013919601B68F3
:108390001BB91A498020CB70C87082F3108802B0D4
:1083A00010BDEFF31081012383F31088124B1A687C
:1083B0001AB91248C2704022C2701A6801321A609B
:1083C00081F3108822890B49130A1B0153FA82F2A8
:1083D00051F8223023F0011323F4404343F0050306
:1083E00041F82230236A227867E700BF006000402E
:1083F000340700200008044030070020000D04402E
:1084000010B5EFF30384103C0B4B64B253F8240017
:10841000D0E90821937803F07B03937019B102220D
:108420000021FFF791FB054BC03453F824206FF374
:10843000104243F8242010BD3407002000600040A3
:1084400010B5EFF30384103C194B64B253F82400C9
:10845000037843B9837803F00303022B03D0036A44
:108460005979C9B203E0036A198AC1F3080193F884
:1084700004C01CF0100F0CF0380206D093F81CC09A
:108480001CF0010F08BF42F0400293F804C00CF04A
:10849000C70C83F804C0436A0BB1FFF755FB054BCB
:1084A000C03453F824206FF3104243F8242010BD49
:1084B000340700200060004030B5436A85B00446B0
:1084C0008C4601ADABB193E8070085E80700626810
:1084D000117883F804C0A26A9A6019601846226A6B
:1084E0009047636A1BB195E8070083E8070005B071
:1084F00030BD2B46EBE700BF10B4EFF30383103B16
:108500005BB203F1C001144A144C52F821006FF31E
:10851000104042F8210054F823305A69D9698A4240
:1085200006D2D3E90240A8B1805CE07001325A6102
:108530008A4202D05DF8044B70471A69002AF9D1CB
:108540009A685DF8044B937803F07B0343F00403CF
:1085500093707047E070E9E7006000403407002046
:1085600010B4EFF30383103B5BB203F1C001174A71
:10857000174C52F821006FF3104042F8210054F8D4
:1085800023305A69D9698A4206D2D3E90240D0B170
:10859000805CE07001325A619A698A4207D2986819
:1085A00019694079541C9C618854D3E90621914291
:1085B00006D19A68937803F03B0343F00403937069
:1085C0005DF8044B7047E070E4E700BF00600040D6
:1085D0003407002010B5EFF30384103C0A4B64B25B
:1085E000012153F824008268937803F00303937009
:1085F000FFF762FFC034054B53F824206FF310429D
:1086000043F8242010BD00BF340700200060004064
:1086100010B5EFF30384103C0C4B64B24FF0840CA4
:1086200053F8240083689A7802F003029A701A794A
:1086300083F804C00421FFF73FFFC034044B53F814
:1086400024206FF3104243F8242010BD340700208B
:108650000060004003685969A1B190F82D3070B5F1
:10866000044603F0FF0563B98A68038C96680868BE
:10867000A1692A46B047E269C4E90852012384F897
:10868000333070BD704700BF70B5866B82B0044652
:108690000B466D463EB396E8030085E80300E26BA7
:1086A0003371236832605A6912B194F82D10A1B168
:1086B0009B6913B194F82D2052B9636B30469847EB
:1086C000A36B1BB195E8030083E8030002B070BD03
:1086D0009A68186813699847EFE7936810681B69F0
:1086E00098472368E4E72E46D9E700BFEFF30383FA
:1086F000103B5BB2044AC03352F823106FF31041B1
:1087000042F82310704700BF0060004070B5EFF3DF
:108710000383103B5BB2614AC03352F823106FF3FE
:10872000104142F82310EFF30383103B5C4A5BB225
:1087300052F823402269137BC3F30000DB072CD4DB
:1087400094F82C3094F82A10994216D094F82D10F1
:1087500009B1022B41D02046FFF77CFF236994F832
:108760002820DA7094F82B2094F82C30013A013349
:1087700084F82B2084F82C3070BD94F8333003F04B
:10878000FF053BBB236A93BB94F82E3063B35221A1
:108790000123D17284F8303070BD94F82D308BB144
:1087A00094F8313073B9636AA1695279CA54D4E933
:1087B000082394F82E10013A0133C4E9082379B153
:1087C0002269E4E7002001215423206284F82F105D
:1087D000D37270BD84F8330070BD5223D37270BD64
:1087E00023695422DA7270BD5423D37270BD94F899
:1087F0002D1041B9616AA069013B405C0131C4E9B7
:108800000831D07070BD94F8311000292ED0216845
:1088100084F831504869002838D08969002935D05A
:10882000E069022832D98E68831E0868B668F42190
:1088300091709BB2A2692946B0472268E3695269E8
:10884000916810688E68023B9BB22A462946B04761
:10885000E36922690220023BC4E90803012184F88C
:1088600033100023FF209372D070CBE7636AA169B5
:108870005279CA54D4E90832013B0132012BC4E9D0
:108880000832226904D0FF20D070BBE7012BE8D169
:108890002023FF209372D070B4E700BF0060004037
:1088A0003407002010B582B0EFF30383103B374A42
:1088B0005BB252F823000269D37A6FF3C303D37219
:1088C00090F82F30ABBB90F82A1003F0FF0C90F813
:1088D0002C3099421BD1036A5BB990F82D1090F8A7
:1088E0003040002914BF02210321A4B3D372FFF743
:1088F000CBFEEFF30383103B5BB2254AC03352F843
:1089000023106FF3104142F8231002B010BDB3B929
:10891000012929D090F829C00021D17282F803C022
:1089200090F82B200133013A80F82B2080F82C306E
:10893000DFE7F023D3720121FFF7A6FED9E790F815
:108940002D4004F0FF016CB1022BE5D190F829C055
:108950004CF0010CE0E7F023D372937803F0CF03DF
:108960009370C4E78C46D7E70190FFF773FE019838
:1089700090F82A30012B05D190F828C0026990F8B0
:108980002C30C9E7026990F82C30C3E73407002087
:1089900000600040F0B583B0EFF30384103C154B4A
:1089A00064B253F82450EF68BFB16A682B6992F93A
:1089B0000D20121B18BF01226E46C3B193E80300BD
:1089C00086E803001A706A695A601846B8472B692E
:1089D0001BB196E8030083E80300074BC03453F84B
:1089E00024206FF3104243F8242003B0F0BD334637
:1089F000E8E700BF3407002000600040EFF3038386
:108A0000103B5BB20649074A51F823100120C033DE
:108A1000087252F823106FF3104142F82310704788
:108A200034070020006000400B0A1B01044853FA81
:108A300081F150F82130C3F34003002013707047D8
:108A400000080440C8B2012383404AB91A040B0A43
:108A50005B0103F1804303F5802300209A60704797
:108A60009AB2F4E738B50488002C4DD04368002151
:108A7000043303EBC40040F202450C4640F2034CC1
:108A800040F2044E0FE0624530D153F8042C02F05E
:108A9000B852B2F1807F14BF41F0020144F00204E9
:108AA0000833834211D01A88AA42ECD153F8042C1F
:108AB00002F0B852B2F1807F03F1080314BF41F015
:108AC000010144F001048342EDD1C943CDB201203C
:108AD00001F042FF0D4B93F8BB2414432C4083F864
:108AE000BB440120BDE8384001F006BF7245D7D134
:108AF00053F8042C02F0B852B2F1807F0CBF44F05E
:108B0000040441F00401CBE7FF25E0E700E0014069
:108B100070B584B002AB012668460C461546ADF828
:108B20000C100292ADF800600193FFF79BFFEFF38A
:108B3000108286F310881D490B681BB91C48C3704E
:108B40004023C3700B6801330B6082F31088EA0383
:108B50004FEA1423E4B219D41B01164A234442F805
:108B60002350EFF31082012383F310880B6813B1B5
:108B70000B68013B0B600B681BB90D498020CB7063
:108B8000C87082F31088002004B070BD04EB03109D
:108B9000084A52F820606FF3104642F8206025F42E
:108BA000803642F820601B01D7E700BF3007002065
:108BB000000D04400008044070B5C36A84B0044648
:108BC0008C46164601AD9BB193E8070085E8070087
:108BD00083F808C0226B1846C3E90026A26A9047B2
:108BE000E36A1BB195E8070083E8070004B070BD95
:108BF0002B46EDE78268012370B580F8203002260D
:108C0000B323D37180F82160537904466FF30003D6
:108C10005371C2690D46FFF7CFFFA368DE705A7922
:108C200042F001025A7194F82120012A16D094F8DA
:108C3000212002B170BD052DFCD194F82320002A1B
:108C4000F8D194F821201AB95A7A02F0F3025A7234
:108C5000BF210122D97184F8232070BD042DECD0EE
:108C6000082DE4D1E9E700BF30B583B0EFF303830B
:108C7000103B5BB2454AC03352F823106FF31041EA
:108C800042F82310EFF30383103B5BB2404A52F8E3
:108C9000234094F82230B3B9A368012284F822203B
:108CA000DA7CD2B28DF805209DF8052012F0010F74
:108CB0005A7A14BF02F0F70202F0F3025A72AC22A1
:108CC000DA7103B030BD94F820304BB9A3681B7A39
:108CD00013F0080F204614BF08210421FFF78AFF74
:108CE0002269A2B9A368D97CC9B28DF806109DF893
:108CF0000610197941F010011971197941F0080134
:108D00001971197962F30411197103B030BDA369A7
:108D1000A1689A4209D0E268C97C581CA061D1546C
:108D2000E3690133E36103B030BD022584F82150CB
:108D30004B79E2696FF300034B7120460621FFF780
:108D40003BFFA3682169DD705A7942F001025A7134
:108D500091B9DA7CD2B28DF807209DF807201A79F4
:108D600042F010021A711A7942F008021A711A7947
:108D700061F304121A71A4E7A269E168DB7C501C5C
:108D8000A0618B54E3690133E3619AE7006000401E
:108D90003407002038B5EFF30383103B5BB2244A5D
:108DA000C03352F823106FF3104142F82310EFF351
:108DB0000383103B5BB21F4A52F8234094F82030E3
:108DC00093B194F8213003F0FF0263B9A3692169DC
:108DD00099420ED0E269E068A168C05C88740133F2
:108DE0000132C4E9063238BD05212046FFF702FFF3
:108DF000E7E723680E4993F90E3003F1C000002B1A
:108E000051F8205062F3104541F8205009DB5A090F
:108E1000094803F01F030121603201FA03F340F80F
:108E20002230A268D37943F04003D37138BD00BF2C
:108E3000006000403407002000E100E038B5EFF3A7
:108E40000383103B204A5BB252F82340A1680B79A0
:108E50005807C3F3800217D5CA796FF38612C0236F
:108E6000CA7101E0013B02D0CA795206FAD4EFF38D
:108E70000383103B5BB2154AC03352F823106FF3E3
:108E8000104142F8231038BD022584F821504B7957
:108E900062F300034B71E26907212046FFF78CFE65
:108EA000A168CD704B7943F001034B7194F82130E8
:108EB000002BD1D1A369E269E0680132C05C8874FB
:108EC0000133C4E90632C7E73407002000600040E0
:108ED00010B582B0EFF30383103B3E4A5BB252F809
:108EE000230083685A7A91074DD1D1B211F00C0F4B
:108EF0003CD0012280F8242090F82120012A65D05E
:108F0000016982699142C26988BF02F1FF324FF064
:108F1000030188BFC2614FF0000EA024DC7180F80D
:108F200020E080F822E093F805C06EF3000C83F88F
:108F300005C090F82440002C43D1DF241C709F24EE
:108F40001C7000240223C46180F82130FFF734FE36
:108F5000EFF30383103B5BB21F4AC03352F8231078
:108F60006FF3104142F8231002B010BDCA06EFD5CE
:108F7000DA7CD2B28DF807209DF80720DA7902F06A
:108F8000EF02DA71E4E70022A02180F82420D971F1
:108F900080F8202080F82220597962F3000159716D
:108FA00090F8241081B9DF219F2219701A700021D6
:108FB0000223C26980F82130C1610121FFF7FCFD65
:108FC000C6E783F809E0BCE75A72F0E7C2690221FC
:108FD000A1E700BF340700200060004030B5836B7C
:108FE00083B004460A466D46A3B193E8030085E8C2
:108FF0000300E16B1A71626B196018469047A36B0E
:109000001BB195E8030083E80300002384F82B30AC
:1090100003B030BD2B46ECE7036902682DE9F04F41
:109020001F241C705F241C70DF241C70546A556858
:109030002279564EDFF8608142F0E0021A74E2783D
:1090400042F0E0025A74A278120102F0700242F07B
:1090500008029A7022786478012A0CBF0522042243
:1090600042EA4402D2B2DA70494A95420CBFF72272
:1090700077225A710027B3229F71DA7191F911207A
:1090800091F80DC0B4184FEA0C1C5FFA8CFC84F800
:1090900000C302F1C00548F822003E4C4FEA521EC0
:1090A00054F825904FEA8E0E67F310490EF1604E8A
:1090B00044F825900EF5614E012502F01F0205FAD5
:1090C00002F2CEF88021CEF8002091F90F2006EBB5
:1090D000020E02F1C0098EF800C348F822004FEAE0
:1090E000521E4FEA8E0E54F829B00EF1604E0EF566
:1090F000614E02F01F0205FA02F267F3104B44F8CA
:1091000029B0CEF88021CEF8002091F9102006EB8E
:10911000020E02F1C0098EF800C348F822004FEA9F
:10912000521E54F829B04FEA8E0E0EF1604E0EF525
:10913000614E02F01F0267F3104B44F829B005FAA4
:1091400002F2CEF88021CEF8002091F90E100E44E4
:109150004A0986F800C348F8210001F1C00001F077
:109160001F018D4054F82010920002F1604267F315
:10917000104144F8201002F561424FF09F0AC2F8F6
:109180008051156083F800A0BDE8F08F00E100E099
:1091900040420F00006000403407002010B483B04C
:1091A000EFF30383103B5BB2484AC03352F82310FD
:1091B0006FF3104142F82310EFF30383103B444A4E
:1091C0005BB252F8233093F82D20BAB99A69022A7B
:1091D0001A699EBF117941F040011171D9690129C5
:1091E00017D0D27CD2B28DF8072001219DF807203C
:1091F00083F82D1003B05DF8044B7047DA69002A3C
:10920000F8D0032A0ED0022A4ED0012A21D01969A3
:109210000DE0117941F010011171117941F008014F
:109220001171DEE719690A7942F040020A711A6A7F
:109230005869C97C8154D3E907210131013AC3E956
:109240000721002AD6D119690B7962F386130B71B5
:10925000D0E793F82A1089B319681E4C91F90F10C2
:109260004809203001F01F0102FA01F144F82010F2
:10927000BFF34F8FBFF36F8F1969C87940F080003B
:10928000C871087940F01000087108794FF0040C9B
:109290006FF3C300087181F801C048796FF30000D3
:1092A000487183F82C20C2E719690A7942F010024C
:1092B0000A710A7942F008020A71B8E719694A7A14
:1092C000082002F0F7024A724870B0E700600040E0
:1092D0003407002000E100E0EFF30383103B5BB2B2
:1092E000354AC03352F823106FF3104142F823106F
:1092F000EFF30383103B5BB2304A52F8232092F81D
:109300002730002B37D192F829309BBBD36910B49A
:10931000002B42D11069C1796FF3C711C023C1710D
:1093200001E0013B02D0C179C909FAD11368224A90
:1093300093F9103003F1C001002B52F821406FF374
:10934000104442F8214009DB5A091D4C03F01F0369
:109350000121603201FA03F344F82230C3795DF849
:10936000044B43F04003C3717047022909D192F8BE
:10937000300030B9704792F82610032992F828106F
:10938000F3D0106992F824C080F812C00131013B7B
:1093900082F8281082F827307047D2E90404116A55
:1093A000013B645C84740131C2E90731002BB2D007
:1093B0005DF8044B704700BF006000403407002098
:1093C00000E100E010B4EFF30383103B2B4A5BB2E3
:1093D00052F8233093F829201AB193F82720012A54
:1093E00047D0DA69D2B11969CA796FF38612C023FE
:1093F000CA7101E0013B02D0CA795206FAD4EFF3F8
:109400000383103B5BB21E4AC03352F823106FF344
:10941000104142F823105DF8044B704793F82A106E
:10942000F9B11968174C91F90F10480920304FF025
:10943000010C01F01F010CFA01F144F82010BFF3F8
:109440004F8FBFF36F8F1969C87940F08000C871E2
:1094500004204870487962F30000487183F82CC0FA
:10946000C2E719694B7A082203F0F7034B724A707E
:10947000BAE793F83020002AB3D1B4E734070020CC
:109480000060004000E100E038B5EFF30383103BDB
:109490004B4A5BB2E02152F8234023695A7A597251
:1094A000D506D0B202F003011FD55A78520648D42F
:1094B000E269012184F82B10002A5ED00025216882
:1094C000DD712046FFF7A8FD94F82610A2692369F4
:1094D000E56184F82810226284F82C50B322DA71F6
:1094E00001212046FFF77AFD12E00029E0D10107B3
:1094F0001BD594F82B20002A48D194F82910B322C8
:10950000002914BF02210321DA712046FFF766FD0E
:10951000EFF30383103B5BB22A4AC03352F82310A7
:109520006FF3104142F8231038BD94F82C20002A24
:10953000EED04207ECD594F82B200121002AE4D18B
:10954000DBE70029B4D15A785506C2F38011CED595
:1095500084F82B105A7A216802F0F702496A5A728D
:10956000082058700A78012A0CBF03220222DA7000
:109570005A7942F001025A71CAE794F82C20002A65
:109580009CD194F82B20002AA8D097E7E2696AB111
:10959000002294F82600A169E26184F82800216283
:1095A00084F82C20B322DA710121AEE794F82C2044
:1095B000002AEDD194F82B20002AF3D0E8E700BF71
:1095C000340700200060004010B582B0EFF3038440
:1095D000103C164B164964B253F8242050790B5CAA
:1095E00003F00303032B0FD0C03451F824306FF382
:1095F000104341F82430936823B1D268CDE90020AC
:109600006846984702B010BD936823B1D268CDE98F
:10961000002068469847064BC03453F824206FF367
:10962000104243F8242002B010BD00BF34070020D0
:10963000006000400346D3E90223002053607047D6
:10964000D0E90123D26930B4D2E9011444F00044D6
:10965000D0685C61D2E9045440F0004041F0004120
:109660009861196100205D629C6230BC704700BF48
:10967000002800DA704710B400F16043114C03F584
:1096800061430901C9B283F8001344F820200E4950
:1096900000F1C00200F01F0C400951F82240800088
:1096A00000F1604000F561406FF31044012341F880
:1096B000224003FA0CF3C0F880315DF8044B0360DC
:1096C000704700BF340700200060004070B5836918
:1096D00084B004468C46164601AD9BB193E8070062
:1096E00085E8070083F804C0E2691A609E601846A6
:1096F00062699047A3691BB195E8070083E80700FA
:1097000004B070BD2B46EDE790F800C0486EBCF188
:10971000030F98BF01300AB1824227D310B4019CD5
:10972000496BE40754BF01F01F01C1F30441BCF1D0
:10973000030F09D9090981F0010172B9E9B90222BF
:109740005DF8044B5A60704701F00C01A1F104016F
:10975000B1FA81F14909002AF0D0824201D30029EF
:10976000EDD103225DF8044B5A607047BCF1030F42
:1097700098BF02F1FF321A6070470028DFD0F0E78F
:109780002DE9F0470B7C0D46012101FA03F2C2607E
:10979000920716BF002201740274D5E9052103F572
:1097A000800303F5F0631B0242610022EE6945600D
:1097B000C0E9062184B004468360EFF310800123E2
:1097C00083F31088854B297C0229D3F8081134BF14
:1097D0006FF020076FF040073940C3F80811D3F845
:1097E000083180F31088A3686F684FF42541196031
:1097F000DA62DA639A642A78297A032A4FEAC15135
:1098000007F1FF3C00F0D58084BF41EA0241BC462D
:10981000D6E9068ED9624FF00041196100205961E6
:1098200099614FF0FF315862039098620291C3F83A
:109830001C80C3F820E0D6F82C80C3F868C0C3F8B9
:1098400064C0002A40F0A0807908013902914046A6
:1098500001224FF0030C5965996500285DD095F8F9
:1098600000E0B76A002F71D0B97897F80390090625
:1098700041EA097197F8049041EA09419963B9688E
:10988000C3F88C10002965D0012148B997F81C90C5
:1098900097F81BA04FEA496949EA4A2948EA0908AA
:1098A000C3F8881040B996F8211096F820004907AF
:1098B00041EA403148EA01084FF4AA01BEF1010F24
:1098C000196402D10021D9641965E168D960C3F82F
:1098D0003480C3F830C01A63697C95F912002246BF
:1098E000FFF7C6FE96F8221096F924002246FFF7ED
:1098F000BFFE96F8231096F925002246FFF7B8FE22
:109900002FB1397897F901002246FFF7B1FE344BA9
:109910002360002004B0BDE8F0873178F9B995F8EC
:1099200000E0B17800299CD0F778BEF1020F4FEA31
:10993000071141EA87113FD04BD903273943B76A52
:1099400048EA014848F08078002F8DD19F63C3F822
:109950008870A7E7F968003918BF012195E795F8E5
:1099600000E07178BEF1020F4FEA81194FEA01174A
:1099700024D029D9032148EA010848EA090848EA1D
:10998000070848F48078CCE7012A19D000901946DE
:10999000EA68606802ABFFF7B7FEDDE90210020477
:1099A00042EA006242F0030CA368F06A42F001024E
:1099B00051E741F480312BE70927BFE70921DAE7B6
:1099C00040464FF0030C46E7002914BF0921062149
:1099D000D1E7002F14BF09270627AFE7006F044027
:1099E0005450470030B4436893F91220DB69002AD1
:1099F00011DB51092E4D02F01F0C2031012404FA15
:109A00000CF445F82140BFF34F8FBFF36F8F294906
:109A1000002441F8224093F92420002A11DB510947
:109A2000234D02F01F0C2031012404FA0CF445F8F8
:109A30002140BFF34F8FBFF36F8F1E49002441F8C1
:109A4000224093F92520002A11DB5109184D02F01C
:109A50001F0C2031012404FA0CF445F82140BFF317
:109A60004F8FBFF36F8F1349002441F822409B6A48
:109A7000A3B193F90130002B10DB03F01F045A0946
:109A80000121A14020320A4C44F82210BFF34F8F2D
:109A9000BFF36F8F074A002142F823108268C16824
:109AA0000023036030BC184691605363704700BFC9
:109AB00000E100E03407002030B4EFF30383103BF3
:109AC0005BB2184A184C03F1C00152F821006FF341
:109AD000104042F8210054F82300446894F800C074
:109AE000BCF1010F15D1D0E90254AC600024AC6484
:109AF000EC642C6552F8215064F3104542F8215073
:109B00005A090A4903F01F0360320CFA03F341F8C3
:109B10002230436923B1002230BC1146FFF7D6BD85
:109B200030BC7047006000403407002000E100E0D6
:109B30001E4B10B4C3600B7803F001034370EFF3C6
:109B4000108C012484F31088194BD3F8082122F4D7
:109B50008012C3F80821D3F808318CF31088EFF392
:109B6000108C84F310884278D2B9C468237962F3E8
:109B7000861323718CF310884A684B78D278C468B6
:109B8000D201DB01D2B2DBB26271A3710123E371B6
:109B90000A780270074B43605DF8044B0020704761
:109BA000C26813796FF3C7131371E3E700E0054050
:109BB000006F044000434144C3684278002023F80A
:109BC00012107047EFF31083012282F3108842785D
:109BD000C1683AB90A7942F040020A7183F31088E9
:109BE000002070470A7942F080020A7183F31088DE
:109BF00000207047EFF31081012383F3108842782F
:109C000042B9C068037962F38613037181F3108847
:109C100000207047C26813796FF3C713137181F383
:109C200010880020704700BFEFF3108C012383F3EE
:109C30001088437873B9C268117963F38611117182
:109C4000117A63F3861111728CF31088002343603C
:109C500018467047C3681A796FF3C7121A711A7AD7
:109C60006FF3C7121A72EFE7F0B5076A8BB00646BA
:109C700067B3BE468C46BEE80F006C460FC4BEE814
:109C80000F000FC49EE8030084E80300BCE80F0047
:109C90003D460FC5BCE80F000FC59CE803008EE8E9
:109CA0000300F36938469847336A6BB1EE469C4629
:109CB000BEE80F00ACE80F00BEE80F00ACE80F00F4
:109CC0009EE803008CE803000BB0F0BD0F46E8E708
:109CD00030B58BB0EFF30383103B5BB22E4AC03339
:109CE00052F823106FF3104142F82310EFF303836F
:109CF000103B5BB2294A52F82350002128226846C3
:109D000007F069F96C6894F84D380020DBB284F8EC
:109D10004D08ADF80430B4F84218C1F30012C9067A
:109D200038D543F02003ADF80430022394F85328CB
:109D300084F8533894F8523803F01F03D2B2E11874
:109D400084F8532891F8202860F3820281F82028B3
:109D50002A681268009269466A6A03932846049248
:109D6000FFF782FFB4F84238DB0611D52B681A6979
:109D7000127D6AB193F91530002B09DB5A090848A6
:109D800003F01F030121403201FA03F340F82230AF
:109D90000BB030BD1346DBE7006000403407002005
:109DA00000E100E02DE9F0418AB0EFF30383103BBE
:109DB0005BB23F4AC03352F823106FF3104142F8B0
:109DC0002310EFF30384103C3A4B66B2002253F8A1
:109DD0002600D0E900E595F8533885F8532895F822
:109DE000527807F01F07DBB207F1200285F85338DD
:109DF000130104F0FF0455F803C0CCF380718DF813
:109E00001910E958DEF810301B7B43EAD17303F0D8
:109E100001038DF81830002B46D1CCF38A4305EBB3
:109E2000021205939188C1F3030301F00F01082981
:109E30008DF81A3035D908218DF81A1008AA002398
:109E400005EB071808EB030C01339CF806C202F877
:109E500001CB8B42F6D3DEF8003003972F440093FA
:109E6000442387F82038002307934FF48063ADF82C
:109E700004306946436A0493FFF7F6FEB5F84238AA
:109E8000DB070BD5002E09DB76090B4A04F01F0413
:109E90000123403603FA04F442F826400AB0BDE834
:109EA000F0810029CAD1D6E72CF06043B7E700BFA4
:109EB000006000403407002000E100E070B58AB087
:109EC000EFF30383103B5BB2214AC03352F82310F7
:109ED0006FF3104142F82310EFF30383103B1D4A48
:109EE0005BB2012652F823506C6894F8532884F82A
:109EF000536894F85238D2B203F01F0384F8532801
:109F00000393E2184FF40063ADF804302B681B682C
:109F100000936B6A0493002382F82038694682F824
:109F200020382846FFF7A0FEB4F842389B070CD52E
:109F30002B6893F91730002B07DB5A09064903F009
:109F40001F0340329E4041F822600AB070BD00BF3E
:109F5000006000403407002000E100E08268117AD0
:109F600001F00101137AC3F340039942FAD1436827
:109F70001978012908D1C16893F810C004484B1E14
:109F80009BB240F82C101380F1231372002070470D
:109F9000E8060020D0E90223013BF1219BB21380A7
:109FA00000201172704700BF8268117A01F0010130
:109FB000137AC3F340039942FAD143684FF0F40C8B
:109FC000002182F808C0117393F9123013F1210FA8
:109FD00003D100230360184670478B421ADB5A09ED
:109FE00010B401210F4C203203F01F0301FA03F3D8
:109FF00044F82230BFF34F8FBFF36F8F43680A4A94
:10A0000093F912305DF8044B42F8230000230360FB
:10A0100018467047044A42F823000023036018469C
:10A02000704700BF00E100E034070020F0B40B7C73
:10A0300003F1401303F500631B02C0E90113EFF3C2
:10A040001085012383F310880C7C394AC4F1030482
:10A05000A340D2F8084124EA0303C2F80831D2F839
:10A06000083185F31088826800231372137AC3F3D2
:10A07000400C9B07FAD4CC6982F80AC0E3782678B2
:10A080000D7A247903F00703002E42D1002D47D129
:10A0900014734C684768002696735372631E95725A
:10A0A0009BB2C4603D7C1380224B43F8254091F95C
:10A0B0001230B34222DB4A7C03F1604404F5614470
:10A0C0001201D2B284F800231B4A1C4C42F8230030
:10A0D00003F1C0055A0954F82570920002F160425C
:10A0E00066F3104744F8257002F5614203F01F0340
:10A0F000012404FA03F3C2F880311360D1E9054169
:10A1000000230F4A0461C0E905310260F0BC184623
:10A110007047502E06BF43F0500365463343B7E700
:10A1200085F0020543EA0513DBB23546B0E700BF10
:10A13000006F0440E8060020340700200060004063
:10A1400054474100F0B585B0EFF30383103B5BB299
:10A1500003F1C0011B4A1C4C52F821006FF3104060
:10A1600042F8210054F82340D4E901120978137A07
:10A170000129DBB204D1F42103F0F0031172137250
:10A180002769B7B1656901AECDB195E8070086E8EA
:10A1900007009B0644BF00232B71A3692B60284650
:10A1A000B84763691BB196E8070083E80700A26817
:10A1B000137ADBB203F00F03137205B0F0BD35461E
:10A1C000E7E700BF0060004034070020034600209E
:10A1D0001A689B8A1380704703681B88C3F3C033D7
:10A1E00000200B70704700BF03681031002033F867
:10A1F00011301380704700BF43682DE9F041D1E969
:10A2000001250C685E6903681FFA84F8A3F80480CE
:10A210001FFA82F8A3F8148022F0405C1FFA85F838
:10A2200024F0405E25F040572243A3F808804FEA0F
:10A230001C4C3F0C4FEA1E4812F0405FA3F806800A
:10A24000A3F816C05F8159D1CA68002A00F098802F
:10A2500015892F0522D5D2E900C7B2F80A80A3F8E4
:10A260009050A3F89C80B2F80C80A3F89E801FFA4F
:10A270008CF8A3F89480CCF30B484FEA1C7CA3F82D
:10A28000968083F892C01FFA87FCA3F898C0C7F3A2
:10A290000B4C3F0FA3F89AC083F89370AF051FD4FF
:10A2A0000A8AA3F89050A3F88020F27892B11A8815
:10A2B000BEFA8EF11FFA82FE2EF01F0E0EF11F0E57
:10A2C000828AAEEB010E1FFA8EFE4EEA0202A3F85E
:10A2D00000E082822B4BC0E903340020BDE8F0810E
:10A2E000977C92F813C047EA0C0783F8A670D789C9
:10A2F000128AA3F8A870A3F8AA20D1E7224FD7F8B2
:10A300002080224F3F68C8F3026C07FA0CFCC8F3A8
:10A3100002181F4F2CFA08FCA7FB0C7C4FEA9C1C70
:10A320001C4F41F2883808FB0CFCA7FB0C7C4FEA61
:10A330009C4C0CF1010CBCF1070F38BF4FF0070C1F
:10A3400012F080570AD05FFA8CF715F0805F83F81F
:10A35000DE7040F2011708BF4FF48077920009D5F4
:10A360005FFA8CFC47F40077AA0083F8DFC048BF8F
:10A3700047F00207CA68BFB25F82002A7FF468AF65
:10A3800015468DE74344415200E00140C0070020DC
:10A39000D34D621083DE1B432DE9F8430B880C4636
:10A3A0005B0222696669C968026203F1804303F5B2
:10A3B000B8230022036081614460C261317962790F
:10A3C0000546A0788F074FEA0223F17843EA40332D
:10A3D00054BF43F0400343F48863002900F0DF805A
:10A3E00043F42073022A08BF764A9BB208BF32F8B2
:10A3F00021C0AB8218BF4FF0000C2279E178707851
:10A4000096F800E0D20342EA410242EA4010EFF33C
:10A410001088012181F310886B4F2288D7F80891AA
:10A42000C2F1100201FA02F229EA0202C7F8082179
:10A43000D7F8082188F3108847F6FF572A6880B2BA
:10A440003B401380A2F810C0D08182F80CE0337931
:10A45000980700F1AD8082F88A3094F90630002B1D
:10A4600022DB227A03F1604101F561411201D2B28F
:10A4700081F80023554A564942F8235003F1C000A1
:10A480005A0951F82070920002F160426FF31047B0
:10A4900041F8207002F5614203F01F03012101FA27
:10A4A00003F3C2F88031136094F90730002B22DBEC
:10A4B000627A03F1604101F561411201D2B281F883
:10A4C0000023424A424942F8235003F1C0005A098E
:10A4D00051F82040920002F160426FF3104441F8BD
:10A4E000204002F5614203F01F03012101FA03F34A
:10A4F000C2F88031136096F90630002B22DB327AE5
:10A5000003F1604101F561411201D2B281F80023EB
:10A510002E4A2F4942F8235003F1C0005A0951F83E
:10A520002040920002F160426FF3104441F8204055
:10A5300002F5614203F01F03012101FA03F3C2F89F
:10A540008031136096F90730002B22DB727A1F48A6
:10A5500003F1604101F561411201D2B281F800239B
:10A5600040F8235003F1C001194A52F821006FF35B
:10A57000104042F821005A09920002F1604202F5AF
:10A58000614203F01F03012101FA03F3C2F8803195
:10A590001360104BAB6000202861BDE8F883002AEF
:10A5A0007FF420AF43F400439BB2AB82944624E790
:10A5B00043F0030382F88A30084600F03DF92A6828
:10A5C000337948E7205E0100006F04403407002023
:10A5D000006000404344415270B40021C0E90211C0
:10A5E000436893F906205C698A4211DB5309364EB1
:10A5F000203302F01F0C012505FA0CF546F8235014
:10A60000BFF34F8FBFF36F8F304B43F82210436877
:10A6100093F90730002B11DB5A092B4D03F01F0C67
:10A620002032012101FA0CF145F82210BFF34F8FBF
:10A63000BFF36F8F254A002142F8231094F90630AA
:10A64000002B11DB5A09204D03F01F0C2032012191
:10A6500001FA0CF145F82210BFF34F8FBFF36F8F53
:10A660001A4A002142F8231094F90730002B10DB1E
:10A6700003F01F045A090121A1402032124C44F872
:10A680002210BFF34F8FBFF36F8F104A002142F8A3
:10A690002310036800221A821A80EFF3108401232A
:10A6A00083F3108840680A490088C0F11000834095
:10A6B000D1F808010343C1F80831D1F8083184F317
:10A6C0001088104670BC704700E100E0340700209D
:10A6D000006F0440064B074993F826001A6A51F8A8
:10A6E00020300549C2F30262D3400B60704700BFBF
:10A6F00000E0014054020020C007002038B5434B61
:10A70000434C444844494AF20355A3F8FE530022FF
:10A71000424DA0F8002121604FF4004193F826003B
:10A72000C4E90151C4E90321196A626154F8202087
:10A730003B4DC1F30261CA40082009212A6083F819
:10A74000130483F8A21093F88024002A55D02F4BCD
:10A75000002283F8812483F8802493F8A0208AB112
:10A7600093F83620002A3FD0284A92F8A030D80625
:10A77000C3F30011F9D4254882F8A01090F8A03056
:10A78000D906FBD4214B002283F8362093F83C20D5
:10A79000D207FBD50121002283F8311083F826204F
:10A7A000204A1A6293F8262054F822001C6A194A9B
:10A7B000C4F30264E04028604FF0040C842083F866
:10A7C0003EC083F83E004FF4254083F8D010A3F834
:10A7D000FE03A2F80411B2F804319BB2002BFAD1A7
:10A7E0000123A2F8003138BD93F83C20D207BBD436
:10A7F00093F83C20D207F7D5B6E7012183F88014FF
:10A8000040F2C44000F018F8A1E700BF00E00140AA
:10A810005402002000C00140006CDC0200127A00EB
:10A82000C007002000010110704700BFA0F1010027
:10A830000028FBD1704700BF30B5144D144A00FB0F
:10A8400001F14FF47A732868B2FBF0F2A1FB03C464
:10A850004FF0FF304FF0000E60457EEB040407D34D
:10A86000BCFBF2F0800878B1BDE83040FFF7DEBFF6
:10A870009200B1FBF2F1A1FB031388427EEB0303CC
:10A88000F2D308460028EFD130BD00BFC00700203A
:10A8900000CA9A3B0B4B70B5B3F840510A4E0024E6
:10A8A000ADB225FA04F3DB07E0B203D556F8243045
:10A8B00003B198470134102CF3D1024BA3F8305167
:10A8C00070BD00BF00600040F0060020084B10B4CF
:10A8D000084C03F1200C5842C21813F8011FC03273
:10A8E000634544F82210F7D15DF8044B704700BF70
:10A8F0005C68010000600040EFF31081012383F3E6
:10A900001088124B33F8102092B22AB133F810207D
:10A91000013A92B223F8102033F810309BB293B969
:10A920000B4A10B4B2F8FE330A4C9BB234F8100054
:10A9300043F4254323EA0003A2F8FE3381F3108891
:10A940005DF8044B704781F310887047B40700200E
:10A9500000E001402C5E010030B4EFF310810123D0
:10A9600083F310880E4A32F810309BB26BB90D4C4D
:10A970000D4DB4F8FE3335F810C09BB243EA0C031A
:10A9800043F425439BB2A4F8FE3332F81030013370
:10A990009BB222F8103081F3108830BC704700BFA2
:10A9A000B407002000E001402C5E01000B4A08B50E
:10A9B0000346106840B10333094923F003030344FD
:10A9C0008B4204D8136008BD06481060F3E706F018
:10A9D00029FA0C2303604FF0FF3008BDBC070020AC
:10A9E000007B0020F81E002000BE704708B500F074
:10A9F00005F8FCF781FDFEE7704700BF70B5464BD8
:10AA0000464A47484FF47004C3F888404AF202515E
:10AA100098600123A2F8FE1382B082F81F3492F8E6
:10AA2000B134DB06FBD500204FF425460446A2F8DE
:10AA3000FE63FFF7E1FFFFF761FE8DF8074001209D
:10AA40009DF80730FFF788FFEFF31081012585F3AC
:10AA50001088344BD3F8042122F00042C3F80421BB
:10AA6000D3F8042181F310882F4A1168C1F3000143
:10AA70008DF807101168C1F300018DF807101268F6
:10AA8000C2F300028DF80720EFF3108185F31088E0
:10AA9000D3F8042142F00042C3F80421D3F8043172
:10AAA00081F310882846FFF727FF2846FFF7A4FF09
:10AAB0001E4B1F499C801F4A1E8099601E49D96009
:10AAC0004FF48051A2F820111C481D4A9D80121A93
:10AAD000214606F080FA1B481B4A1C491C4D121ADD
:10AAE00006F055FA1B4B5B1BA3424FEAA30605DD9C
:10AAF00055F8043B01349847A642F9DCFFF7EAFD1C
:10AB00000220FFF779FFFFF7E1FE002002B0BDE869
:10AB10007040FFF789BE00BF00ED00E000E001409B
:10AB200000400000006F044000080440000D004099
:10AB3000007B002000600040007F002070020020A9
:10AB4000F41E00200000002054020020546B01007D
:10AB5000FC01002034020020064B074A1B6A1268E1
:10AB6000C3F3026123FA00F08A4000F0070022FAE2
:10AB700000F0704700E00140C00700202DE9F047D9
:10AB800082462DED028B00200C46FFF7E5FF07EE15
:10AB9000900AB8EE678A28EE008A18EE100A05F0CF
:10ABA000B5FA064620460F4605F08EFA04460D46D5
:10ABB00002460B463046394605F072FD50B1BCEEF8
:10ABC000C88A00238AED0B8A8AF83430BDEC028BE8
:10ABD000BDE8F08700223A4B3046394605F0EEFAE0
:10ABE0008046894602460B462046294605F076FDFA
:10ABF00038B14046494605F0B9FD0223CAF82C0099
:10AC0000E2E700222F4B3046394605F0D7FA80465E
:10AC1000894602460B462046294605F05FFD38B1BD
:10AC20004046494605F0A2FD0423CAF82C00CBE7B4
:10AC30000022254B3046394605F0C0FA8046894649
:10AC400002460B462046294605F048FD38B14046ED
:10AC5000494605F08BFD0623CAF82C00B4E7002214
:10AC60001A4B3046394605F0A9FA80468946024615
:10AC70000B462046294605F031FD38B1404649468D
:10AC800005F074FD0823CAF82C009DE70022104B44
:10AC90003046394605F092FA06460F4602460B4604
:10ACA0002046294605F01AFD38B13046394605F0F0
:10ACB0005DFD0A23CAF82C0086E78AF8000085E7C4
:10ACC0000000D03F0000B03F0000903F0000703F08
:10ACD0000000503F00220270C0E9012280F83520B8
:10ACE000012280F83620DF22827770472DE9F04775
:10ACF00004464FF000081F469DF8283080F8008079
:10AD000021730375089B0361099B83610B9B03629D
:10AD10000C9BDFF84091C0E90938FF238A4643774E
:10AD20001546002A3ED184F83520502005F06BF8F6
:10AD30004FF6FF73A0F8423000F12008DF2380F8BF
:10AD4000205080F8215080F8225080F82350C0E92C
:10AD50000955C562C0E90E55C0E90C5580F844306C
:10AD600080F8453080F8405080F84150C0E91255D5
:10AD7000C4F8288020222946064606F02CF9072F21
:10AD8000A6605AD8314ABAF1020FD35D114642D0BB
:10AD900099F80000002856D1002B4ED102232777C6
:10ADA000D35548E0012A48D184F83520242005F005
:10ADB0002AF8837880F8008068F302038370437870
:10ADC000C57003F0F80368F306130646437080F875
:10ADD000048080F8058080F80680A0621C2241462D
:10ADE000083006F0F8F8012F666026D8184BBAF143
:10ADF000020FDA5D194602D099F8000028B1012A45
:10AE00001BD802232777CB5515E0B2B90222DA55B9
:10AE10002777257011E0012BF3D92777384601F009
:10AE200039FD3022816A404606F0B1F8384601F01B
:10AE300031FD036BA36101232370002389F80030E7
:10AE40002078BDE8F087012BDAE700BFC6070020B5
:10AE5000C4070020CE070020194A70B5002316460B
:10AE60009C5C1CB95BB20470184670BD0133082BA2
:10AE7000F6D1144B1C7814B15D78DDB901240122A0
:10AE800063B20270F0E70722B15C022953B205D029
:10AE9000002202700C4A01211170E5E712F1FF3225
:10AEA000F2D2022D01D0012302E0022C04D00023B3
:10AEB0000122EEE70029E6D14FF0FF33D4E700BFCF
:10AEC000C6070020C4070020CE0700202DE9F84F58
:10AED00082462DED028B14468B4631B9BDEC028BB8
:10AEE0001146BDE8F84FFFF749BE012939D10820C6
:10AEF000FFF732FE07EE100AB8EE478A28EE008A06
:10AF000018EE100A05F002F9064620460F4605F035
:10AF1000DBF804460D4602460B463046394605F03E
:10AF2000BFFB38B1BCEEC88A00238AED0B8A8AF8D1
:10AF3000343016E000221A4B3046394605F03EF90F
:10AF40008046894602460B462046294605F0C6FB48
:10AF500058B14046494605F009FC8AF834B0CAF8B1
:10AF60002C00BDEC028BBDE8F88F00224FF07F5320
:10AF70003046394605F022F906460F4602460B4692
:10AF80002046294605F0AAFB38B13046394605F07F
:10AF9000EDFB0323CAF82C00C9E78AF80000E0E7BC
:10AFA0000000E03FF0B52DED028B1E460123F7EEC9
:10AFB000007A9E4287B004460F461546B0EE608A7E
:10AFC000037087EE800A3BD8002A39D14FF0FF3159
:10AFD000FFF7D4FDB5EEC08AF1EE10FA37DBDFEDF6
:10AFE0001D7AB4EEE78AF1EE10FA30D8D4ED0B7A80
:10AFF000F8EE677A67EE887A17EE900A05F086F821
:10B000000022154B05F004FA05F0B0FB206323780D
:10B010008BB10F9B04930E9B039394F834300293EF
:10B02000236B0193E36A00932A4633463946204650
:10B03000FFF75CFE2070207807B0BDEC028BF0BDFE
:10B040004FF6FF7229462046FFF740FFC2E7002374
:10B050002370DCE70000C8420000594038B590F882
:10B06000353004468BB9806808B9002038BD04F13A
:10B070000C01FEF785FB0546A068FEF7E1FA0E2DF0
:10B0800001D0002DF1D10120F0E7012BEDD1406876
:10B090000028EAD004F10C010830FEF7C7FF05468E
:10B0A00060680830FEF776FFE9E708B590F83530BC
:10B0B0003BB9806820B1FEF7BDFAB0FA80F04009D4
:10B0C00008BD012B06D140680028F9D00830FEF7F2
:10B0D00045FFF2E70020F3E708B590F835303BB9BB
:10B0E000806820B1FEF77EFCB0FA80F0400908BD10
:10B0F000012B06D140680028F9D00830FEF754FF34
:10B10000F2E70020F3E7FFFF38B50446FFF7E4FF5E
:10B11000606838B1237F0C4A00252421D55404F0FF
:10B1200061FE6560A56875B1237F084AA86C00219F
:10B13000D15410B1202104F055FE5021284604F0CE
:10B1400051FE0023A36038BDC4070020C6070020BD
:10B1500010B50446FFF7D8FF204610BD01F10C03DF
:10B1600003608B6803B1203343604B688360704792
:10B17000836823B11868003018BF01207047406809
:10B180000028FBD08068F6E7F0B585B004460F468E
:10B19000014601A81546FFF7E1FF2046FFF7E8FF4B
:10B1A000064610B12046FFF797FF00F057F82A46F1
:10B1B00001A900F01FF9054650B167772EB120466E
:10B1C000FFF74CFF2046FFF770FF284605B0F0BDA3
:10B1D000DF23A377F2E7FFFF0028A8BF00F160405C
:10B1E0004FEA0111AEBF00F5614000F00F00034BC4
:10B1F000C9B2ACBF80F800131954704714ED00E0D9
:10B2000000F1C0020A4B53F822106FF3104143F8CB
:10B21000221000F01F024009800000F1604000F59C
:10B22000614001239340C0F880310360704700BF44
:10B23000006000404309012200F01F0002FA00F004
:10B240002033044A42F82300BFF34F8FBFF36F8FC0
:10B25000704700BF00E100E07047FFFF38B50A4DBE
:10B260002B78BFF35B8F13F001040BD1284604F059
:10B27000BBFD38B1054B28461C6004F0C1FD0448F5
:10B2800002F0C3FB014838BDD0070020D4070020DE
:10B2900059B200002AB9304BC031012243F82120B5
:10B2A0007047012A03D1C0312B4B0222F6E7022A54
:10B2B00003D1C031284B0322F0E7032A03D1C03168
:10B2C000254B0422EAE7042A03D1C031224B052290
:10B2D000E4E7052A03D1C0311F4B0622DEE7062A28
:10B2E00003D1C0311C4B0722D8E7072A03D1C03154
:10B2F000194B0822D2E7082A03D1C031164B092284
:10B30000CCE7092A03D1C031134B0A22C6E70A2A27
:10B3100003D1C031104B0B22C0E70B2A03D1C0313F
:10B320000D4B0C22BAE70C2A03D1C0310A4B0D2277
:10B33000B4E70D2A03D1C031074B0E22AEE70E2A27
:10B3400003D1C031044B0F22A8E70F2AA8D1C03186
:10B35000014B1022A2E700BF0060004032B91A4B37
:10B36000C0315D2243F8212001207047012A05D118
:10B37000C031154B652043F82100F5E7022A03D1BF
:10B38000C031114B6D22EDE7032A03D1C0310E4BC2
:10B390007522E7E7042A03D1C0310B4B7D22E1E798
:10B3A000052A03D1C031084B8522DBE7062A03D1E9
:10B3B000C031054B8D22D5E7072A03D1C031024B9E
:10B3C0009522CFE7002070470060004032B9C031BD
:10B3D000074B1E2243F8212001207047012A05D186
:10B3E000C031034B212043F82100F5E700207047CE
:10B3F00000600040F8B50E4601681B4B1F2905464A
:10B4000017469C682CD8336893F91220213201D05A
:10B410000120F8BD7268403482B11A7CFFF79EFFAC
:10B420000028F5D03268082353742B689374A7B9A9
:10B430000E4A44F8232001332B60EAE7B2688AB150
:10B440001A7CFFF7C3FF0028E2D032680823537448
:10B450002B6893740FB9064AEBE744F82370EAE7C8
:10B460000020D6E71046D4E700ED00E0B99A0000CE
:10B4700045A100002AB9064BC031362243F82120ED
:10B480007047012AFCD1C031014B3B22F6E700BFD7
:10B49000006000402AB9064BC031352243F8212014
:10B4A0007047012AFCD1C031014B3A22F6E700BFB8
:10B4B000006000402AB9064BC031372243F82120F2
:10B4C0007047012AFCD1C031014B3C22F6E700BF96
:10B4D000006000402AB9064BC031382243F82120D1
:10B4E0007047012AFCD1C031014B3D22F6E700BF75
:10B4F000006000402AB90C4BC031992243F821204A
:10B500007047012A03D1C031074B9F22F6E7022A78
:10B5100003D1C031044BA422F0E7092AF0D1C03195
:10B52000014BA922EAE700BF006000402AB90C4B9A
:10B53000C031982243F821207047012A03D1C0313D
:10B54000074B9E22F6E7022A03D1C031044BA32207
:10B55000F0E7092AF0D1C031014BA822EAE700BF89
:10B56000006000402AB90C4BC0319A2243F82120D8
:10B570007047012A03D1C031074BA022F6E7022A07
:10B5800003D1C031044BA522F0E7092AF0D1C03124
:10B59000014BAA22EAE700BF006000402AB90C4B29
:10B5A000C0319B2243F821207047012A03D1C031CA
:10B5B000074BA122F6E7022A03D1C031044BA62291
:10B5C000F0E7092AF0D1C031014BAB22EAE700BF16
:10B5D000006000402AB9064BC031AE2243F821205A
:10B5E0007047012AFCD1C031014BB322F6E700BFFE
:10B5F000006000402AB9064BC031AD2243F821203B
:10B600007047012AFCD1C031014BB222F6E700BFDE
:10B61000006000402AB9064BC031B12243F8212016
:10B620007047012AFCD1C031014BB622F6E700BFBA
:10B63000006000402AB9064BC031B02243F82120F7
:10B640007047012AFCD1C031014BB522F6E700BF9B
:10B65000006000402DE9F84FB44B9F6803681F2B32
:10B660000446154603D9002062B6BDE8F88F40377E
:10B6700072B6012940F09080002AF4D093682133FB
:10B6800040F08880036812681A441F2AEBD86A6861
:10B69000DFF8B48247F82320C033332248F8232050
:10B6A00090F90000FFF7C6FD94F90030C0330C217B
:10B6B00058F823206FF3104248F8232094F9000033
:10B6C000FFF78AFD94F90000FFF79AFD2368AB604D
:10B6D0005A1C69682260C13347F82210342248F8A6
:10B6E000232094F90000FFF7A5FD94F90030C03342
:10B6F0000C2158F823206FF3104248F8232094F9C6
:10B700000000FFF769FD94F90000FFF779FD236859
:10B7100069685A1CC133226047F82210312248F868
:10B72000232094F90000FFF785FD94F90030C03321
:10B730000C2158F823206FF3104248F8232094F985
:10B740000000FFF749FD94F90000FFF759FD236859
:10B7500069685A1CC133226047F82210322248F827
:10B76000232094F90000FFF765FD94F90030C03301
:10B770000C2158F823206FF3104248F8232094F945
:10B780000000FFF729FD94F90000FFF739FD236859
:10B7900001332360012067E702290DD1002A3FF41D
:10B7A00062AF93682133F5D10068136818441F28ED
:10B7B0008CBF0020012057E7032911D1002A3FF454
:10B7C00052AF92F912302133E4D10E235374016841
:10B7D000574B917447F82130127CFFF7F7FDD6E7FD
:10B7E000042949D1002A3FF43EAF92F907302133B2
:10B7F00031D101680B1D202B3FF635AF0C264D4B88
:10B80000D171967147F821301278FFF773FE016805
:10B81000494B0131016069722E7247F821302A7854
:10B82000FFF7A0FE0168454B0131016069712E717F
:10B8300047F821302A78FFF779FE0168404B013143
:10B840000160AE72E97247F821302A78FFF7A6FE50
:10B8500003680133036095F90700FFF7D1FC95F900
:10B860000900FFF7CDFC95F90500FFF7C9FC95F934
:10B870000B00FFF7C5FC8DE7002940F09480002AFB
:10B880003FF4F1AE137A3BBB126892F90D302133CD
:10B890001ED10C231373036853732A4A47F82320DD
:10B8A000C033294A262142F823102B68686893F98F
:10B8B0000D101B7B01F160421B0102F56142DBB2FE
:10B8C00082F80033214B43F82100236801332360C1
:10B8D0002B6893F90D00CCE7012B39D1126892F94E
:10B8E0000F3021331ED10C2393730368D373154A91
:10B8F00047F82320C033144A272142F823102B682D
:10B90000686893F90F109B7B01F160421B0102F5FF
:10B910006142DBB282F800330C4B43F8210023680C
:10B92000013323602B6893F90F00A2E700ED00E0DC
:10B9300045A1000091810000018400007D8200008B
:10B940004184000095890000006000403407002019
:10B95000022B7FF488AE126892F9113021331ED188
:10B960000C23137403685374A84A47F82320C03388
:10B97000A74A282142F823102B68686893F9111010
:10B980001B7C01F160421B0102F56142DBB282F8CF
:10B990000033A04B43F821002368013323602B6858
:10B9A00093F9110065E7052973D1002A3FF45BAED6
:10B9B00016680C23737396F90F30213348D1016850
:10B9C0000B1D202B3FF64FAEF1733278DFF87882F3
:10B9D000DFF84092FFF74EFD90F9003008EB0302CC
:10B9E0004FF0C00A82F800A3016849F823600131D2
:10B9F0002B680160B1731A78FFF74CFD90F90030A5
:10BA000008EB030282F800A3016849F823600131C2
:10BA10002B68016031741A78FFF74CFD90F9003003
:10BA200008EB030282F800A3016849F823600131A2
:10BA30002B68016071741A78FFF74CFD90F90030A3
:10BA4000984488F800A349F8236003680133036031
:10BA500096F90F00704B47F8203096F90E306F4A78
:10BA600047F8232096F910306D4A47F8232096F9BD
:10BA700011306C4A47F82320FFF7C2FB96F90E00FD
:10BA8000FFF7BEFB96F91000FFF7BAFB96F911001D
:10BA9000EFE6062956D1002A3FF4E5AD16680C23DF
:10BAA000737396F90F30213341D10168CB1C202BE1
:10BAB0003FF6D9AD5C4BF17347F821303278DFF8AF
:10BAC0008881DFF85091FFF715FD90F9003008EB01
:10BAD00003024FF0C00A82F800A3016849F823600E
:10BAE0000131524B0160B17347F821302B681A784D
:10BAF000FFF71CFD90F9003008EB030282F800A369
:10BB0000016849F823600131494B0160317447F8FD
:10BB100021302B681A78FFF725FD90F90030984402
:10BB200088F800A349F8236003680133036096F99D
:10BB30000F00FFF765FB96F90E00FFF761FB96F922
:10BB4000100096E607294CD1002A3FF48CAD5568C9
:10BB500040F60C432B8295F90D30213320D101683A
:10BB60000B1D202B3FF67FAD69732A78FFF782FC0F
:10BB70000168013101602A782973FFF78BFC0168A5
:10BB8000013101602A78A973FFF794FC0168013143
:10BB900001602A78E973FFF79DFC036801330360B5
:10BBA00095F90D00234B47F8203095F90C30224AC7
:10BBB00047F8232095F90E30204A47F8232095F9BD
:10BBC0000F301F4A47F82320FFF71AFB95F90C00A6
:10BBD000FFF716FB95F90E00FFF712FB95F90F0022
:10BBE00047E6082932D1002A3FF43DAD92F90230F0
:10BBF00021337FF4CFAD0C2353700168114B91704A
:10BC000047F821301278FFF745FBC0E5FD890000B9
:10BC10000060004034070020D99200009D91000090
:10BC2000C5930000899400000D870000ED86000098
:10BC3000A5880000958D0000698C00003D8E0000F5
:10BC4000D18E0000C995000000E100E0092978D1FB
:10BC5000002A3FF408AD566896F90230213365D1C9
:10BC600001680B1D202B3FF6FEAC92F808A0AC4BF0
:10BC7000D2F80090B1704FF0060B86F806B052462D
:10BC800047F82130FFF7A6FCA64D96F90220B379BC
:10BC9000DFF8BC82A9181B01DBB281F80033016810
:10BCA000A14B48F82290013101605246717086F82C
:10BCB00005B047F82130FFF79DFC96F90120737914
:10BCC000A9181B01DBB281F800330168974B48F8D3
:10BCD0002290013101605246317186F808B047F870
:10BCE0002130FFF7A7FC96F90420337AA9181B012D
:10BCF000DBB281F8003301688D4B48F822900131A6
:10BD000001605246F17086F807B047F82130FFF71E
:10BD100081FC96F90320F37915441B01DBB285F809
:10BD20000033036848F822900133036096F902005B
:10BD3000FFF766FA96F90100FFF762FA96F9040038
:10BD400097E50A297CD1002A3FF48DAC566896F914
:10BD50000230213365D101680B1D202B3FF683ACE7
:10BD600092F808A0734BD2F80090B1704FF0060B18
:10BD700086F806B0524647F82130FFF7BBFB694D05
:10BD800096F90220B379DFF8C881A9181B01DBB24C
:10BD900081F800330168684B48F822900131016056
:10BDA0005246717086F805B047F82130FFF7BEFBA8
:10BDB00096F901207379A9181B01DBB281F80033D1
:10BDC00001685E4B48F822900131016052463171A2
:10BDD00086F808B047F82130FFF7E0FB96F9042019
:10BDE000337AA9181B01DBB281F800330168544B88
:10BDF00048F82290013101605246F17086F807B090
:10BE000047F82130FFF7AEFB96F90320F37915448C
:10BE10001B01DBB285F80033036848F82290013338
:10BE2000036096F90200FFF7EBF996F90100FFF7BE
:10BE3000E7F996F90400FFF7E3F996F9030018E52E
:10BE40000B297FF410AC002A3FF40DACD2E90015A9
:10BE50000C232B7595F91530213356D10368DA1C64
:10BE6000202A3FF600AC374A6B7547F823202A6832
:10BE700022B9C033344A4A2042F8230095F915000C
:10BE80002B7D324E00F1604202F561421B01DBB2B4
:10BE900082F8003322682E4B43F82010501C20609B
:10BEA000A87547F82060286820B9C13226484D2679
:10BEB00040F8226095F916602A7D06F1604000F591
:10BEC00061401201D2B280F80023226843F82610A4
:10BED000501C204E2060E87547F82060286820B983
:10BEE000C13219484E2640F8226095F917602A7D24
:10BEF00006F16040120100F56140D2B280F80023E3
:10BF000043F8261023680133236095F91500FFF7E5
:10BF100077F995F91600FFF773F995F91700A8E47A
:10BF2000E976000000E100E04D760000A178000015
:10BF3000C1770000F98400006185000011860000CF
:10BF4000D5850000D19C000000600040A59D000048
:10BF500034070020BD9E000008B53C2200210248A5
:10BF600005F039F808BD00BFD807002070B50024DF
:10BF7000064D264655F8240020B12C2103F032FF4F
:10BF800045F8246001340F2CF4D170BDD80700208F
:10BF900001207047036840F213421B6A184790F86B
:10BFA0003D34002BFBD07047D0F82C322BB1D0F8A9
:10BFB0002832184490F8240070474FF0FF30704743
:10BFC00013B5044690F8A8048DF80710002378B143
:10BFD00084F83C34012284F83D340DF1070104F566
:10BFE0008860FBF7CBFC94F83C34002BFBD001209D
:10BFF00002B010BD0023C0F82432C0F82832C0F8C7
:10C000002C32C0F83034C0F83434C0F8383400F57D
:10C010008860FBF72DBD13B5EFF310830093012368
:10C02000019372B6019B5A1E01923BB1D0F82C428B
:10C030006846F9F77FFE204602B010BD6846F9F762
:10C0400079FE4FF0FF34F6E70268224B53F82230B6
:10C0500013B54BB10279042A0CD0802A06D0022AEB
:10C0600002D1012283F83D2402B010BD012283F8E1
:10C070003C24F9E7D3F82C22B2F5007FF4D0007A03
:10C08000EFF3108200920122019272B6019A013AF6
:10C09000511C1AD0D3F82C12B1F5007F02F1FF34F5
:10C0A00011D0D3F82412194481F82400D3F82412B3
:10C0B0000131C1F30801C3F82412D3F82C12013165
:10C0C000C3F82C12E3E72246E2E768460192F9F74B
:10C0D00031FEC9E71408002013B5EFF31083009375
:10C0E0000123019372B6019B5A1E0192E3B1D0F86D
:10C0F0002C32B3B1D0F82832034493F82440D0F85E
:10C1000028320133C3F30803C0F82832D0F82C32A8
:10C11000013BC0F82C326846F9F70CFE204602B00D
:10C1200010BD4FF0FF34F6E76846F9F703FE4FF015
:10C13000FF34F3E738B5044600254FF47A70C4E9BC
:10C140000150A3611848049BE361C4E90412206014
:10C1500029464FF4007204F1240004F03CFFC4F8B7
:10C1600024524FF40072C4F828522946C4F82C52C5
:10C1700004F50C7004F02FFF0123C4F83054C4F808
:10C180003454C4F8385484F83C3484F83D34DF2304
:10C1900084F8A85484F8773484F8793484F87534B2
:10C1A00084F87B34204638BD3C5E010010B50C4657
:10C1B000FFF754F822460421BDE81040FFF74ABAC1
:10C1C00038B590F8A8340446154600206BB184F8C1
:10C1D0003C0484F83D0404F58860FBF7CFFB94F839
:10C1E0003C34002BFBD0284638BD1D46FBE7FFFF43
:10C1F000F0B50369002B85B0044602DA002005B0D3
:10C20000F0BD4269002AF9DB8B42F7DA8A42F5DA9F
:10C21000D9B20022684602AE03F072FD0122217DF0
:10C22000304603F06DFD00223DF812500021AB11A5
:10C23000002D45D036F81200002841D036F8110004
:10C2400083EA9017FF063BD103F01F032362002807
:10C25000D4D0092BD2DC15F4F04F23691C4E0CBF4F
:10C260004FF080624FF0A06236F8331010F4F04FB8
:10C2700042F4803217480CBF4FF080654FF0A06544
:10C28000FCF746FC6369134836F8331045F48035F3
:10C290002A46FCF73DFCA3695A1C0FD0E269013223
:10C2A0000CD036F833100B482A46FCF731FCE36912
:10C2B000084836F833102A46FCF72AFC01209EE78E
:10C2C00001310329B4D10132032AADD196E700BF71
:10C2D000B45C0100B01E00202DE9F04104460E467A
:10C2E0001546FBF70EF901462046FFF781FF84F85B
:10C2F000A804002800F0BD8094F891145E4B226AD7
:10C300006FF3010184F89114192143F82240A4F835
:10C31000921494F89034012184F895140F2103F0BD
:10C32000E70384F89C144FF6FF7143F04003A4F830
:10C330009E14A1696FF3820384F8903404F5926728
:10C340000023013184F8943484F89634C4F8987446
:10C3500084F8A03405D0E16901311CBF082184F8BC
:10C36000A01484F8702404F29442C4F88C2440F29F
:10C3700013424FF6FF71954284F8A23484F8A33437
:10C38000A4F8A414C4F88834C4F88034C4F87C3405
:10C390003ED02DD840F21142954248D040F2124290
:10C3A00095424AD0354BC4F8843404F58E68414632
:10C3B0002046FFF7FBFE94F8A834184084F8A80440
:10C3C00001213B4640F6B8323046FBF71FFE94F899
:10C3D000931429B93B4640F6B8323046FBF716FEB7
:10C3E00004F5886541462846FBF7ECFB78B3FEE789
:10C3F00040F23242954225D040F2334295420FD06E
:10C4000040F231439D42CDD1022384F871340AE0D9
:10C41000022284F8712484F8723484F87334C1E7FA
:10C42000022284F8712484F872340123F5E7022291
:10C4300084F8712484F87224EFE7022284F87124CE
:10C440000322F7E7022384F871340323EBE739462C
:10C450002846FBF7EBFA00B1FEE7C4F82402C4F863
:10C460002802C4F82C02C4F83004C4F83404C4F818
:10C470003804BDE8F08100BF1408002049C0000066
:10C4800030B58C18A14208D0D0F8603411F8015BA7
:10C49000DD701D796D07FCD5F4E7104630BDFFFF58
:10C4A00007B54FF0FF330093172216210248FFF71C
:10C4B00041FE03B05DF804FB3C08002007B54FF0D7
:10C4C000FF330093002201210248FFF733FE03B03F
:10C4D0005DF804FBE80C002007B54FF0FF33009334
:10C4E000192218210248FFF725FE03B05DF804FB6E
:10C4F000941100200148FEF7EDBB00BF401600205C
:10C500000148FEF725BE00BF40160020F8B5094FD0
:10C51000054600240126AA6C06FA04F3134205D04E
:10C5200007EB440261B22846FDF75EFE01341D2C84
:10C53000F1D1F8BD84160020837870B5044683B924
:10C540000E4D2A68AAB103883BB90D48FFF7DEFFFC
:10C550002B682078BDE870401847012BF8D10948B6
:10C56000F4E7012B05D00A2B04D1074B1B68002BE5
:10C57000EFD170BD0B2BFCD1044BF7E778160020F0
:10C58000C01600201C1700207C16002080160020FA
:10C59000F0B5044685B0002843D0002380F832303F
:10C5A000C1F38415836C012707FA05F213438364F2
:10C5B00000F13001FDF7F0FE04AE04F14801204621
:10C5C000FDF71AFE2046FDF701FE06F8047D9DF8F2
:10C5D0000C30012B04D131462046FDF7FDFDF6E776
:10C5E0000DF10E0229462046FDF7FEFD0E4BBDF86B
:10C5F0000E0093F83330052B9CBF0C4AD2560C4BDF
:10C600001B684FF0010101FA03F388BF0022009379
:10C61000002301FA02F2194600F086F980B205B053
:10C62000F0BD4FF0FF30FAE7C0160020685E010051
:10C630000800002013B50A220C46C1B2684603F078
:10C640005FFBBDF800205AB1064B074902F4F040E9
:10C65000B0F5006F0CBF18460846228002B010BD2E
:10C660001046FAE71C170020C0160020F0B501267E
:10C6700080F82560C0E90F23022600F1240300257D
:10C6800040F60C4780F826600186DF2603214364CC
:10C690004FF4C05380F8245080F8275080F8285079
:10C6A00080F8295080F82A6080F82B60878580F810
:10C6B000325080F8331080F8345080F8355080F8CC
:10C6C000366080F837600787C0E91255C0E9145515
:10C6D000A0F85850A0F85A30F0BD10B50446406D8F
:10C6E00010B1142103F07EFB204610BD37B50D2894
:10C6F000044602A998BF0E34002321F8023D2046CB
:10C70000FFF798FF074B05464FF4004133F834001C
:10C7100001F082F9BDF806102846FFF739FF03B093
:10C7200030BD00BFB45C0100042838B598BF104B81
:10C73000104C98BF1D5CA36888BF002513B120462C
:10C74000FDF74AFF0C4984F828500C4CA1F1300049
:10C75000FDF722FEA36813B12046FDF73DFF08490F
:10C7600084F82850A1F13000BDE83840FDF714BE30
:10C770006E5E0100C0160020F01600201C1700207D
:10C780004C170020FFFFFFFF2DE9F04D3C4B93F8C5
:10C790002830192B2DED028B6BD057D8012B62D08E
:10C7A000022B63D0374CD4ED007AF5EE407AF1EEEF
:10C7B00010FA48D10020FFF7B7FF052001F03CF93F
:10C7C0000FF2B40BDBE900AB9FED2F8ADFF8C080DE
:10C7D0000A251420FFF78AFF07EE900AF8EEE77AA1
:10C7E00067EE887A17EE900A03F090FC52465B469B
:10C7F00003F0E4FCD8F800300646012098400F46CC
:10C8000003F072FC02460B463046394603F000FE48
:10C81000064620680F4603F079FC02460B46304678
:10C82000394603F015FB03F0C1FF013D07EE900A06
:10C830002060CED1F2EE046A87EEA67A052084ED60
:10C84000007AFFF771FF94ED000A08E01D2B04D079
:10C850001F2BA7D1B0EE040A01E0B0EE000ABDEC38
:10C86000028BBDE8F08D9FED090AF8E79FED060AFF
:10C87000F5E7B7EE080AF2E7295C8FC2F5A8204079
:10C88000C0160020781700203D0AB73F0000C07F87
:10C890000800002030B5094B53F8144B00218C429E
:10C8A00007D053F8042F92F82450A84202D0013147
:10C8B000F5E7002202F1080030BD00BF7C17002020
:10C8C00038B50E4C0E4D0F48002322461946FFF78F
:10C8D000CDFE002301210C48FFF7C8FE28460024A6
:10C8E000214640F8044B142204F075FB50222146E7
:10C8F00005F1180004F06FFB38BD00BF39C500001A
:10C900007C170020C01600201C17002008B5044822
:10C91000FFF7E3FE0348BDE80840FFF7DEBE00BFB7
:10C920001C170020C016002010B5029C401AE41A03
:10C930006043521A90FBF2F0184410BD2DE9F04FFD
:10C94000027D012A85B005460F4640F09780002100
:10C950004FF0FF3B04460B465E4694F804C048B2D5
:10C96000BCF1000F7CD194F805C0BCF1000F77D169
:10C97000B6F1FF3F1BBF01335BB201233046934248
:10C9800001DD1A4683460131082904F1020465D10C
:10C99000002402EB0B03A1460293CB4502DC029B71
:10C9A0004B4560DC6E7995F804A04FEA26180AF032
:10C9B0000F035FFA88F25FEA2A1A019206F00F0667
:10C9C00077D05FFA8AF1BAF1090FCABF5731303117
:10C9D00049B23846039300F0FCF9039B0444092B49
:10C9E0008ABF03F1570103F1300149B2384603937E
:10C9F00000F0EFF90444BAF1000F04D1039B13B91E
:10CA0000B8F1000F0DD0019BB8F1090FD4BF03F1AD
:10CA1000300803F157084FFA88F1384600F0D9F989
:10CA20000444092E8ABF573606F1300171B23846E8
:10CA300000F0CFF9B9F1070F044404D03A21384689
:10CA400000F0C7F9044409F10109B9F1080F05F133
:10CA50000205A2D1204605B0BDE8F08F06467CE76E
:10CA60004FF0FF308FE7CB45EDD1BBF1000FE5D1A3
:10CA70003A21384600F0ADF90444DFE700F1100632
:10CA800000F11309002416F8011B0A22384600F0B1
:10CA900028FA2E218046384600F09BF9B1454044E3
:10CAA0000444F0D10A22E97C384600F01AFA044422
:10CAB000D0E7002B93D1A3E710B5054B03600446E4
:10CAC000017510220021043004F085FA204610BDC3
:10CAD000D05E010010B500210446FFF7EDFF2046AF
:10CAE00010BDFFFFF8B50F461D460021084B03603F
:10CAF0000446164601751022043004F06CFA9DF8C5
:10CB0000183027746674A574E3742046F8BD00BF1E
:10CB1000D05E010010B588B0CA7C0B7C02928A7C82
:10CB200001924A7C009210210446064A0DEB010056
:10CB300004F0D2FF04A9204600F059FA204608B0BC
:10CB400010BD00BF735E010010B59AB0CA7C0B79AE
:10CB50000E928A7C0D924A7C0C920A7C0B92CA7BC4
:10CB60000A928A7B09924A7B08920A7B0792CA7AC8
:10CB700006928A7A05924A7A04920A7A0392CA79CC
:10CB800002928A7901924A7900920446054A282144
:10CB900010A804F0A1FF10A9204600F028FA2046B2
:10CBA0001AB010BD7F5E010010B50B7D04461BB9A5
:10CBB000FFF7B0FF204610BDFFF7C6FFFAE738B514
:10CBC00010220D4604460021043004F004FA691EC8
:10CBD00000224FF0FF3311F9010F00B3A0F130052F
:10CBE000EDB2092D10D880B25D1CA0F1300001D14A
:10CBF00003B2F0E703EB830300EB430080B2FF28AE
:10CC000003B2E8D9002011E02E28FBD1032AF9D085
:10CC1000581CF7D0501C22441374C2B2D9E7032A1F
:10CC200004D15A1C02D02075E374012038BD2DE9CF
:10CC3000F84F0024064689464FF0FF37254699F9FC
:10CC40000000002840D005F04FF84FFA80F88246E7
:10CC5000404609F1010B04F0FFF880B1B8F1660F0E
:10CC600002DD0020BDE8F88FB8F1600F24DC08EB8E
:10CC70000515303DB5F5803FF3D2D946DFE7B8F171
:10CC80003A0FEED199F901303A2B1AD10137E8D198
:10CC900099F902303A2BE4D0002D0CBF2746671CCF
:10CCA00009F1020B072CDCD006EB44032A0A5D7164
:10CCB0001A7101340025E0E7AAF127084FFA88F835
:10CCC000D5E7002BEED1CCE77A1C1BD1072CC8D1BD
:10CCD00006EB44032A0A1A715D717B1C21D00134D2
:10CCE000E31B07F108015B00091B013B7A004900C7
:10CCF000002B0ADBD0183044057958183044013B2A
:10CD00000571F5E7062CE3DDABE7C4F108043C440C
:10CD10001346640000219C4203DDF21801331171B7
:10CD2000F9E7012030759DE738B504460D46FFF759
:10CD300046FF28B929462046BDE83840FFF777BFAF
:10CD400038BDFFFF07B501210648FFF7B5FE0023F8
:10CD500000931A4619460448FFF7C4FE03B05DF875
:10CD600004FB00BFE4170020FC1700202DE9F04170
:10CD700006460D4601EB02080C464445A4EB0507A8
:10CD800007D0336814F8011B1B6830469847002809
:10CD9000F3D13846BDE8F08170B503680446084613
:10CDA0000D465E6804F0ECFE2946024633462046F6
:10CDB000BDE87040184709B1FFF7EEBF084670475D
:10CDC00003688A685B680968184708B5FFF7F3FFCE
:10CDD00008BD0368C9B21B6818470A680B46126889
:10CDE000014618461047FFFF0149FFF7D5BF00BFB6
:10CDF000E957010038B50546FFF7E2FF044628462B
:10CE0000FFF7F2FF204438BD38B50546FFF7D3FFE2
:10CE100004462846FFF7E8FF204438BD38B50546EC
:10CE2000FFF7DBFF04462846FFF7DEFF204438BD4E
:10CE300070B58AB00E460AA9002301F8043D012A04
:10CE400098BF0A22B6FBF2F502FB1564E3B264B2A6
:10CE5000092CD4BF303337335BB22E4601F8013D85
:10CE6000002DEFD1FFF7A7FF0AB070BD2DE9F0410B
:10CE700007460E4615462AB90368C9B21B68BDE8C5
:10CE8000F04118470A2A05D1002905DBBDE8F04129
:10CE9000FFF7CEBFD2B2F9E72D21FFF79AFF2A465E
:10CEA000044671423846FFF7C3FF2044BDE8F081D5
:10CEB000FFF7DCBF38B50546FFF7D8FF0446284624
:10CEC000FFF792FF204438BD10B42AB903685DF81B
:10CED000044B1B68C9B21847D2B25DF8044BFFF788
:10CEE000A7BFFFF7F1BFFFF7EFBF38B50546FFF764
:10CEF000EBFF04462846FFF777FF204438BD10B506
:10CF0000044600F0E1FDE060236820465B69984735
:10CF1000002808DA00F0D8FDE368C01AA368984238
:10CF2000F2D34FF0FF3010BD70B50D4609490446ED
:10CF3000164600F05CF82846FFF7E1FF002806DB04
:10CF400041B2B14203D0204600F09FF8F3E72046FB
:10CF500070BD00BFEB57010010B50446006808B172
:10CF600003F09CFF204610BD10B50446006808B1D0
:10CF700003F094FF00232360C4E9013310BD38B5EA
:10CF800004460D460068013104F04AFD10B1C4E9C1
:10CF90000005012038BD036810B5044623B143687D
:10CFA0008B4201D3012010BD2046FFF7E8FF002887
:10CFB000F9D0A368002BF5D122681370F3E770B5A0
:10CFC0000E46114604461546FFF7E5FF20B92046F8
:10CFD000FFF7CAFF204670BD2A463146A56020688B
:10CFE00003F0D5FF2268A3680021D154F2E738B5D9
:10CFF00000230446C0E9003383600D4639B108467A
:10D0000004F0BEFD294602462046FFF7D8FF204621
:10D0100038BD38B5054608460C4604F0B1FD21463A
:10D0200002462846BDE83840FFF7C9BF10B50446A0
:10D0300019B1FFF7EEFF204610BDFFF795FFFAE7A5
:10D040002DE9F04105461746884619B900263046B5
:10D05000BDE8F0819AB1846814442146FFF79BFF34
:10D0600006460028F2D0AB6828683A461844414684
:10D0700003F08DFF2B68AC6000221A55E7E701260C
:10D08000E5E78A680968FFF7DBBF07B502AB012255
:10D0900003F8011D1946FFF7D3FF03B05DF804FB49
:10D0A00083688B4201D9006818B9034800230370D4
:10D0B00070470844704700BF1418002083689342EB
:10D0C00010B5044602D84FF0FF3010BD0068096863
:10D0D000104404F05DFD0028F5D02368C01AF4E781
:10D0E0000022FFF7EBBFFFFF0F4B10494AF202523D
:10D0F000A3F8FE230E4A11604FF42542A3F8FE2345
:10D1000003F5E4231A886FF304121A80BFF34F8FDC
:10D110000849094BCA6802F4E0621343CB60BFF3CD
:10D120004F8F00BFFDE700BF00E00140358173076E
:10D1300000E5014000ED00E00400FA05F8B5184BE9
:10D140001B780546144646184BB11146154804F0A5
:10D150004FFC154804F04CFCAC4212D22C4613484C
:10D16000134D114F04F044FC0F4804F041FCB4424D
:10D170000BD3104804F03CFC0B48BDE8F84004F029
:10D1800037BCB44228BF3446E9E722682146284626
:10D1900004F02EFC384604F02BFC0434E7E700BF13
:10D1A0000819002040660100E9570100656601008A
:10D1B0008A660100CD5F010008B50F4B0F4918606A
:10D1C0000F4B1A600F4B104A1A60104B9B1A104AF3
:10D1D0001360104A1160104A521A10490A603BB994
:10D1E0000F4804F005FC0F48BDE8084004F000BCFF
:10D1F0000D4B01221A7008BDB0180020004000003D
:10D200000C190020BC180020007B0020007F0020AB
:10D21000B8180020AC1800204C6B0100A8180020A2
:10D22000DE650100E9570100B418002008B5064B7F
:10D2300006481A68064B196804F0DAFB0548BDE891
:10D24000084004F0D5BB00BF0C190020BB650100ED
:10D25000B0180020E9570100304B2DE9F04F1C6851
:10D260002F4BD3F800E02F4B1D782F4B1E782F4B00
:10D270001F682F4B1B688B4607EB030CDDB1CEB943
:10D280002C4B99695B690160013BBB4215D3634537
:10D2900013D8BBF1010F10D943600223A64426B175
:10D2A000944203D8724528BF724614460437DFF80B
:10D2B00088802EE000252B46F0E735460123EDE778
:10D2C0002268D10724D5561EB74221D866451FD8FB
:10D2D0000F2B1DD832F8059C32F8032C02EA080AFD
:10D2E000BAF5784F04D109EA0809B9F5704F04D0AE
:10D2F00002F47F42B2F58E4F0AD15B4508D2022B71
:10D3000003D115B14268B24202D040F82360013324
:10D3100004347445D4D31846BDE8F08FBC180020FF
:10D32000B8180020C018002008190020AC180020F0
:10D33000A8180020C418002000F8FFFF2DE9F043D2
:10D3400091B0044640220021684603F044FE224684
:10D3500010216846FFF780FF164FDFF87080064601
:10D3600000244FF02009B44213D1FCB1114B1249F3
:10D370001248096804EBC4041C44002204F8012C80
:10D380000F4A04F035FB0F4804F032FB11B0BDE842
:10D39000F08304EBC4053D445DF824204146284653
:10D3A00004F0CEFB013485F80890DCE7064804F071
:10D3B0001FFBE8E715180020B0180020B066010038
:10D3C000AB660100E9570100ED660100A5660100AA
:10D3D0002DE9F0410D4B1B7886B006460D4643B94A
:10D3E0000B4A0C490C4804F003FB0C4804F000FB0A
:10D3F000FEE70B4B1A78BAB1054A0A49064804F011
:10D40000F7FA064804F0F4FAFEE700BFB41800206B
:10D41000D45E0100E75E0100EF5E0100E957010004
:10D42000C01800200D5F0100A64AA7481468A74A4B
:10D43000A74FD2F8008001221A7004F0D9FAA5484B
:10D4400004F0D6FAFFF7F2FEA34804F0D1FAA1489F
:10D4500004F0CEFAF6064CBF05F1200605F1680689
:10D46000B44203D804EB0803B34201D201233B705A
:10D47000204632464146FFF761FE3B78974C002B31
:10D480003DD1974804F0B4FA924804F0B1FA2F69FC
:10D4900027616F692A686B68A968E8686761AF6986
:10D4A000ED6922606360A160E060A761E5610490BE
:10D4B0008C48CDE902108C498C48CDE900318C4B69
:10D4C0008C4904F095FA834804F092FAE3690493D6
:10D4D000894B0393A3690293884B0193636900937B
:10D4E0002269874B8749814804F082FA794804F021
:10D4F0007FFA854804F07CFA764804F079FA834B89
:10D50000834A1B682362834B1B7884F82430824B48
:10D510001B68A362814B1B7884F82C30804B1B68FE
:10D520002363804B1B88A3867F4B1B681288E263B2
:10D530007E4AA363128822649D0705D57C4804F0C7
:10D5400057FA644804F054FA94F83B30580640F116
:10D55000278194F82430002B3CD0D90705D5754895
:10D5600004F046FA5B4804F043FA94F824309A0732
:10D5700005D5714804F03CFA564804F039FA94F89D
:10D5800024301B0705D56D4804F032FA514804F0E9
:10D590002FFA94F82430DF0605D5694804F028FAFC
:10D5A0004C4804F025FA94F824309D0605D56548CA
:10D5B00004F01EFA474804F01BFA94F824301806C9
:10D5C00008D5990706D0A16A5F4804F011FA4148CE
:10D5D00004F00EFA94F82C30002B46D0DA0705D56B
:10D5E0005A4804F005FA3B4804F002FA94F82C304B
:10D5F0009B0705D5564804F0FBF9364804F0F8F9C6
:10D6000094F82C305F0705D5524804F0F1F9314801
:10D6100004F0EEF994F82C301D0705D54E4804F0BF
:10D62000E7F92C4804F0E4F994F82C30D80605D535
:10D630004A4804F0DDF9274804F0DAF994F82C3070
:10D64000990605D5464804F0D3F9224804F0D0F9EC
:10D6500094F82C301A0608D59F0706D5216B41484F
:10D6600004F0C6F91B4804F0C3F9A38E002B00F0A8
:10D67000978094F83430DD0705D53B4804F0B8F9BD
:10D68000144804F0B5F994F83430980705D53748B4
:10D6900004F0AEF90F4804F0ABF994F834305907B0
:10D6A00005D5334804F0A4F90A4804F0A1F994F828
:10D6B00034301A0760D52F4804F09AF9054804F071
:10D6C00097F959E0BC180020EA570100B81800206B
:10D6D00008190020E9570100175F0100C418002055
:10D6E0004B5F010012670100166701008A5F0100AD
:10D6F0000A6701000E67010022670100266701002A
:10D700001A6701001E670100B35F010024ED00E00D
:10D7100030ED00E028ED00E034ED00E029ED00E020
:10D7200038ED00E02AED00E02CED00E03CED00E0FB
:10D73000F25F01001E600100606001009B6001005B
:10D74000D1600100056101005161010086610100A5
:10D75000BA610100EF610100266201004E62010022
:10D7600074620100B2620100D96201001F6301000E
:10D770006B630100CA63010094F83530DB0705D5FF
:10D78000274804F035F9274804F032F994F8353089
:10D790009F0705D5244804F02BF9224804F028F906
:10D7A00094F93B30002B34DAE36B002B31D094F842
:10D7B0003C30DD0705D51D4804F01AF9194804F07E
:10D7C00017F994F83C30980705D5194804F010F97A
:10D7D000144804F00DF994F83C30590705D5154864
:10D7E00004F006F90F4804F003F994F83C301A07E6
:10D7F00005D5114804F0FCF80A4804F0F9F894F84B
:10D800003C30DB0605D50D4804F0F2F8054804F07D
:10D81000EFF8304606B0BDE8F041FFF78FBD00BF1E
:10D8200011640100E957010063640100CD64010047
:10D83000FD640100306501005C6501008B6501003D
:10D8400070466946FFF7C4FDFEE7FFFF73B500258C
:10D85000044680F830500D2268460E4602F050FA19
:10D86000BDF800306363C3F3841203F4F043B3F5EF
:10D87000006F84F838602574E5746574A574657567
:10D8800022750CD004F11003A361064BE361064B33
:10D890002362064B6362064BA362064BE36220469B
:10D8A00002B070BD319B0000299C0000B99B0000B4
:10D8B000C59B0000F59B00000E210148FFF7C6BF85
:10D8C00010190020042911D8DFE801F0030C0A0325
:10D8D0000E000022064B33F830100020FBF718B979
:10D8E0001022F7E70422F5E78422F3E7704700BF30
:10D8F000B45C0100044B0A1C18BF012233F830103D
:10D900000020FBF79FB800BFB45C010007B5084BCF
:10D910000DF1070233F830100020FBF785F89DF871
:10D920000700003018BF012003B05DF804FB00BF02
:10D93000B45C0100EFF31080012383F31088064BE1
:10D94000196819B9054AD1704021D1701A6801329D
:10D950001A6080F31088704730070020000D0440E3
:10D96000704770471A4A38B50023938072B6194938
:10D97000194A1A4C0A601859D0500433402BFAD176
:10D98000174D002302F140005C59C4500433802B32
:10D99000FAD1144B9A60BFF34F8F62B60B68124AEC
:10D9A000DA601249124A1348FFF706FCFFF7C2FF7C
:10D9B000F9F7AAFDFEF7E8FE00F050F8FFF7D1FFF7
:10D9C000F7F77AF9FFF7CCFFF7F7A0FAFCE700BF0B
:10D9D000000D00404C190020007F00200040000096
:10D9E0004040000000ED00E041D800003767010032
:10D9F0002A6701003A6701000148FEF741BD00BFF8
:10DA00003C08002008B5FFF7ADFF0020704708B5BF
:10DA1000012003F00DFAFFFF0A4601460148FBF71B
:10DA200077B800BFB01E0020024A136801331360AC
:10DA3000704700BF881900200121FCF7FDBE704728
:10DA400038B5054C2568054423689D4202D9FFF787
:10DA5000F6FFF9E738BD00BF8819002030B5164B36
:10DA6000164C196A164B87B0012203930323CDE9A4
:10DA700001230025134B04951B68C1F3026083400A
:10DA8000C1F30221CB4020464FF4FA51B3FBF1F32E
:10DA9000294600932B46FDF729F92A4608212046FE
:10DAA000FDF772FB2046FDF7D9FA204607B0BDE826
:10DAB0003040FDF7FABA00BF00E0014050190020E5
:10DAC00029DA0000C0070020014B1868704700BF2A
:10DAD000881900200148FDF7FDB800BF501900204B
:10DAE0000148FDF735BB00BF5019002070B500F1AB
:10DAF00010050446284600F00CFE3F2815D9E178B1
:10DB0000002000F05FFF80B1284600F002FE3F28B1
:10DB1000E17807D904F50A7240230020BDE870407F
:10DB200000F06CBF002000F05BFF002070BDFFFF25
:10DB300010B5044600F0DEFE08B9002010BD00F06C
:10DB4000E1FE0028F9D1044B4FF42A7202FB0434A1
:10DB5000207900F00100F1E78C19002008B5044A93
:10DB60004FF42A7303FB0020103000F0BBFD08BD0A
:10DB70008C19002070B54FF42A730A4C58434FF6A5
:10DB8000FE764FF6FF732518B24288BF1A46103052
:10DB900092B2204400F0DEFD04462846FFF7A6FFBF
:10DBA000204670BD8C190020034A4FF42A7303FBF2
:10DBB0000020103000F0E1BD8C1900202DE9F0416B
:10DBC000054600F097FE10B90020BDE8F08100F096
:10DBD00099FE07460028F7D14FF42A746C43174D7D
:10DBE00004F11C062E44304600F07CFD0028EBD0EA
:10DBF00005EB0408384698F8021000F0E3FE002810
:10DC0000E2D004F51A74254429464022304600F03B
:10DC1000A1FD98F80210044658B103462A4638463A
:10DC200000F0ECFE38B9064B1B68DB07CCD500BE14
:10DC3000CBE700F0D5FE2046C7E700BF8C190020D7
:10DC4000F0ED00E00E4B70B54FF42A7404FB003485
:10DC500005464FF6FF734FF6FE70824288BF1A46A4
:10DC60001C3492B2204600F08CFD0646204600F09F
:10DC700039FD3F2802D92846FFF7A0FF304670BD86
:10DC80008C19002008B5044A4FF42A7303FB0020C6
:10DC90001C3000F03EFD08BD8C19002013B5134C5C
:10DCA0004FF42A720021204603F095F9FF23637197
:10DCB0004FF4E133A36008220023A381A2730093F1
:10DCC00004F1280101234FF4807204F1100000F0E8
:10DCD000F2FC012300934FF4807204F5947104F177
:10DCE0001C0000F0E8FC02B010BD00BF8C19002041
:10DCF00010B50A4C00210522204603F06CF904F10E
:10DD000010001C3400F043FD204600F040FD20468A
:10DD10000121BDE8104000F03FBD00BF8C1900207C
:10DD2000F7B54B79022B074603D00024204603B0F9
:10DD3000F0BD8B79022BF8D11F4EB3787BBB8B786B
:10DD400033700D7809240D4403E02B781C44A4B2F1
:10DD50001D446B78242B1BD19442F6D96B78042B8D
:10DD600012D16B790A2B0FD1144B2E78019301330A
:10DD7000009302231A46A919384600F0EFFD70B14E
:10DD80000E3416FA84F4A4B20B48FFF7AFFECDE7C9
:10DD9000052BE3D12946384600F0BCFD28B9084BD5
:10DDA0001B68DB07C1D500BEBFE7AB7873702B786B
:10DDB0001C44A4B21D44D1E78C1900208E19002008
:10DDC000F0ED00E038B50B461146127802F0600223
:10DDD000202A47D1244A8C881578A54242D14C7814
:10DDE000203C032C3ED8DFE804F002141731012B4D
:10DDF00005D107231D4A01F097F9012038BD032BF7
:10DE0000FBD11B4B002BF8D01849002001F0CCFEB1
:10DE1000F3E7012BF1D1ECE7012B02D101F06CF912
:10DE2000EBE7032BE9D14C881471E14301F00101C8
:10DE3000104800F0B1FC104B002BDED0C4F34002C0
:10DE400004F00101002001F09BFED6E7012BE5D094
:10DE5000032BD2D1094B002BCFD049880020AFF340
:10DE60000080CAE70020C9E78C190020941900201F
:10DE7000A9FB0000A819002081FB000000000000A1
:10DE80002DE9F0471C46374BDA788A4280460F4628
:10DE90001D4607D09B788B4259D1AB78BB4234D01A
:10DEA00001245BE003F50A7103F11000A2B200F057
:10DEB00068FC2D4B2BB92D4BFBB92A48FFF716FEFA
:10DEC000EBE795F905300133F5D005F2272606EB8F
:10DED0000409A6F2172A4E45EDD095F9052016F84B
:10DEE000013F9A42F7D1504600F00CFC0028F2D1D5
:10DEF00095F90510AFF30080EDE71D4800F002FC36
:10DF00000028DAD1AFF30080D7E71A4B13B1002015
:10DF1000AFF300800020FFF751FE0028C0D1164863
:10DF200000F0E0FB0028BBD1002CB9D014F03F0674
:10DF3000B6D1A978404600F045FD04460028AFD090
:10DF400033463246A978404600F058FD06E00B4BB8
:10DF50001C6814F0010401D000BE00242046BDE876
:10DF6000F08700BF8C1900200000000000000000B6
:10DF70009C19002000000000A8190020F0ED00E02E
:10DF8000704770478B79012B0AD1CB79012B07D1D0
:10DF90000B78CA185278212A04D1C85C093070471E
:10DFA0000020704709207047012973B506461446C2
:10DFB0002AD1137803F01F05012D11D113F060034E
:10DFC00008D152780B2A0BD1214601F095F828464A
:10DFD00002B070BD202B03D153781BB1032B07D0A7
:10DFE0000025F4E7114601F087F801F093FDEEE714
:10DFF00006220021684602F0EEFF06236A4621460B
:10E00000304601F091F8E2E70125E0E78C2200219B
:10E01000014802F0E0BF00BF341C00200020FFF7E1
:10E02000F5BFFFFF2DE9F7430E4607467379032B33
:10E03000114604D00024204603B0BDE8F0833279B5
:10E04000C2EBC2041234A4B28C4205D9234B1B6824
:10E05000DA07EFD500BEEDE7214D95F801E0A846BF
:10E06000BEF1000FF2D196F800C006EB0C0191F85A
:10E070000190B9F1210FE9D1C5F8881016F80CC04C
:10E0800005F1010E0235CDF804E00095614400F081
:10E0900065FC0028DAD0B37998F80210012B04BF90
:10E0A000F37988F80330012388F80430B37888F8CE
:10E0B0000030D8F88830B3F80730A8F806300029C7
:10E0C000B9D04023074A384600F098FC0028B2D166
:10E0D000024B1B68DB07AED500BEACE7F0ED00E0FD
:10E0E000341C00207C1C002013782DE9F3411546D8
:10E0F00003F01F02012A06460C4601D000246DE001
:10E10000DFF8C081AA8898F80010D2B29142474641
:10E11000F4D113F060031FD0202BEFD16B78013BBB
:10E120000A2BEBD801A252F823F000BF9FE10000B8
:10E1300067E2000073E20000FDE00000FDE0000087
:10E14000FDE00000FDE00000FDE00000F9E100005E
:10E1500043E200007FE20000012C01D001243DE0F9
:10E160006A78062ACAD16A88120A212A0AD1D8F8FE
:10E170008820002AC2D01378294602B0BDE8F041B9
:10E1800000F0D2BF222AB9D1184601F057FDB8F8E5
:10E19000063002462946304600F0C6FF1EE0012C3C
:10E1A000DCD1EB886988402B4FEA1122184628BF42
:10E1B000402011F0FF0115D0012B13D90138384B45
:10E1C000397280B20090002001F096FD0444A4B2A0
:10E1D0005CB9344B1B68DB0790D500BE204602B00B
:10E1E000BDE8F0810024304BECE723462E4A294657
:10E1F000304600F099FFB1E7012C05D1EB88402BA8
:10E200003FF67CAF294AC5E7032CA7D1EB88698884
:10E21000402B4FEA1122184628BF402011F0FF0181
:10E220000DD0012B0BD997F848308B4207D101381C
:10E230001F4B80B20090002001F060FD8EE71B4B69
:10E24000F8E7012C8AD169881A4B090A79712BB138
:10E250000020AFF3008000283FF450AF294630463D
:10E2600000F04AFF7AE7012C7FF478AF2346124A88
:10E2700090E7012C7FF472AF2346104A8AE7012C05
:10E28000ECD0032C7FF46AAF69880D4BC9B23971A9
:10E29000002B3FF463AF0020AFF300805EE700BFC8
:10E2A0003D1C0020F0ED00E03C1C00207C1C002008
:10E2B0007D1C002000000000391C0020381C0020BC
:10E2C00000000000341C002037B51A4CA2788A42A6
:10E2D0000546607813D088420AD1174A12B9012046
:10E2E00003B030BD9AB215490020AFF30080F6E7C5
:10E2F000134B1B68DB0700D500BE0020F0E79042FF
:10E30000EBD000229BB211461046009304F1480363
:10E3100001F0F4FC402304F14802A178284600F003
:10E320006DFB0028DBD1064B1B68DA07E5D500BE84
:10E33000D6E700BF341C0020000000003C1C002079
:10E34000F0ED00E00A4492B291424FEA400001D859
:10E35000824201DB121A92B21046704738B50D4660
:10E36000D41A8188A4B29A423CBF04EB4104A4B2FF
:10E37000BCB1A14205D2914294BF531A8B189BB2F3
:10E38000438199420AD9C2880168C2F30E0202FB96
:10E390000311284602F0FBFD012038BD5B1A9BB239
:10E3A000EFE72046F9E7F7B50446900803460D4627
:10E3B0004FF6FF76013B9BB2B3420ED112F003023F
:10E3C00001EB800107D002A8002340F8043D02F0D1
:10E3D000DEFD019B236003B0F0BD55F8047B276090
:10E3E000E8E72DE9F3470F46BDF8281084885E1A48
:10E3F000B6B28B423CBF06EB4406B6B280466EB363
:10E40000B44206D29C4294BF191BE11889B24181E3
:10E410002646964228BF16468C4223D9B8F80630C5
:10E42000D8F80050C3F30E03641A9AB2A4B202FBE8
:10E4300001559DF82C10A6EB040914FB03FA19FBF7
:10E4400003F901291FFA8AFA1FFA89F918D0A6429E
:10E450000BD872432946384602F099FD304602B087
:10E46000BDE8F087091B89B2D6E7524629463846EF
:10E4700002F08DFD4A46D8F8001007EB0A00EBE7E2
:10E48000A64207D816FB03F292B229463846FFF798
:10E490008AFFE3E72AF00304A4B22246294638465D
:10E4A000FFF781FF1AF0030A28D0CAF104039BB2D8
:10E4B0004B4505EB040102AC28BF4B460020A9EBFD
:10E4C000030944F8040D1FFA89F90A5C0255421C3D
:10E4D00092450CD1D8F8001020440B44994208D141
:10E4E000019B3B60B9F1000FB8D04A46CEE7104619
:10E4F000EBE711F8012B00F8012FEFE7D8F8001037
:10E50000F0E7F7B59408234605464FF6FF76013B42
:10E510009BB2B3420CD112F0030200EB840005D091
:10E520000B6802A941F8043D02F031FD03B0F0BDD3
:10E530000F6845F8047BEAE72DE9F74F1446C279E6
:10E540000589B0F804800F4641899B46D3090646E9
:10E55000ADB289B215D18D4236BFC1EB4801691AFF
:10E56000491989B2414536BFA8EB0101002189B2A2
:10E570008C4228BF0C46002C50D1204603B0BDE889
:10E58000F08F44450CD3BBF1000F06D1C288A4EB39
:10E590000804C2F30E0202FB04770D464446EAE784
:10E5A0008D424FEA480036BF421A6A1A521992B297
:10E5B00022448242DFDBA8EB040292B24046FFF71E
:10E5C000C1FE0546D7E7ACEB080C1FFA8CFCC4452E
:10E5D000F9D2A8EB0C01F088336889B2C0F30E00C1
:10E5E000A4EB010982B211FB00FA19FB00F9BBF19F
:10E5F000010F1FFA8AFA1FFA89F902FB0C3819D0A9
:10E600008C420DD862433946404602F0C0FC224697
:10E610002946B088FFF796FE3081AEE7AC46D6E7D4
:10E6200052463946404602F0B2FC4A4607EB0A0120
:10E630003068EAE78C4207D814FB00F292B2394600
:10E640004046FFF75EFFE2E72AF0030B1FFA8BFB61
:10E650005A4639464046FFF754FF1AF0030A28D0BD
:10E66000CAF1040080B2484502AB28BF48463A6868
:10E6700043F8042DA9EB0009D8441FFA89F90021B9
:10E68000CA5C08F8012001318A45F9D19A443368FF
:10E690000AEB00015A1E514506D11844B9F1000F8A
:10E6A000B5D04A463946CCE71AF801CB02F801CF7B
:10E6B000F1E73068F2E7B2F5004F11D88280C288E6
:10E6C000016063F30E029DF80030C280C2F307229E
:10E6D00063F3C71200234381C27103810120704795
:10E6E000002070470389428981889BB292B293428D
:10E6F00036BFC2EB41029B1A9B1898B2884228BFD2
:10E7000008467047028943899BB29B1A5842584178
:10E7100070478288038940899BB280B2834236BFAA
:10E72000C0EB4200181AC01880B2824286BF101A8D
:10E7300080B20020704710B5028943890446FFF774
:10E740000DFE6189034682B2A088FFF7FBFD608160
:10E75000184610BD73B5038945890026CDE90056DA
:10E760000446FFF73EFE618903460246A088FFF794
:10E77000E9FD6081184602B070BD02894389FFF748
:10E78000EDBD12B10023FFF7D7BE1046704700233E
:10E790004381038101207047C37961F3C713C371BB
:10E7A0000120704708B5034640890A46014698880B
:10E7B000FFF7C8FD588108BD70B505894389848875
:10E7C000ADB29BB29D4236BFC3EB4402EA1A521966
:10E7D00092B2944206D2AC4294BF2B1B63199BB2F7
:10E7E000438122462AB9C1E900228A6070BD2D1BEF
:10E7F000ADB2AC42FBD99C420AD90068AB4200EBF7
:10E8000003064E6007D200230A804B808B60EDE741
:10E810001B1B9BB2EFE7E31A9BB2D21A0B804A8014
:10E820008860E3E70A4B1B78834206D9094B1B68D3
:10E8300000EB400003EBC00070479A1C8242A1BF6E
:10E84000C01A054B182202FB0030B8BF00207047E9
:10E85000C41C0020C01C0020A067010070B5134D2F
:10E86000064600242B78E0B20233834210DA3B22C2
:10E8700000210F4802F0AFFB1022FF210D4802F0EB
:10E88000AAFB1422FF210C48BDE8704002F0A3BB94
:10E89000FFF7C8FF013428B9084B1B68DB0700D518
:10E8A00000BE70BD436830469847DBE7C41C0020BB
:10E8B000C51C0020C81C0020D81C0020F0ED00E082
:10E8C00070B50C4605461646086800F06DFC2368D6
:10E8D000324628460121BDE870401847044B1B789A
:10E8E00010B1184600F060BE184600F073BE00BFBD
:10E8F0000C000020024B5878003018BF01207047F0
:10E90000C51C0020024B1878C0F38000704700BF80
:10E91000C51C002038B58B7803F07F03092B0C460B
:10E9200006D90B4B1B68DB0700D500BE002038BDA5
:10E93000084B1D78084B2046997800F0FFFF00280F
:10E94000EFD021462846BDE8384000F05FBE00BF4A
:10E95000F0ED00E00C000020C51C00202DE9F04780
:10E96000DDE9085680460C4691469A460027B9458F
:10E9700001DC01200CE06378052B04D1E17801F083
:10E980000301514508D00E4B1B68DA0702D4002062
:10E99000BDE8F08700BEFAE721464046FFF7BAFF20
:10E9A00028B9074B1B68DB07F1D500BEF0E7A1785B
:10E9B000CB0914BF31702970237801371C44D6E786
:10E9C000F0ED00E0CB0901F07F00273303EB4003BB
:10E9D00002480021184400F089BF00BFC51C002078
:10E9E000CB0901F07F00273303EB400302480021ED
:10E9F000184400F092BF00BFC51C002038B5154C6C
:10EA000001F07F0504EB450404EBD1142034E079D8
:10EA1000C00707D5104B1B68DA0701D4002038BDAA
:10EA200000BEFBE7E5790D4845F001050078E5718A
:10EA300000F0D2FE0028F2D1E37960F30003E37125
:10EA4000E37960F38203E371034B1B68DB07E5D5D1
:10EA500000BEE4E7C51C0020F0ED00E00C00002043
:10EA600010B50C4C01F07F0204EB420404EBD1140E
:10EA70002034E3799B070BD4074B187800F0D0FEC5
:10EA8000E37943F00203E371E37943F00103E371B7
:10EA900010BD00BFC51C00200C00002010B50C4CA0
:10EAA00001F07F0204EB420404EBD1142034E3793B
:10EAB0009B070BD5074B187800F0DEFEE3796FF368
:10EAC0004103E371E3796FF30003E37110BD00BF0D
:10EAD000C51C00200C0000202DE9F04FBA4B1B781C
:10EAE000FF2B89B000F09982B84B1D682C4600209E
:10EAF00054F8043B9847204605A9FFF71CFE2B68F5
:10EB0000044601209847002C00F087829DF81530BC
:10EB1000013B072B00F2AE82DFE813F00800130080
:10EB2000AC028A0299021F005802A5029DF8140047
:10EB3000FFF794FE00F030FBA54B9DF818209A706B
:10EB4000D2E79DF81400FFF789FE00F025FBA14BEA
:10EB5000002BC9D0AFF30080C6E79D4C9DF8145040
:10EB6000237843F00103237094F827306FF30003F8
:10EB700084F8273094F827306FF3820384F8273025
:10EB800094F828306FF3000384F8283094F8283084
:10EB90006FF3820384F82830002000F005FB9DF815
:10EBA000187007F06008B8F1600F0FD18A4B1B682E
:10EBB000DC0700D500BE9DF81400002100F030FEF7
:10EBC00080219DF8140000F02BFE8DE7B8F1400F76
:10EBD0000DD182480028EED000F0E6FA06AA012105
:10EBE0002846AFF3008000287FF47EAFE3E707F00C
:10EBF0001F07012F00F0938119D3022FD6D19DF862
:10EC00001C1001F07F06092ED0D804EB460606EB57
:10EC1000D116F07CFFF706FE8146B8F1000F00F038
:10EC2000AA810028C7D006AA00F10C010FE0B8F1B4
:10EC3000200F10D19DF81C300F2BBCD81C44E0785D
:10EC4000FFF7F0FD0028B6D006AA00F10C01284617
:10EC5000FFF736FEC7E7B8F1000FA7D19DF81930CE
:10EC6000092BA3D801A252F823F000BF07EF000040
:10EC7000F5EE0000ADEB0000E1EE0000ADEB0000B2
:10EC800095EC000021EE0000ADEB0000AFEC0000C1
:10EC9000C3EC000006A800F08DFA9DF81A10284673
:10ECA00000F0B2FC237843F0020323701CE708AAAB
:10ECB000637802F80E3D012306A9284600F034FAD5
:10ECC00012E79DF81A906378994531D063783BB18B
:10ECD000284600F067FDA6782846FFF7BFFDA6701E
:10ECE000B9F1000F00F0968009F1FF30C0B200F0DA
:10ECF000B3FF10B14378022B06D0374B1B68DF07F8
:10ED00007FF554AF00BE51E7C2792378511161F30A
:10ED10000413921162F3451323704388C31800F162
:10ED200009060293029BB34209D82D4B002B6ED1EA
:10ED300084F8019006A9284600F0DEF9D4E673783D
:10ED40000B2B03BF337896F80380F6184FF00108B9
:10ED50007378042BD1D1029B9B1B9BB2039300239E
:10ED60000193204B9DF804701B780233BB4225DBD6
:10ED70003846FFF757FD83460028BED08368039AC4
:10ED8000314628469847082882463DD9039B83424E
:10ED90003AD3B8F1010F06D1DBF80820124B9A42A2
:10EDA00008BF4FF002080022D3B2434520D33146BA
:10EDB0003B4652460D4800F0F1FD5644094B1B7886
:10EDC00002339F42AEDD98E70C000020001D0020BA
:10EDD000C51C002000000000F0ED00E00000000075
:10EDE00000000000C41C002021DD0000D81C002011
:10EDF000B1780B44A34951FA83F30132D978FF2942
:10EE00007FF47BAFDF70CFE7019B0133A8E7AFF35F
:10EE100000808DE79C4B002B8AD0AFF3008087E702
:10EE2000BDF81A00030A5A1EC0B20E2A3FF6C3AE3E
:10EE300001A151F822F000BF75EE00009FEE000026
:10EE4000BFEE0000B7EB0000B7EB0000D3EE000010
:10EE50009FEE0000B7EB0000B7EB0000B7EB00003F
:10EE6000B7EB0000B7EB0000B7EB0000B7EB00001A
:10EE70007FEE000000F0DAFE122302460AE0834B28
:10EE8000002B3FF498AEAFF30080024600283FF419
:10EE90008DAE438806A9284600F046F9A3E6022B6A
:10EEA00006D100F0D9FE00283FF480AE4388E4E7A5
:10EEB000774B002B3FF47FAEAFF30080F3E7BDF854
:10EEC0001C1000F0CFFE024600283FF474AE037819
:10EED000E0E7704B002B3FF46EAEAFF30080F2E73B
:10EEE000BDF81A30012B7FF466AE237843F0080397
:10EEF00023701FE7BDF81A30012B7FF45CAE237836
:10EF00006FF3C303F4E72378C3F340129B0803F0C5
:10EF10000203134308AA22F80E3D0223CCE69DF813
:10EF20001C300F2B3FF647AE1C44E078FFF77AFC0D
:10EF300000283FF440AE00F10C0106AA2846FFF776
:10EF4000BFFC00287FF4D0AD9DF8183013F06004AA
:10EF50007FF431AE9DF819300A3B012B3FF62BAE02
:10EF600000F022F99DF819300A2B7FF4E3AE08AACD
:10EF700002F80E4D9FE69DF81930012B03D01DD3EA
:10EF8000032B7FF413AEBDF81A2022B9012B2846BB
:10EF900019D1FFF783FDB9F1000F3FF4A5AD06AA23
:10EFA00009F10C012846FFF78BFC002000F0FCF86B
:10EFB00094F82830DE073FF597ADBBE696F827308A
:10EFC000C3F34003A6E7FFF74BFDE4E79DF81810F5
:10EFD0002C4B01F07F0403EB440303EBD11393F8B4
:10EFE00027006FF3000083F8270093F827006FF3E2
:10EFF000820083F827003CB9079B9DF819209DF8F3
:10F00000140000F0E3F86FE5D87CFFF70BFC38B98B
:10F01000214B1B68D80700D500BE09B0BDE8F08FB2
:10F020000469079B9DF819209DF81400A0475BE533
:10F03000144B1A78D1077FF557AD184A002A3FF4D0
:10F0400053AD1878C0F3C000AFF300804CE50D4B12
:10F050001B78DA077FF548AD114B002B3FF444AD28
:10F06000AFF3008040E5069B002B3FF43DAD0798D1
:10F07000984739E5084B1B68DB077FF535AD00BEC7
:10F0800032E500BFC51C00200000000000000000A9
:10F090000000000000000000F0ED00E000000000B3
:10F0A00000000000124B9989DA8970B58C1AA4B25D
:10F0B000054693F90000402C28BF4024002809DAB7
:10F0C000914212D099680B48224601F060FF8021DE
:10F0D000084A04E091424FF00001F9D10022234692
:10F0E0002846BDE87040FFF789BC8021F6E700BFE5
:10F0F000041D0020181D002030B40A4C05460A46A5
:10F1000008684968234603C30023C4E9023392F91F
:10F1100000209A4228461A46ACBF8021194630BCCE
:10F12000FFF76CBC041D0020F8B5194D0C460746CE
:10F1300008684968AA602E4603C60021E981E18873
:10F140008B4228BF0B46AB8179B143B13AB9114B21
:10F150001B68DA0701D40020F8BD00BEFBE7384683
:10F16000FFF7A0FF68B10120F6E794F90030002B0B
:10F170000A460B463846ACBF80210021FFF73EFC13
:10F18000F0E7044B1B68DB07E5D500BEE4E700BFF2
:10F19000041D0020F0ED00E014220021014801F0E0
:10F1A0001ABF00BF041D0020014B1861704700BF4B
:10F1B000041D00200146044A00684968134603C341
:10F1C0000023C2E902337047041D002070B52F4CA4
:10F1D0001E462378C909B1EBD31F054616D03EB1B0
:10F1E0002B4B1B68DA0701D4002070BD00BEFBE783
:10F1F000284B13B12146AFF3008023690BB90120DE
:10F20000F3E7224A032128469847F8E794F90030AB
:10F21000002B06DBA0680028E6D032461E4901F02C
:10F22000B6FEA368E28933443244A360E38892B215
:10F230009342E28101D03F2E24D823699BB994F9EF
:10F240000030002B4FF000031A46ACBF8021194656
:10F250002846FFF7D3FB0028D1D10D4B1B68DB07F5
:10F26000C2D500BEC1E70221084A28469847014698
:10F270000028E4D1284600F0D3FA8021284600F087
:10F28000CFFABCE72846FFF70DFFE4E7041D002096
:10F29000F0ED00E000000000181D002030B503462E
:10F2A0008518EC1A012C09D854086FF0010303FBF0
:10F2B000042212B110F814300B7030BD33F8024B39
:10F2C0000C80EEE7F0B585B00F4601A9154606465D
:10F2D000FFF772FABDF804400298AC4228BF2C46F2
:10F2E0002D1B22463946ADB2FFF7D8FF55B1BDF808
:10F2F000063003989D4228BF1D462A46FFF7CEFFE1
:10F300002C44A4B221463046FFF74CFA05B0F0BDBC
:10F310002DE9F843174BDC8881461F4634B91C7031
:10F320005C709C70DC700120BDE8F883B0F85E80F2
:10F3300008F07F084445254628BF45464DB11E6864
:10F340005B7ADB0700F114012A4630460DD5FFF742
:10F35000B9FF454538BF4FF40043A4EB050438BF5F
:10F36000A9F82230FC800020DEE72E44FFF796FF4C
:10F370003E60EEE7581D002070B50446BDF8105001
:10F38000FAB14FF484602084208C8606FCD517489F
:10F39000467A858061F300064672C580EDB1036050
:10F3A000BAB1B4F86030DB0B03D0B4F854301B06AC
:10F3B0000CD40F4B186810F0010001D000BE0020E3
:10F3C00070BD0284208C8006FCD4E0E72046FFF765
:10F3D0009FFF0120A4F86000F2E705230570457047
:10F3E0008570C570A4F860300120E9E7581D002041
:10F3F000F0ED00E02DE9F84F314E0C2303FB0163E3
:10F400000546B3F806800C46B8F1000F17D131B1AC
:10F4100001F1370235F812305904FBD404E0294BCE
:10F420001B68D80700D500BE0C235C4332190023AB
:10F430003355012053709370D370BDE8F88F8BB2B1
:10F4400043F480620285A0F86430B0F86CA01FFA23
:10F450008AFA2B8D03F00F039C42FAD16B8D9A042C
:10F46000FCD5D045474628BF574687B14FF00C0B17
:10F470000BFB04FB06EB0B0305F1180153F8089B8B
:10F480005B78DB073A46484613D5FFF71BFF574525
:10F490003CBF4FF400436B8500232B85288D10F073
:10F4A0000F00FBD10C2303FB0464A8EB0707E780E4
:10F4B000C3E7B944FFF7F2FE46F80B90E7E700BF59
:10F4C000581D0020F0ED00E02DE9F843DFF8D4C02E
:10F4D000BDF82050D7098E4602F07F020CEB0711D1
:10F4E0000A44044692F8781041B92D4B186810F080
:10F4F000010001D000BE0846BDE8F8830C224A4353
:10F500000CEB02064CF8023096F80990B5806EF3C9
:10F51000000986F80990F580BFB11DB1FFF76AFFB9
:10F520000120E9E78BB20385238D03F00F03994295
:10F53000FAD1638D9E04FCD54FF40043638500230C
:10F540002385238D1D07FCD1EAE74B1E042BE7D84A
:10F5500001F1230610EB8603E2D08AB200EB4101F1
:10F56000A0F86420B0F86C20B1F86E00800718BFD6
:10F57000A1F86E7014F82600002004F8260092B25C
:10F580005878154401205870013D95FBF2F55D80D7
:10F590005A7842F002025A70A1F86E00ACE700BF40
:10F5A000F0ED00E0581D0020084B03EBC00042685E
:10F5B00053B2002B08DB012102F01F0201FA02F214
:10F5C0005B09034941F82320704700BF1000002069
:10F5D00000E100E00A4B03EBC000426853B2002B8D
:10F5E0000DDB01215B0902F01F0201FA02F2203358
:10F5F000044941F82320BFF34F8FBFF36F8F70474B
:10F600001000002000E100E07047FFFF2DE9F84FF7
:10F61000CE78B1F804A006F00306012E8046CAF3A6
:10F620000A0A04D1BAF5807F06D9002060E0022ED4
:10F6300004D067D8012E70D13F4B0CE03E4B93F8BD
:10F640002C20002A56D093F83820002A54D093F862
:10F650004420002A52D01A7D002A51D093F820303D
:10F66000002B5AD102248978344B334A53F838702E
:10F670004FEAD1194FEA09150C2303FB042301F0CB
:10F680007F0B2A445A441972404682F87840FFF7AB
:10F69000A1FFA3B207EB4402A7F864304FF4407314
:10F6A000A7F86CA0022EA2F86E304FF00003A2F86B
:10F6B0006E3045EA0B0337D143F485439BB2A7F87C
:10F6C0006830012303FA04F4A4B284F4FF715940B2
:10F6D000A7F84610F98E0C43FC86B9F1000F01D152
:10F6E000022E01D0A2F86E304046FFF75DFF0120E8
:10F6F000BDE8F88F0324B6E70424B4E70524B2E795
:10F700000124B0E70C4B06240C2202FB0430007AE3
:10F710000028A8D001340A2CF7D1094B186810F042
:10F720000100E5D000BE80E7032E0CBF43F4004388
:10F7300043F44243C2E700BF581D002010000020E0
:10F74000F0ED00E0154B70B553F83050144BE88ED7
:10F7500001F07F06C90909015A183244012492F8C0
:10F760007820944020EA0400E8869AB102F1370438
:10F7700005EB44040020208094B2A5F864400C24DA
:10F7800004FB02320B443344A5F8680083F8780088
:10F79000107270BD05F16004ECE700BF100000209E
:10F7A000581D0020F8B50546FFF714FF094E0A243E
:10F7B0000C27013C04D12846BDE8F840FFF7F4BE11
:10F7C00007FB0463197A0029F3D02846FFF7BAFF34
:10F7D000EFE700BF581D00202DE9F34198460F4B7D
:10F7E0000C46174653F830600546FFF7F3FE14F059
:10F7F0007F01CDF800803B4622460AD13046FFF714
:10F80000BBFD04462846FFF7CFFE204602B0BDE808
:10F81000F08100213046FFF757FEF2E7100000208C
:10F8200038B5134B11F07F02054653F830401BD01A
:10F83000CB09104901EB0311114491F878309BB1C9
:10F84000373304EB43048CB12846FFF7C3FE23880B
:10F8500003F0030343F0020323800223238028469E
:10F86000BDE83840FFF7A0BE6034ECE738BD00BF0C
:10F8700010000020581D00201A4B2DE9F04111F016
:10F880007F0807460E4653F8305016D0164ACB096B
:10F8900002EB0313434493F8784074B1373405EB1B
:10F8A0004404ECB13846FFF795FE4FF48073238093
:10F8B000F30905D0012323800DE005F16004F0E792
:10F8C000094B434493F87830A5F86430B5F86830B4
:10F8D0009B0B012BEED13846BDE8F041FFF764BE2B
:10F8E000BDE8F08110000020581D0020037813F0BF
:10F8F000010310D10278C2F3800262B9037813F0D9
:10F90000010308D10278530705D4037843F00403B8
:10F91000037001207047002070470378C3F3800311
:10F920004BB1027812F0010105D1027861F3820235
:10F9300002701846704700207047FFFF8388C07828
:10F9400000F003000228C3F30A0312D01BD80128D9
:10F950000DD1022940F2FF3208BF4FF480629A4273
:10F960000DD20D4B186810F0010008D000BE002029
:10F970007047022904D1B3F5007FF2D1012070470E
:10F98000402BEED8FAE702290CBF4FF480624022E8
:10F990009A42E6D3F2E700BFF0ED00E030B50A444A
:10F9A000914200D330BD4C78052C06D18C7804F000
:10F9B0007F0500EB4505E4092B550C782144EFE762
:10F9C0000368DB691847037C0BB901230374704794
:10F9D000704713B502AB026803F8011D546819465D
:10F9E0000122A04702B010BD007C10B10020FEF73C
:10F9F000B5B87047007C10B10020FEF743B97047DE
:10FA0000037C13B10020FEF7D9B8704707B5007C1E
:10FA100038B10DF107010020FEF7C6F820B19DF8BE
:10FA2000070003B05DF804FB4FF0FF30F9E710B5B5
:10FA300004460020FEF77CF800B9607C10BD037C12
:10FA400007B513B94FF0FF3012E0FFF7F0FF0028C1
:10FA5000F8D00020FEF782F80028F3D001220DF143
:10FA600007010020FEF786F80028EBD09DF807007C
:10FA700003B05DF804FB037C2DE9F041884617468E
:10FA800023B3FFF7D4FF08B30020FEF727FF3D465E
:10FA90000024FDB10020FEF7F5F830B90120FEF793
:10FAA0001DFF0020FEF78AF8F3E7A842024608EBA4
:10FAB000040128BF2A460020FEF7C4F806460120AC
:10FAC000FEF70CFF1EB13444AD1BEAE700242046CC
:10FAD000BDE8F0813C46FAE738B5037C04460BB933
:10FAE000002038BD4FF0FF300021FEF7F5FF204623
:10FAF000FFF79DFF0028F3D0054D2C78002CF0D0A7
:10FB00000A20FDF79DFF00232B702046E9E700BF88
:10FB10001800002030B5164B16494AF20252A3F8DD
:10FB2000FE23154A8BB011604FF42542A3F8FE2343
:10FB300006238DF81430052301248DF8153005A90E
:10FB4000032301A88DF816308DF817308DF8184072
:10FB50008DF81940F7F726FD054601A8F7F74EFD89
:10FB6000064B0E2D1C7000D1FEE70BB030BD00BF60
:10FB700000E001403581730700E50140181E0020B8
:10FB8000064B1970064B1A70064B1B68B3F5966F3F
:10FB900002D109B9FDF7A8BA704700BF081E0020BE
:10FBA000091E0020041E00200A4A0B6813600A4A3E
:10FBB00048791060094A08791060094A897911600A
:10FBC000B3F5966F04D1074B1B780BB9FDF78CBAD0
:10FBD000704700BF041E0020141E0020101E0020CD
:10FBE0000C1E0020081E0020054B00224FF47A71E5
:10FBF000C3E90121034919601A745A74704700BFA0
:10FC0000F01D0020F067010010B501F1080400F0BC
:10FC10000F02D3B2092ACCBF3733303304F8013D89
:10FC2000A1424FEA1010F2D110BDFFFF024800239D
:10FC300003714371837170471900002007B50548AF
:10FC40000023019310B101A8AFF3008003B05DF869
:10FC500004FB00BF00000000014B1868704700BFA4
:10FC60001C1E002070B5204C94F900300546B3B935
:10FC70001E4B1B6803F1140658692146FFF7C4FFA9
:10FC800004F108017068FFF7BFFF04F11001B068CC
:10FC9000FFF7BAFF04F11801F068FFF7B5FF5DB98F
:10FCA000134B40F209425A800123013310485B0094
:10FCB00043F44073038070BD052D12D80D4B0C4CDE
:10FCC00053F825100122013911F9010F531EDBB23F
:10FCD0000028EAD024F812000132212AF4D120238E
:10FCE000E3E70020E7E700BF621E00209CB17F40F1
:10FCF000201E00201C680100002070477047FFFF95
:10FD0000F8B500260F4604461546068046808680D4
:10FD1000F7F7F7FB874216D8304901EBC7013346A6
:10FD20004868F2B230F812101DB901F03E020A2AFA
:10FD300004E0012D09D101F03E02082A0BD00A048B
:10FD400006F10106EDD52046F8BD022D08D101F0DF
:10FD50003E02042AF1D15A1C24F81310D3B2EEE764
:10FD6000032D04D101F03E02062AE0D1F3E7042D71
:10FD700002D101F03A02E0E7052D02D101F03A028A
:10FD8000D5E7062D03D101F03E02102AD6E7072D54
:10FD900005D101F03E02122ADDD0182ACEE7082D47
:10FDA00003D101F03E02022AC8E70A2D03D101F077
:10FDB0003E02142AC2E70B2D03D101F03E021C2A99
:10FDC000BCE70C2D03D101F03E021A2AB6E70D2D37
:10FDD000B5D101F03E021E2AB0E700BFB45C0100BD
:10FDE00001F05CB8FFF7FCBF0368DB0706D443787B
:10FDF00003B1FFDE012343701846704700207047AF
:10FE000001230360704710B5002814BF0446012485
:10FE1000204601F03BF830B900F00CF808B900F0CA
:10FE2000F5FF8047F4E710BD08B500F0EFFF08B517
:10FE300000F0ECFF024B1868BFF35B8F704700BF08
:10FE4000A41E002081F0004102E000BF83F00043C7
:10FE500030B54FEA41044FEA430594EA050F08BF65
:10FE600090EA020F1FBF54EA000C55EA020C7FEA29
:10FE7000645C7FEA655C00F0E2804FEA5454D4EBA6
:10FE80005555B8BF6D420CDD2C4480EA020281EA70
:10FE9000030382EA000083EA010180EA020281EAA8
:10FEA0000303362D88BF30BD11F0004F4FEA0131FA
:10FEB0004FF4801C4CEA113102D0404261EB410109
:10FEC00013F0004F4FEA03334CEA133302D052428F
:10FED00063EB430394EA050F00F0A780A4F101044B
:10FEE000D5F1200E0DDB02FA0EFC22FA05F2801885
:10FEF00041F1000103FA0EF2801843FA05F359416B
:10FF00000EE0A5F120050EF1200E012A03FA0EFCE9
:10FF100028BF4CF0020C43FA05F3C01851EBE37113
:10FF200001F0004507D54FF0000EDCF1000C7EEB30
:10FF300000006EEB0101B1F5801F1BD3B1F5001F6E
:10FF40000CD349085FEA30004FEA3C0C04F101048D
:10FF50004FEA445212F5800F80F09A80BCF1004FB6
:10FF600008BF5FEA500C50F1000041EB045141EA38
:10FF7000050130BD5FEA4C0C404141EB010111F439
:10FF8000801FA4F10104E9D191F0000F04BF0146E4
:10FF90000020B1FA81F308BF2033A3F10B03B3F1C2
:10FFA00020020CDA0C3208DD02F1140CC2F10C0252
:10FFB00001FA0CF021FA02F10CE002F11402D8BFB0
:10FFC000C2F1200C01FA02F120FA0CFCDCBF41EA7C
:10FFD0000C019040E41AA2BF01EB0451294330BD4B
:10FFE0006FEA04041F3C1CDA0C340EDC04F1140428
:10FFF000C4F1200220FA04F001FA02F340EA0300FF
:020000021000EC
:1000000021FA04F345EA030130BDC4F10C04C4F144
:10001000200220FA02F001FA04F340EA0300294624
:1000200030BD21FA04F0294630BD94F0000F83F46E
:10003000801306BF81F480110134013D4EE77FEA51
:10004000645C18BF7FEA655C29D094EA050F08BF9D
:1000500090EA020F05D054EA000C04BF194610467E
:1000600030BD91EA030F1EBF0021002030BD5FEAC2
:10007000545C05D14000494128BF41F0004130BDEA
:1000800014F580043CBF01F5801130BD01F000453E
:1000900045F0FE4141F470014FF0000030BD7FEAB1
:1000A000645C1ABF194610467FEA655C1CBF0B46AC
:1000B000024650EA013406BF52EA033591EA030FC3
:1000C00041F4002130BD00BF90F0000F04BF0021BB
:1000D000704730B54FF4806404F132044FF00005EE
:1000E0004FF0000150E700BF90F0000F04BF002167
:1000F000704730B54FF4806404F1320410F00045CD
:1001000048BF40424FF000013EE700BF42004FEAC7
:10011000E2014FEA31014FEA02701FBF12F07F4344
:1001200093F07F4F81F06051704732F07F4208BFFB
:10013000704793F07F4F04BF41F40021704730B502
:100140004FF4607401F0004521F000411CE700BF4E
:1001500050EA010208BF704730B54FF000050AE0D1
:1001600050EA010208BF704730B511F0004502D5D2
:10017000404261EB41014FF4806404F132045FEAD4
:10018000915C3FF4D8AE4FF003025FEADC0C18BF7D
:1001900003325FEADC0C18BF033202EBDC02C2F16F
:1001A000200300FA03FC20FA02F001FA03FE40EA01
:1001B0000E0021FA02F11444BDE600BF70B54FF005
:1001C000FF0C4CF4E06C1CEA11541DBF1CEA1355E3
:1001D00094EA0C0F95EA0C0F00F0DEF82C4481EA4B
:1001E000030621EA4C5123EA4C5350EA013518BF6B
:1001F00052EA033541F4801143F4801338D0A0FB58
:1002000002CE4FF00005E1FB02E506F00042E0FB04
:1002100003E54FF00006E1FB03569CF0000F18BF0A
:100220004EF0010EA4F1FF04B6F5007F64F54074B2
:1002300004D25FEA4E0E6D4146EB060642EAC62145
:1002400041EA55514FEAC52040EA5E504FEACE2EB2
:10025000B4F1FD0C88BFBCF5E06F1ED8BEF1004FB5
:1002600008BF5FEA500E50F1000041EB045170BD31
:1002700006F0004646EA010140EA020081EA030175
:10028000B4EB5C04C2BFD4EB0C0541EA045170BD71
:1002900041F480114FF0000E013C00F3AB8014F1EB
:1002A000360FDEBF002001F0004170BDC4F1000434
:1002B000203C35DA0C341BDC04F11404C4F12005B5
:1002C00000FA05F320FA04F001FA05F240EA020010
:1002D00001F0004221F0004110EBD37021FA04F646
:1002E00042EB06015EEA430E08BF20EAD37070BD00
:1002F000C4F10C04C4F1200500FA04F320FA05F05F
:1003000001FA04F240EA020001F0004110EBD37060
:1003100041F100015EEA430E08BF20EAD37070BDD0
:10032000C4F1200500FA05F24EEA020E20FA04F3A9
:1003300001FA05F243EA020321FA04F001F0004158
:1003400021FA04F220EA020000EBD3705EEA430EC9
:1003500008BF20EAD37070BD94F0000F0FD101F0F8
:100360000046400041EB010111F4801F08BF013C31
:10037000F7D041EA060195F0000F18BF704703F06F
:100380000046520043EB030313F4801F08BF013DF6
:10039000F7D043EA0603704794EA0C0F0CEA1355B2
:1003A00018BF95EA0C0F0CD050EA410618BF52EA6C
:1003B0004306D1D181EA030101F000414FF0000072
:1003C00070BD50EA410606BF1046194652EA430680
:1003D00019D094EA0C0F02D150EA013613D195EAF4
:1003E0000C0F05D152EA03361CBF104619460AD13C
:1003F00081EA030101F0004141F0FE4141F4700146
:100400004FF0000070BD41F0FE4141F4780170BD35
:1004100070B54FF0FF0C4CF4E06C1CEA11541DBF9A
:100420001CEA135594EA0C0F95EA0C0F00F0A7F89C
:10043000A4EB050481EA030E52EA03354FEA0131C9
:1004400000F088804FEA03334FF0805545EA1313DC
:1004500043EA12634FEA022245EA111545EA1065A4
:100460004FEA00260EF000419D4208BF964244F13B
:10047000FD0404F5407402D25B084FEA3202B61A5A
:1004800065EB03055B084FEA32024FF480104FF42E
:10049000002CB6EB020E75EB030E22BFB61A7546A2
:1004A00040EA0C005B084FEA3202B6EB020E75EB35
:1004B000030E22BFB61A754640EA5C005B084FEA9D
:1004C0003202B6EB020E75EB030E22BFB61A75466A
:1004D00040EA9C005B084FEA3202B6EB020E75EB75
:1004E000030E22BFB61A754640EADC0055EA060E36
:1004F00018D04FEA051545EA16754FEA06164FEA79
:10050000C30343EA52734FEAC2025FEA1C1CC0D124
:1005100011F4801F0BD141EA00014FF000004FF0B1
:10052000004CB6E711F4801F04BF01430020B4F172
:10053000FD0C88BFBCF5E06F3FF6AFAEB5EB030C2A
:1005400004BFB6EB020C5FEA500C50F1000041EB27
:10055000045170BD0EF0004E4EEA113114EB5C04F4
:10056000C2BFD4EB0C0541EA045170BD41F48011C7
:100570004FF0000E013C90E645EA060E8DE60CEACF
:10058000135594EA0C0F08BF95EA0C0F3FF43BAFEC
:1005900094EA0C0F0AD150EA01347FF434AF95EAA3
:1005A0000C0F7FF425AF104619462CE795EA0C0F87
:1005B00006D152EA03353FF4FDAE1046194622E754
:1005C00050EA410618BF52EA43067FF4C5AE50EA2E
:1005D00041047FF40DAF52EA43057FF4EBAE12E71E
:1005E0004FF0FF3C06E000BF4FF0010C02E000BFFF
:1005F0004FF0010C4DF804CD4FEA410C7FEA6C5CE2
:100600004FEA430C18BF7FEA6C5C1BD001B050EA84
:10061000410C0CBF52EA430C91EA030F02BF90EA6F
:10062000020F0020704710F1000F91EA030F58BF2E
:10063000994208BF90422CBFD8176FEAE37040F090
:10064000010070474FEA410C7FEA6C5C02D150EA2E
:10065000013C07D14FEA430C7FEA6C5CD6D152EAE9
:10066000033CD3D05DF8040B704700BF84461046AE
:1006700062468C461946634600E000BF01B5FFF7AD
:10068000B7FF002848BF10F1000F01BD4DF808ED7D
:10069000FFF7F4FF0CBF012000205DF808FB00BF4E
:1006A0004DF808EDFFF7EAFF34BF012000205DF8A8
:1006B00008FB00BF4DF808EDFFF7E0FF94BF0120F5
:1006C00000205DF808FB00BF4DF808EDFFF7CEFFF6
:1006D00094BF012000205DF808FB00BF4DF808ED35
:1006E000FFF7C4FF34BF012000205DF808FB00BF06
:1006F0004FEA410C7FEA6C5C02D150EA013C0AD11E
:100700004FEA430C7FEA6C5C02D152EA033C02D10F
:100710004FF0000070474FF0010070474FEA410270
:1007200012F5001215D211D56FF47873B3EB625243
:1007300012D94FEAC12343F0004343EA505311F06A
:10074000004F23FA02F018BF404270474FF00000FC
:10075000704750EA013005D111F0004008BF6FF03A
:10076000004070474FF00000704700BF4A0011D2B0
:1007700012F5001211D20DD56FF47873B3EB6252FB
:100780000ED44FEAC12343F0004343EA505323FA07
:1007900002F070474FF00000704750EA013002D17C
:1007A0004FF0FF3070474FF0000070474FEA4102B2
:1007B000B2F1E04324BFB3F5001CDCF1FE5C0DD9BF
:1007C00001F0004C4FEAC0024CEA5070B2F1004F09
:1007D00040EB830008BF20F00100704711F0804F0C
:1007E00021D113F13872BCBF01F00040704741F4D1
:1007F00080114FEA5252C2F11802C2F1200C10FAD5
:100800000CF320FA02F018BF40F001004FEAC123B8
:100810004FEAD32303FA0CFC40EA0C0023FA02F35C
:100820004FEA4303CCE77FEA625307D150EA013332
:100830001EBF4FF0FE4040F44000704701F0004002
:1008400040F0FE4040F40000704700BF7BB972B931
:100850000029BEBF00204FF0004106E008BF00287D
:100860001CBF6FF000414FF0FF3000F0A5B9ADF1B3
:10087000080C6DE904CE002909DB002B1ADB00F01F
:1008800035F8DDF804E0DDE9022304B070474042AA
:1008900061EB4101002B1BDB00F028F8DDF804E0E0
:1008A000DDE9022304B0404261EB4101524263EBB7
:1008B00043037047524263EB430300F017F8DDF83F
:1008C00004E0DDE9022304B0404261EB41017047DE
:1008D000524263EB430300F009F8DDF804E0DDE980
:1008E000022304B0524263EB430370472DE9F04703
:1008F000089E04468846002B4BD18A42154667D98C
:10090000B2FA82F24AB1C2F1200701FA02F320FAE8
:1009100007F7954047EA030894404FEA154E230C29
:10092000B8FBFEF71FFA85FC0EFB178843EA084365
:1009300007FB0CF1994209D9EB1807F1FF3080F061
:100940001B81994240F21881023F2B445B1AA4B2EA
:10095000B3FBFEF00EFB103344EA034400FB0CFC37
:10096000A44509D92C1900F1FF3380F00781A44573
:1009700040F2048102382C4440EA0740A4EB0C0406
:1009800000271EB1D4400023C6E900433946BDE824
:10099000F0878B4209D9002E00F0EB800027C6E9D2
:1009A000000138463946BDE8F087B3FA83F7002FD7
:1009B00047D18B4202D3824200F2FA80841A61EB63
:1009C000030301209846002EE0D0C6E90048DDE789
:1009D00002B9FFDEB2FA82F2002A40F08F80491B92
:1009E0004FEA154E1FFA85F80127B1FBFEFC230CD8
:1009F0000EFB1C1143EA014308FB0CF1994207D995
:100A0000EB180CF1FF3002D2994200F2CD808446FF
:100A1000591AA3B2B1FBFEF00EFB101443EA0444D2
:100A200008FB00F8A04507D92C1900F1FF3302D2CA
:100A3000A04500F2B6801846A4EB080440EA0C403A
:100A40009FE7C7F1200CBB4022FA0CFE4EEA030ED2
:100A500001FA07F420FA0CF521FA0CF34FEA1E48CC
:100A60002543B3FBF8F92C0C08FB19331FFA8EFA57
:100A700044EA034309FB0AF49C4202FA07F200FA33
:100A800007F10BD91EEB030309F1FF3080F08780DB
:100A90009C4240F28480A9F1020973441B1BADB251
:100AA000B3FBF8F008FB103345EA034400FB0AFAF5
:100AB000A24508D91EEB040400F1FF336BD2A24516
:100AC00069D90238744440EA0940A0FB0289A4EBCA
:100AD0000A044C45C2464B4654D351D0002E69D02F
:100AE000B1EB0A0564EB030404FA0CFCFD40FC4086
:100AF0004CEA0505C6E90054002747E7C2F1200388
:100B000020FA03F7954001FA02F021FA03F34FEAC5
:100B1000154E3843010CB3FBFEF71FFA85F80EFBA8
:100B2000173341EA034107FB08F38B4204FA02F44E
:100B300007D9691807F1FF3C2FD28B422DD9023F0C
:100B40002944CB1A81B2B3FBFEF00EFB103341EA0D
:100B5000034100FB08F38B4207D9691800F1FF3C01
:100B600017D28B4215D902382944C91A40EA0747DF
:100B70003BE73746304609E70746E7E61846FBE617
:100B80004145ABD2B8EB020A69EB0E0201381346BD
:100B9000A4E76046E9E7184695E76746D1E781464E
:100BA0007CE702382C4447E7ACF1020C2B442FE7DA
:100BB000384608E73746E9E6704700BF2DE9F043BD
:100BC0002DED028B8BB055EC104B00F053F8274BFA
:100BD000B0EE408AF0EE608A93F90060731C12D088
:100BE00022462B4620462946FFF782FD074650B98C
:100BF0004FF000084FF000092046294642464B4678
:100C0000FFF74EFD40B9B0EE480AF0EE680A0BB0AF
:100C1000BDEC028BBDE8F0830122154B08970092D2
:100C2000CDE90445CDE90245019396B142464B46D4
:100C300040464946FFF7ECFB022ECDE906010AD1FA
:100C400000F0F0F821230360089B53B99DED068B5B
:100C5000D9E7CDE90689684600F0D6F80028F3D137
:100C6000EEE700F0DFF8089B0360EFE72B000020C1
:100C7000806801002DE9F041624A57EC106BBA43DD
:100C800000F09580002F3B4610EE101A344654DDDC
:100C90003F1500F0AF80C3F31303A7F2FF3743F40F
:100CA0008013E20FF90702EB43034FEA440503D533
:100CB000ED0F05EB4303A50000267F10B446162276
:100CC0004FF400110CEB010098424FEAD5744FEA43
:100CD000450503DC1B1A00EB010C0E44013A04EB42
:100CE00043034FEA5101EDD11046964620244FF0C0
:100CF000004209E052D05B00013C03EBD5734FEAA0
:100D000052024FEA450536D0634502EB0E01F1DD94
:100D1000002901EB020E0ADBE046A3EB0C03A9421B
:100D200088BF03F1FF336D1A1044C446E3E7BEF1F8
:100D3000000FF1DB0CF10108EFE727F0004232432E
:100D40002AD0002F49D1CA0A153B4905002AFAD0FA
:100D500012F4801001D050E020465200D50200F17C
:100D60000104F9D5C4F1200501FA04F4E9401F1A81
:100D700041EA02038FE72B4329D144087110F3079E
:100D800001F17F5101F5001148BF44F0004401EB2F
:100D90000753224643EC102BBDE8F081A942AAD8A4
:100DA000002901EB020EC2DB98460023BBE710EEE0
:100DB000102A3B4610EE100A3946FFF7FFF932467B
:100DC0003B46FFF745F841EC100BBDE8F081421CB3
:100DD00016BF421C01365408D0E710EE102A3046E8
:100DE0003946FFF733F802460B46FFF711FB41EC9B
:100DF000100BD1E71A463B46AAE70C4620254FF0D8
:100E0000FF30B3E70000F07F0020704708B50620F0
:100E100000F046FE012002F03BFF0A22002100F014
:100E20004DBFFFFF014B1868704700BF2C0000202A
:100E300008B5074B044613B10021AFF30080054B02
:100E40001868836A03B19847204602F021FF00BF6B
:100E5000000000008868010010B5044600F008F8A2
:100E60002044407800F0070010BDD0F8EC00704737
:100E7000044B054A1B681B6A002B08BF1346D3F8B6
:100E8000EC0070472C00002090000020024B01462F
:100E9000186800F0F7B800BF2C000020024B014694
:100EA000186800F0A1B800BF2C00002082B001B982
:100EB00001A942B14BB113780B601278101C18BF16
:100EC000012002B070471046FBE76FF00100F8E721
:100ED00001F0FF01102A2BDB10F0070F08D010F8EB
:100EE000013B013A8B422DD010F0070F42B3F6D1EF
:100EF000F0B441EA012141EA014122F007047FF008
:100F000000070023F0E80256083C85EA010586EA5E
:100F1000010685FA47F5A3FA87F586FA47F6A5FA9A
:100F200087F68EB9EED1F0BC01F0FF0102F00702A6
:100F300032B110F8013B013A83EA010313B1F8D151
:100F40000020704701387047002D06BF3546033832
:100F5000073815F0010F07D1013015F4807F02BF6B
:100F6000013015F4C03F0130F0BC0138704700BFBC
:100F700030B50024A24201D1002007E0035D013416
:100F80000D1915F8015CAB42F4D0581B30BD10B5FB
:100F9000431E0A44914200D110BD11F8014B03F8E1
:100FA000014FF7E7884210B501EB020307D8421E54
:100FB00099420AD011F8014B02F8014FF8E7834239
:100FC000F5D98118D21AD34200D110BD13F8014DC2
:100FD00001F8014DF7E702440346934200D1704700
:100FE00003F8011BF9E7FFFF38B50546002945D096
:100FF00051F8043C0C1F002BB8BFE41801F0E8FDC9
:101000001F4A1368104633B9636014602846BDE870
:10101000384001F0DEBDA3420CD92168621893422A
:1010200004BF1A685B68636004BF521822600460E2
:10103000ECE713465A680AB1A242FAD9196858185F
:10104000A0420BD120680144581882421960DDD1BA
:10105000106852685A6001441960D7E702D90C231E
:101060002B60D3E7206821188A4204BF11685268B8
:10107000626004BF091821605C60C7E738BD00BF2B
:10108000A81E002070B5CD1C25F0030508350C2DD9
:1010900038BF0C25002D064601DBA94203D90C23DD
:1010A0003360002070BD01F093FD214A1468214691
:1010B00091B9204C23681BB9304600F0B9FC206080
:1010C0002946304600F0B4FC431C24D10C23336085
:1010D000304601F07EFDE4E70B685B1B18D40B2B58
:1010E0000FD90B60CD50CC18304601F072FD04F1E1
:1010F0000B00231D20F00700C31AD3D05A42E25040
:10110000D0E78C424B6816BF636013600C46EBE778
:101110000C464968CCE7C41C24F00304A04205D067
:10112000211A304600F084FC0130CFD02560DBE787
:10113000A81E0020AC1E00202DE9FF4755EC104BE7
:101140000D9FDDF830A0002D0E4691461946B8BF20
:1011500022462B4627F02007BBBF05F100431D4662
:1011600000232D23B8BF1446462F0B7004D0452F03
:1011700000D10136022100E0032103AB019302AB51
:1011800000933246534645EC104B00F091FE472F3A
:10119000804602D119F0010F26D0462F08EB060930
:1011A00011D198F80030302B0AD1002200232046BC
:1011B0002946FFF76BFA18B9C6F10106CAF80060B4
:1011C000DAF8003099440022002320462946FFF730
:1011D0005DFA38B93022039B4B4505D2591C039167
:1011E0001A70F8E7CDF80C90039B0E9AA3EB080356
:1011F0004046136004B0BDE8F087F7B50029044607
:10120000BABF49422D232B23092904F8022B43702E
:1012100020DD0DF107031F460A2691FBF6F506FBBC
:1012200015113031092D03F8011C03F1FF32294655
:1012300009DC3031023B02F8011CBB42224604D3D8
:10124000101A03B0F0BD1346E7E713F8012B04F8BA
:10125000012BF2E7302319448370021DC170EFE7C0
:101260002DE9F04F8DB00C46DDF8588016461F462C
:10127000054601F09FFC03680493184600F080FCCB
:1012800000230A93D8F800300590073323F00703B2
:1012900003F1080294F818A0D4F800B0C8F80020B0
:1012A000D3E90023C4E91223D4E9128929F00043C9
:1012B0000793CDF818804FF0FF32A74BDDE9060108
:1012C000FFF716FA70BB4FF0FF32A34BDDE90601C2
:1012D000FFF7F0F930BB0022002340464946FFF7F4
:1012E000DFF910B12D2384F843309C4A9C4BBAF1AE
:1012F000470F8CBF9046984603232BF004022361CE
:1013000022604FF00009009733460BAA2146284679
:1013100000F0E6F9013040F08D804FF0FF300DB065
:10132000BDE8F08F42464B4640464946FFF7E0F99C
:1013300010B18C4A8C4BDAE761684B1C4BF480622D
:101340000AA83ED1062363600023CDE9020309AB5E
:10135000009349EC108B0DF123032260CDF804A01B
:1013600061682846FFF7E8FE0AF0DF03472B804656
:1013700009D1099BD81C02DB6268934247DDAAF1C0
:10138000020A5FFA8AFABAF1650F099924D801397D
:10139000524604F150000991FFF72FFF0A9A1318E3
:1013A000012A8146236102DC2268D10701D501337D
:1013B00023619DF82330002BA5D02D2384F84330E2
:1013C000A1E7BAF1670F00F07781BAF1470FBBD1FF
:1013D0000029B9D10123B6E7BAF1660F19D1002966
:1013E00063680CDD216113B92268D20702D501338D
:1013F0000B442361099BA3654FF00009D9E713B99A
:101400002268D00701D50233F3E70123F1E74FF05B
:10141000670ADDE90932934205DB22682361D107BF
:10142000E8D50133E5E7002BD4BFC3F10203012364
:101430001344DEE723685A0507D423694246314640
:101440002846B84701302BD167E7BAF1650F40F263
:10145000DC8000220023D4E91201FFF717F90028ED
:1014600033D00123414A31462846B84701303FF482
:1014700054AFDDE909239A4202DB2368D8070FD570
:10148000DDE9042331462846B84701303FF445AF33
:101490004FF0000804F11A090A9B013B434509DC9F
:1014A00023689B0700F10381E0680B9B9842B8BF5B
:1014B000184634E701234A4631462846B8470130EA
:1014C0003FF42BAF08F10108E6E7099B002B2BDC6A
:1014D0000123264A31462846B84701303FF41DAF64
:1014E000099B23B90A9B13B92368D907D8D5DDE92D
:1014F000042331462846B84701303FF40EAF4FF081
:10150000000904F11A0A099B5B424B4501DC0A9B66
:1015100094E70123524631462846B84701303FF44C
:10152000FCAE09F10109EEE70A9AA36D9A42A8BF41
:101530001A46002A914607DD1346314642462846A0
:10154000B84701303FF4E9AE04F11A034FF0000B45
:1015500029EAE979069315E0FFFFEF7F966801001D
:10156000926801009E6801009A680100A26801006B
:101570000123069A31462846B84701303FF4CDAEE4
:101580000BF1010BD4F858A0AAEB09035B45EFDC83
:10159000DDE909239A42D04415DB2368DA0712D427
:1015A0000A9B0999A3EB0A02A3EB010A9245A8BF83
:1015B0009246BAF1000F0EDC4FF000082AEAEA7AF0
:1015C00004F11A0919E0DDE9042331462846B84739
:1015D0000130E5D1A1E65346424631462846B84798
:1015E0000130E9D199E601234A4631462846B847F9
:1015F00001303FF492AE08F10108DDE909239B1A9E
:10160000A3EB0A034345EEDC4AE70A9A012A01DC10
:10161000DB073AD50123424631462846B847013018
:101620003FF47BAEDDE9042331462846B84701305C
:1016300008F101083FF471AE0A9B002203F1FF3A62
:10164000D4E912010023FFF721F8C8B953464246F6
:1016500031462846B84701300ED15EE60123524696
:1016600031462846B84701303FF457AE08F101082B
:101670000A9B013B4345F1DC4B4604F15002DEE698
:101680004FF0000804F11A0AF2E70123DFE7012313
:101690004A4631462846B84701303FF43EAE08F18D
:1016A0000108E3680B9A9B1A4345F0DCFCE64FF017
:1016B000000804F11909F4E700293FF48BAE002378
:1016C000CDE9020309AB009349EC108B2260CDF801
:1016D00004A00DF123032846FFF72EFD804648E6BF
:1016E0002DE9F04791461F468A680B69DDF8208096
:1016F0009342B8BF1346C9F8003091F8432006461C
:101700000C4612B10133C9F800302368990642BF74
:10171000D9F800300233C9F80030256815F0060505
:1017200007D104F1190AE368D9F800209B1AAB42EB
:1017300028DC94F843302268003318BF0123920656
:101740002DD404F1430239463046C047013020D041
:101750002368E568D9F8002003F00603042B08BFCE
:10176000AD1AA36822690CBF25EAE57500259342EE
:10177000C4BF9B1AED184FF000091A344D451AD119
:10178000002008E00123524639463046C047013068
:1017900003D14FF0FF30BDE8F0870135C3E7E11812
:1017A0005A1C302081F84300224494F8451082F8F6
:1017B00043100233C5E70123224639463046C0476D
:1017C0000130E6D009F10109D8E7FFFF2DE9F04328
:1017D00001F1430C0C46097E85B06E29174606467A
:1017E00098460C9A00F0B38022D8632936D00AD8E4
:1017F000002900F0B980582900F0838004F14205E7
:1018000084F8421032E0642901D06929F6D12068B9
:101810001368050603F104012AD51B681160002B2B
:1018200003DA2D225B4284F843206F480A2239E014
:10183000732900F09D8008D86F2920D07029DDD150
:10184000236843F02003236003E0752917D078292B
:10185000D4D1782384F84530644855E01368191DC5
:101860001B68116004F1420584F8423001238CE0CA
:101870001B68116010F0400F18BF1BB2CFE7136850
:101880002568181D1060280601D51B6802E068064F
:10189000FBD51B8854486F2914BF0A220822002157
:1018A00084F843106568A560002DC0F2958021681A
:1018B00021F004012160002B3DD1002D40F08E80ED
:1018C0006546082A0BD12368DB0708D523696268BF
:1018D0009A42DEBF302305F8013C05F1FF35ACEB41
:1018E00005032361CDF800803B4603AA214630461C
:1018F000FFF7F6FE01304DD14FF0FF3005B0BDE8E7
:10190000F083394884F84510136821681D1D1B6851
:1019100015600A060BD5CA0744BF41F020012160BB
:101920001BB9226822F0200222601022B7E74D0680
:1019300048BF9BB2EFE76546B3FBF2F102FB113300
:10194000C35C05F8013D0B460029F5D1B9E71368E2
:1019500025686169181D106028061B6801D519608B
:1019600002E06A06FBD51980002323616546B9E7CA
:101970001368191D11601D68626800212846FFF771
:10198000A7FA08B1401B606063682361002384F8F4
:101990004330A7E723692A4639463046C04701301D
:1019A000AAD023689B0713D4E068039B9842B8BF72
:1019B0001846A3E701234A4639463046C04701305E
:1019C0009AD00135E368039A9B1AAB42F2DCEBE74D
:1019D000002504F11909F5E7002BACD1037884F850
:1019E000423004F142056CE7A4680100B5680100CB
:1019F0000FB40A4B13B51C6824B1A36913B9204670
:101A000001F04EF805AB049AA1680193204601F05D
:101A10006BFD02B0BDE8104004B070472C00002000
:101A2000024B0A460146186801F0BEBB2C0000209C
:101A300038B5064C0023054608462360F8F7B6FF84
:101A4000431C02D1236803B12B6038BDF01E002077
:101A50001F2938B504460D4604D9162303604FF0FC
:101A6000FF3038BD426C12B152F821304BB92046DC
:101A700000F030F82A4601462046BDE8384000F024
:101A800017B8012B0AD0591C03D11623036001207B
:101A9000E7E7002442F82540284698470020E0E781
:101AA000024B01461868FFF7D3BF00BF2C0000208F
:101AB00038B5074C0023054608461146236002F05E
:101AC000CFF8431C02D1236803B12B6038BD00BF9F
:101AD000F01E002002F0B4B80CB430B5174B0C1E49
:101AE0009DB01D6808DA8B232B604FF0FF301DB0CE
:101AF000BDE8304002B070474FF40273ADF81430C7
:101B000014BF04F1FF332346049307934FF6FF738A
:101B100002900690ADF81630209A21AB02A9284613
:101B2000019301F0C1FB431CBCBF8B232B60002C35
:101B3000DDD0029B00221A70D9E700BF2C000020E4
:101B40000EB400B59CB01DAB029006906FF0004142
:101B5000094807910491094953F8042B059100683D
:101B6000019302A901F0A0FB029B00221A701CB095
:101B70005DF804EB03B070472C0000200802FFFF63
:101B8000034613F8012B002AFBD1181A01387047BD
:101B9000F0B503787BB1044623782046661C7BB100
:101BA0004A1E631E12F8015F4DB113F8017FAF4268
:101BB0003446F7D0F0E70B78002B18BF0020F0BDBB
:101BC0001846FCE72DE9F0478046894692461E46B6
:101BD0000F463D46089815F8014BFFF746F920449B
:101BE000437813F0080332D12D2C32D17C78BD1C00
:101BF0000122002E5DD0102E09D1302C07D12B7878
:101C000003F0DF03582B4FD16C7810260235002AE1
:101C100014BF4FF000416FF000410027B1FBF6FC0C
:101C2000384606FB1C1EA4F13003092B17D81C46AE
:101C3000A64223DD7B1C07D084451CD301D1A645D9
:101C400019DB00FB0640012715F8014BEBE72F4697
:101C5000BFE72B2C04BFBD1C7C781A46C9E7A4F152
:101C60004103192B01D8373CE2E7A4F16103192B9A
:101C700004D8573CDCE74FF0FF37E5E77B1C08D181
:101C80002223C8F800300846BAF1000F07D1BDE89A
:101C9000F08702B14042BAF1000FF8D00FB105F160
:101CA000FF39CAF80090F2E73024002EAFD10826A1
:101CB000ADE7302CA3D00A26A9E7FFFF084B37B5C4
:101CC0001C68084D236A002B08BF2B46009313465F
:101CD0000A4601462046FFF775FF03B030BD00BF3E
:101CE0002C0000209000002010B50446FFF7C0F83B
:101CF0002044437803F00303012B08BF203420461F
:101D000010BD30B5141E05469BB0184605DA8B236E
:101D10002B604FF0FF301BB030BD4FF40273ADF8B5
:101D20000C3014BF04F1FF332346029305934FF6A2
:101D3000FF7300910491ADF80E3002461E9B694678
:101D4000284601F0B1FA431CBCBF8B232B60002C4A
:101D5000E1D0009B00221A70DDE7FFFF07B500937A
:101D600013460A46014603480068FFF7CAFF03B05E
:101D70005DF804FB2C00002049B1FF2A85BF8A23AF
:101D800003600A704FF0FF3098BF0120704708468B
:101D900070472DE9F74F03690C69A3428046C0F2F2
:101DA0008280013C01F114074FEA840C00F1140613
:101DB00057F8245056F8240006EB0C03013507EBC6
:101DC0000C090193B0FBF5F595B34FF0000A3846C6
:101DD000B646D34650F8042B93B205FB03A34FEA53
:101DE000134A9BB2ABEB0303120CDEF800B005FB09
:101DF00002A213FA8BF34FEA124A1FFA82FBDEF8B3
:101E00000020CBEB124202EB23429BB243EA024397
:101E100081454FEA224B4EF8043BDBD256F80C309A
:101E200033B9019B043B9E421A4630D3C8F8104098
:101E3000404601F0E5F8002825DB013530464FF03B
:101E4000000C57F8042BD0F800E093B2ACEB03037E
:101E5000120C13FA8EF3C2EB1E4202EB23429BB22A
:101E600043EA0243B9454FEA224C40F8043BE8D22A
:101E700056F8242006EB84032AB9043B9E421A46F6
:101E80000BD3C8F81040284603B0BDE8F08F1268A5
:101E9000043B002ACAD1013CC5E71268043B002A72
:101EA000EFD1013CEAE70020EEE7FFFFFFFFFFFF75
:101EB0002DE9F04F57EC106B97B0456A0691044638
:101EC0000B921293DDF88080CDE900673DB91020B8
:101ED000FEF7DCFF6062C0E901550560C560636A1A
:101EE000196851B15A684A60012393408B602046BB
:101EF00000F0A4FE636A00221A603B1EBBBF23F001
:101F00000043019300230122ACBFC8F80030C8F899
:101F10000020AF4BDDF8048033EA080314D1129A95
:101F200042F20F731360009B23B9C8F3130000281B
:101F300000F04285219BDFF8ACB2002B00F0448515
:101F40000BF1030300F03EBDDDE900670022002332
:101F500030463946FEF79AFB814668B1129A012352
:101F60001360219B002B00F024859A4B219A03F1EA
:101F7000FF3B136000F028BD14AA15A947EC106BB5
:101F8000204601F0B4F8C8F30A550490002D7CD027
:101F9000C7F3130343F07F5BB2464BF4401BA5F23B
:101FA000FF35CDF84C9000228B4B50465946FDF73B
:101FB0004DFF81A3D3E90023FEF700F980A3D3E905
:101FC0000023FDF745FF064628460F46FEF78CF82E
:101FD0007DA3D3E90023FEF7F1F802460B46304615
:101FE0003946FDF735FF06460F46FEF797FB002200
:101FF0008246002330463946FEF752FB48B1504630
:10200000FEF772F832463B46FEF740FB08B90AF18C
:10201000FF3ABAF1160F59D8704901EBCA01DDE950
:102020000023D1E90001FEF759FB002850D00AF146
:10203000FF3A00230F93149B5D1BB5F1010849BFC4
:10204000C5F10103002305934FF0000858BF059325
:10205000BAF1000F3EDB0023D044CDF838A007933F
:10206000069B092B00F29080052BC4BF043B06930E
:10207000069BA3F10203CCBF00250125032B00F230
:102080008F80DFE803F07D7F3171DDE914531D445B
:1020900005F23240202813DDC0F14000009B08FA11
:1020A00000F805F2124023FA00F048EA0000FEF7BB
:1020B0000BF801238246A1F1F87B013D139372E7EF
:1020C000009BC0F1200003FA00F0F0E70123B1E724
:1020D0000F90B0E7059BA3EB0A030593CAF1000339
:1020E000079300230E93BBE701230A930B9B002B5E
:1020F00059DD02939946666A00227260042202F159
:1021000014009842716853D9204600F063FD636A59
:102110003060B9F10E0FD3F800B000F2E680002D68
:1021200000F0E3809DED007BBAF1000F8DED107B98
:1021300074DD2A4A0AF00F0302EBC30393ED007B20
:102140004FEA2A16F0068DED087B65D5244BDDE9B4
:102150001001D3E90823FEF75BF9CDE9000106F091
:102160000F0603251E4F4CE001230A930B9B53449B
:1021700003F1010902934B46012BB8BF0123BAE7D3
:102180000023B2E70023F0E70125002306930A9518
:102190004FF0FF3302939946002212230B92AAE7D5
:1021A00001230A93F4E70123029399461A46F5E7BF
:1021B000013171605200A2E761436F63A787D23F8C
:1021C000B3C8608B288AC63FFB799F501344D33F26
:1021D0000000F07FA36801000000F83F606A010082
:1021E000386A0100D0690100F10708D5DDE908016E
:1021F000D7E90023FDF7E2FFCDE9080101357610AC
:102200000837002EF0D1DDE90823DDE90001FEF7F3
:10221000FFF8CDE900011AE00225A3E700F0A08055
:10222000CAF100069F4BA04F06F00F0203EBC2035A
:10223000D3E90023DDE91001FDF7C0FFCDE900017E
:10224000361100230225002E7FD1002BE1D10F9BF8
:10225000002B00F08780DDE900670022934B3046B9
:102260003946FEF71DFA00287CD0B9F1000F79D06D
:10227000029B002B35DD0AF1FF330893394600221B
:102280008B4B3046FDF79AFFCDE90001029F0135E7
:102290002846FDF729FFDDE90023FDF78FFF002227
:1022A000844BFDF7D5FD0546A1F15076002F5DD199
:1022B0000022814BDDE90001FDF7C8FD2A463346C7
:1022C000CDE90001FEF70AFA002840F088822A468C
:1022D00006F10043DDE90001FEF7E2F9002840F0D5
:1022E0007C82DDE91023CDE90023159B002BC0F291
:1022F0005081BAF10E0F00F34C816A4B03EBCA0315
:1023000093ED007B0B9B002B8DED027B80F2D88040
:10231000B9F1000F00F3D48040F05E820022664BDA
:1023200051EC170BFDF74AFFDDE90023FEF7CCF96E
:102330004F464E46002840F0348231230BF1010510
:102340008BF800300AF1010A2FE2F20705D5D7E930
:102350000023FDF733FF013501237610083772E7BC
:10236000022574E7CDF820A04F4691E74D4B03EBD3
:10237000C70353E902010A9B002B47D002460B46D4
:1023800000204E49FEF744F82A463346FDF75EFD2D
:10239000CDE90C015D46DDE90001FEF7BFF9064617
:1023A000FDF7A2FE02460B46DDE90001FDF74EFDFA
:1023B000303605F8016BDDE90C23CDE90001FEF7AD
:1023C0006FF9002863D1DDE9002300203749FDF7CC
:1023D0003DFDDDE90C23FEF763F9002840F0B780EE
:1023E000A5EB0B039F427FF77CAF0022304BDDE96A
:1023F0000C01FDF7E3FE0022CDE90C012C4BDDE9D9
:102400000001FDF7DBFECDE90001C4E72A463346B3
:10241000FDF7D4FECDE90C010BEB07055E46DDE9C7
:102420000001FEF77BF90746FDF75EFE30370246F6
:102430000B46DDE90001FDF709FD06F8017BAE4220
:10244000CDE900014FF0000226D11C4BDDE90C0163
:10245000FDF7FEFC02460B46DDE90001FEF73EF902
:10246000002874D1DDE90C2300201449FDF7EEFCAF
:1024700002460B46DDE90001FEF712F900283FF4A1
:1024800030AF15F8013C302B05F1FF3202D0DDF8FA
:1024900020A04AE01546F4E7054BFDF78FFECDE995
:1024A0000001BCE7606A0100386A01000000F03FEB
:1024B0000000244000001C40000014400000E03FE9
:1024C000DDE900675D46DDE9022330463946FDF768
:1024D0009FFFFEF723F98046FDF706FEDDE90223A4
:1024E000FDF76CFE02460B463046394608F13006D1
:1024F000FDF7ACFC05F8016BA5EB0B06B1450246F8
:102500000B4639D1FDF7A4FCDDE9022306460F4650
:10251000FEF7E4F8C8B9DDE9022330463946FEF794
:10252000B5F810B118F0010F0FD10499204600F052
:1025300085FB0023129A2B700AF101031360219B83
:10254000002B00F041821D603EE2CDF820A015F87E
:10255000012C392A05F1FF3308D19B450AD1089B8C
:102560000133089330238BF800305B461A78013230
:102570001A708CE71D46EAE700229B4BFDF71EFE12
:102580000022002306460F46FEF780F800289AD066
:10259000CBE70A9A002A00F08B80069A012A6EDCAB
:1025A000139A002A67D003F23343079F059D059ACB
:1025B00001211A4420460592984400F0DFFB0646AC
:1025C000002D0CDDB8F1000F09DD4545059A2B46BD
:1025D000A8BF4346D21A0592ED1AA8EB0308079B41
:1025E000EBB10A9B002B67D08FB131463A462046AB
:1025F00000F064FC049A01460646204600F0C7FB42
:1026000004990890204600F019FB089B0493079B4F
:10261000DA1B04D00499204600F050FC04900121FC
:10262000204600F0ABFB0E9B0746002B00F0D0814C
:102630001A460146204600F041FC069B012B074646
:1026400040DC009B002B39D1019BC3F31303002B0B
:1026500036D1019B23F000431B0D1B052BB1059BBD
:102660000133059308F10108012307930E9B002B0A
:102670002AD1012030E0149BC3F1360395E7079B74
:1026800009F1FF37BB42BFBF079B0797FA1A0E9BA2
:10269000BBBF9B180E93DF1B0027B9F1000FB5BF1E
:1026A000059B059DA3EB09054B46B8BF00237EE7BC
:1026B000079F059D0A9E83E7079AABE70023D4E7AF
:1026C000009BD2E7002307933B6907EB830318695C
:1026D00000F006FBC0F12000404410F01F0047D07E
:1026E000C0F12003042B3BDD059BC0F11C0003441B
:1026F000059305448044059B002B05DD1A4604998B
:10270000204600F029FC0490B8F1000F05DD3946A1
:102710004246204600F020FC07460F9B53B3394643
:10272000049800F06DFC002824DA00230A220499A2
:10273000204600F09AFA0A9B04900AF1FF3A002B17
:1027400000F04D81002331460A22204600F08DFA28
:10275000029B002B06464FDC069B022B4CDD11E052
:10276000C9D0059A1C331A4405921D449844C2E707
:102770000346F6E7B9F1000F38DC069B022B35DD86
:10278000CDF80890029B63B939460522204600F037
:102790006CFA01460746049800F032FC00283FF727
:1027A000CCAD0B9B5D466FEA030A4FF0000939463A
:1027B000204600F043FA002E3FF4B7AEB9F1000F07
:1027C00005D0B14503D04946204600F037FA3146DE
:1027D000204600F033FAA8E600273E46E1E7DDF8A0
:1027E00020A03E46A9E500BF000024400A9BCDF88A
:1027F0000890002B00F0FA80002D05DD31462A46B6
:10280000204600F0A9FB0646079B002B4CD07168C0
:10281000204600F0DFF9326902320546920006F1E7
:102820000C010C30FEF7B3FB01222946204600F0D4
:1028300093FB009BCDF814B003F00103B14607935E
:10284000064639460498FFF7A4FA4946054600F1C2
:102850003008049800F0D4FB3246009039462046F8
:1028600000F0E8FBC368024603BB014608900498E9
:1028700000F0C6FB089A034611462046089300F074
:10288000DDF9089BA3B9069A92B9079A82B9B8F103
:10289000390F29D0009B002B01DD05F13108059B84
:1028A0005D1C83F8008082E73046C2E70123E3E73E
:1028B000009A002A04DB25D1069A1ABB079A0ABBA4
:1028C000002BECDD01220499204600F045FB39463F
:1028D000049000F095FB002803DCE0D118F0010F14
:1028E000DDD0B8F1390FD8D1059B059A5D1C39238D
:1028F000137015F8013C392B05F1FF324FD001332D
:10290000137054E7059A002B02F1010506DDB8F1BA
:10291000390FE9D008F10108059BC2E7029A05F8D2
:10292000018CA5EB0B03934221D000230A220499CA
:10293000204600F09AF9B14504904FF000034FF0A3
:102940000A024946204605D100F08FF98146064625
:10295000059576E700F089F93146814600230A2281
:10296000204600F082F90646F2E74FF00009012206
:102970000499204600F0F0FA3946049000F040FB3C
:102980000028B6DC02D118F0010FB2D115F8013CD5
:10299000302B05F1FF327FF40AAF1546F6E7934579
:1029A00005D131230AF1010A8BF80030FFE6154604
:1029B0009FE7DFF864B007E0219BDFF860B01BB150
:1029C0000BF10803219A1360584617B0BDE8F08F49
:1029D000069B012B7FF735AE0E9B079349E6029BC2
:1029E000002B03DC069B022B3FF7CCAE5D4639463D
:1029F0000498FFF7CEF900F1300805F8018B029A30
:102A0000A5EB0B039A42B0DD00230A22049920466D
:102A100000F02BF90490EAE7A2680100C769010001
:102A2000002310B50446C0E900338360818143660A
:102A3000C281C0E904338361194608225C30FEF785
:102A4000CAFA054B6362054BA362054BE362054B73
:102A50002462236310BD00BF11370100333701002A
:102A60006B3701008F370100014900F085B800BFC6
:102A7000693A010070B54A1E682555430E4605F1B6
:102A80007401FEF7FFFA044640B10021C0E90016C8
:102A90000C30A06005F16802FEF79DFA204670BD7B
:102AA000836910B5044633BBC0E912330365124B8A
:102AB000124A1B688262984204BF0123836100F0BE
:102AC0001FF86060204600F01BF8A060204600F070
:102AD00017F80022E06004216068FFF7A1FF0122DF
:102AE0000921A068FFF79CFF02221221E068FFF78E
:102AF00097FF0123A36110BD88680100692A0100C6
:102B0000F8B51B4B1E68B369074613B93046FFF78B
:102B1000C7FF4836D6E90134013B03D5336833B1EA
:102B20003668F7E7B4F90C506DB16834F4E7042166
:102B30003846FFF79FFF30600028F1D10C233B603F
:102B400004462046F8BD0B4B6566C4E90055A560F8
:102B5000C4E90335C4E905550822294604F15C009F
:102B6000FEF739FAC4E90D55C4E91255E9E700BF8B
:102B7000886801000100FFFF2DE9F843804689467F
:102B800000F14804002614B93046BDE8F883D4E9C2
:102B90000175013F01D52468F5E7AB89012B07D901
:102BA000B5F90E30013303D029464046C8470643E5
:102BB0006835EEE7044B1B68186A044B002808BF11
:102BC0001846F030704700BF2C0000209000002015
:102BD0007047704770B5456A04460E463DB91020EF
:102BE000FEF754F96062C0E901550560C560656A89
:102BF000EB6883B1636ADB6853F82600B8B901213A
:102C000001FA06F56A1D9200204600F0BFFA60B195
:102C1000C0E901650EE021220421204600F0B6FA49
:102C2000636AE860DB68002BE4D1002070BD0268B5
:102C300043F826200023C0E90333F7E770B5446A60
:102C400006460D463CB91020FEF720F97062C0E937
:102C500001440460C4603DB1736A6A68DB6853F87C
:102C60002210296043F8225070BD2DE9F0410D6912
:102C70001F4606460C4601F1140C0023DCF8000048
:102C800081B202FB01710F0C000C02FB007089B2D3
:102C9000013301EB00419D424FEA10474CF8041B01
:102CA000ECDCD7B1A368AB4212DC6168304601317D
:102CB000FFF790FF2269023204F10C018046920076
:102CC0000C30FEF764F921463046FFF7B7FF444663
:102CD00004EB850301355F6125612046BDE8F08185
:102CE000020C12040346B2B90304102013F07F4F04
:102CF00004BF1B02083013F0704F04BF1B010430E7
:102D000013F0404F04BF9B000230002B06DB5B003A
:102D100003D5013070470020E8E7202070470368A2
:102D200013F0070201460BD0DA0723D4980749BFF6
:102D30005B089B0801200B605CBF0B6002207047A2
:102D400098B2A8B91B0C102013F0FF0F04BF1B0A88
:102D500008301A0704BF1B0904309A0704BF9B08F8
:102D60000230DA0702D45B0806D001300B607047EE
:102D70001046E9E7002070472020704710B50C4648
:102D80000121FFF727FF01224461026110BD2DE9F7
:102D9000F74F14460A6923699A42B8BF0B46884622
:102DA000BCBFA0461C46D8F81070D4F81090D8F8D4
:102DB0000830D8F8041007EB0906B342B8BF013158
:102DC000FFF708FF00F1140505EB860E2B460022E5
:102DD000734516D304F1140208F1140102EB8903C0
:102DE00001EB87070093009B019293420CD8002EC1
:102DF00003DD5EF8043D002B5DD0066103B0BDE845
:102E0000F08F43F8042BE3E7B2F800B0BBF1000FFA
:102E100023D08946AC464FF0000859F8044BDCF843
:102E200000A0A3B21FFA8AFA0BFB03A34FEA144ACD
:102E3000DCF8004043444FEA14480BFB0A8404EBDF
:102E40001344E2469BB243EA04434F454FEA144819
:102E50004AF8043B2BD8CCF80480019BB3F802A0BD
:102E60000432BAF1000F20D02B688946A8464FF0F3
:102E7000000BB9F800C0B8F802400AFB0C445C44EF
:102E8000C4469BB243EA04434CF8043B59F8043B64
:102E9000B8F804B01B0C0AFB03B303EB14434F4513
:102EA0004FEA134B05D8C8F8043004359BE7D446E5
:102EB000B3E7E046DDE7013E99E7FFFF2DE9F84380
:102EC000154612F0030206460F4607D0013A214C80
:102ED000002354F82220FFF7C8FE0746AD1035D076
:102EE000746A3CB91020FDF7D1FF7062C0E901445B
:102EF0000460C460D6F82480D8F808404CB940F289
:102F000071213046FFF73AFF0023C8F80800044655
:102F100003604FF00008EB070AD5394622463046D9
:102F2000FFF735FF394681463046FFF787FE4F46AB
:102F30006D100BD0206838B9224621463046FFF785
:102F400026FF2060C0F800800446E4E73846BDE86C
:102F5000F88300BF286B01002DE9F0470C464FEACB
:102F6000621A236949680AEB0309A36807461646F3
:102F700009F10105AB4232DB3846FFF72BFE002397
:102F8000804600F114011A4653452BDB20692AEADA
:102F9000EA7A04F1140316F01F0201EB8A0103EB35
:102FA000800C25D0C2F1200E00201E688A46964073
:102FB00030434AF8040B53F8040B9C4520FA0EF0FA
:102FC00014D8486008B109F10205013D3846C8F837
:102FD00010502146FFF732FE4046BDE8F087013130
:102FE0005B00C7E741F823200133CDE75146DCE71A
:102FF000043953F8042B41F8042F9C45F9D8E4E731
:1030000003690A699B1A30B50CD19200143014314F
:103010008418114454F8045D51F8042D954203D0EE
:1030200005D30123184630BDA042F3D3FAE74FF091
:10303000FF33F7E72DE9F0470D46074611462846CE
:103040001446FFF7DDFF061E08D131463846FFF76C
:10305000C1FD0123C0E90436BDE8F087A4BF2346C3
:103060002C4638466168A6BF1D4600260126FFF79C
:10307000B1FD2B69C660266905F1140904F114023B
:1030800002EB860709EB830800F114054FF0000EF0
:1030900052F804AB59F8044B1EFA8AF1A3B2C91ACC
:1030A000230CC3EB1A4303EB214389B24FEA234EAF
:1030B000C84541EA0343944645F8043BE8D8BC457B
:1030C00004D355F8043D83B10661C5E75CF8041BE1
:1030D0001EFA81F31A1402EB11429BB243EA024337
:1030E0004FEA224E45F8043BE9E7013EE9E72DE9C6
:1030F000F7430E46012159EC108B1546FFF76AFD88
:10310000C9F30A540746C9F3130334BB0193B8F15A
:10311000000327D002A840F8083DFFF700FE009901
:10312000F0B1019AC0F1200302FA03F30B43C2404D
:103130007B610192019BBB61002B14BF0221012125
:103140003961C4B1A4F2334404443460C0F13500A1
:103150002860384603B0BDE8F08343F48013D5E718
:103160007961E7E701A8FFF7DAFD019B7B610121A7
:1031700039612030E5E707EB8103A0F2324030608F
:103180001869FFF7ADFDC0EB4110E1E738B502FB70
:1031900001F42146FDF776FF054618B122460021CD
:1031A000FDF719FF284638BDF8B5074614460E4608
:1031B00021B91146BDE8F840FDF764BF22B9FDF71B
:1031C00013FF25462846F8BD00F0EEFCA0420FD2C2
:1031D00021463846FDF756FF05460028F2D0314615
:1031E0002246FDF7D4FE31463846FDF7FDFEE9E7FD
:1031F0003546E7E72DE9F0478E689E4282460C4649
:103200009046994637D88A8912F4906F31D0256854
:1032100009696F1A6569022305EB450595FBF3F50E
:1032200009F101033B449D4238BF1D46530530D58B
:103230002946FDF727FF064650B90C23CAF800308F
:10324000A38943F04003A3814FF0FF30BDE8F0872E
:103250003A462169FDF79BFEA38923F4906343F06E
:103260008003A381266165613E44ED1B2660A56055
:103270004E464E4500D94E46324641462068FDF73F
:1032800091FEA3689B1BA36023681E442660002058
:10329000DCE72A46FFF788FF06460028E2D12169CD
:1032A0005046FDF7A1FEC8E72DE9F04F9DB08046DE
:1032B00003938B891D060C4616460FD50B696BB917
:1032C0004021FDF7DFFE2060206128B90C23C8F8FB
:1032D00000304FF0FF30C7E04023636100230993C3
:1032E00020238DF8293030238DF82A304FF0010B40
:1032F00037463D4615F8013B0BB1252B3ED1B7EBC8
:10330000060A0BD05346324621464046FFF772FF6D
:10331000013000F0A480099B534409933B78002BB3
:1033200000F09D8000234FF0FF32CDE90523049388
:1033300007938DF853301A932F46052217F8011B77
:103340004F48FDF7C5FD049BD0B9D90644BF2022E4
:103350008DF853201A0744BF2B228DF853202A786A
:103360002A2A15D0079A2F4600200A25394611F837
:10337000013B303B092B4DD9B8B10FE02F46B8E7E0
:103380003F4A801A0BFA00F0184304903D46D3E7F9
:10339000039A111D12680391002A01DB079204E0D1
:1033A000524243F00203079204933B782E2B0CD138
:1033B0007B782A2B33D1039B1A1D1B680392002BA9
:1033C000B8BF4FF0FF33023705932E4D39780322F3
:1033D0002846FDF77DFD38B14023401B03FA00F07D
:1033E000049B034301370493397827488DF828104C
:1033F00006227E1CFDF76CFD002838D0234B13BB42
:10340000039B073323F0070308330393099B4B44C3
:1034100009936DE705FB023201200F46A6E7002362
:103420000137059319460A25384610F8012B303A22
:10343000092A03D9002BC8D00591C6E705FB012155
:1034400001230746F0E703AB00932246104B04A983
:103450004046FDF705FFB0F1FF3F8146D6D1A38975
:103460005B063FF536AF09981DB0BDE8F08F03ABA2
:1034700000932246064B04A94046FEF7A7F9EAE767
:10348000346B01003A6B01003E6B010061120100D8
:10349000F53101009368013B002B10B4936008DA0A
:1034A0009469A34201DB0A2903D15DF8044B00F0C3
:1034B00073B91368581C1060197008465DF8044B06
:1034C0007047F8B506460F461446D518AC4201D1F0
:1034D000002007E03A4614F8011B3046FFF7DAFFF8
:1034E000431CF3D1F8BDFFFF2DE9F04F9DB00C4612
:1034F00017460393064618B183690BB9FFF7D0FA54
:103500007B4B9C4257D17468A38918075DD523690A
:10351000002B5AD00023099320238DF82930302323
:103520008DF82A304FF0010BB846454615F8013B9F
:103530000BB1252B54D1B8EB070A0BD053463A46B2
:1035400021463046FFF7BDFF013000F0C280099BE5
:103550005344099398F80030002B00F0BA80002300
:103560004FF0FF32CDE90523049307938DF85330D4
:103570001A93A846052218F8011B5E48FDF7A8FC1F
:10358000049B78BBD90644BF20228DF853201A072C
:1035900044BF2B228DF853202A782A2A2AD0079A52
:1035A000A84600200A25414611F8013B303B092B73
:1035B00069D960B324E0504B9C4201D1B468A3E7C1
:1035C0004E4B9C4208BFF4689EE72146304600F00F
:1035D00047F900289ED04FF0FF301DB0BDE8F08FB6
:1035E000A846A2E7434A801A0BFA00F01843049059
:1035F0004546BEE7039A111D12680391002A01DBBC
:10360000079204E0524243F002030792049398F8B1
:1036100000302E2B0ED198F801302A2B38D1039B85
:103620001A1D1B680392002BB8BF4FF0FF3308F13F
:1036300002080593324D98F8001003222846FDF742
:1036400047FC40B14023401B03FA00F0049B0343B6
:1036500008F10108049398F800102A488DF8281002
:10366000062208F10107FDF733FC002837D0264B6E
:103670001BBB039B073323F0070308330393099B0A
:103680004B44099350E705FB0232012088468AE744
:10369000002308F10108059319460A25404610F851
:1036A000012B303A092A03D9002BC3D00591C1E779
:1036B00005FB012101238046F0E703AB009322467E
:1036C000124B04A93046FDF7CBFDB0F1FF3F814618
:1036D000D5D1A3895B063FF57EAF09987DE703ABA3
:1036E00000932246094B04A93046FEF76FF8ECE739
:1036F000F4690100346B0100146A0100D46901000F
:103700003A6B01003E6B010061120100C3340100FD
:1037100010B50C46B1F90E1000F04EFA0028ABBF00
:10372000636DA3891B1823F48053ACBF6365A38129
:1037300010BD2DE9F0411F468B89DB0505460C467F
:10374000164605D502230022B1F90E1000F0B6F995
:10375000A389B4F90E1023F48053A38132463B466B
:103760002846BDE8F04100F069B810B50C46B1F943
:103770000E1000F0A3F9431CA38915BF606523F464
:10378000805343F48053A38118BFA38110BDB1F9C6
:103790000E1000F0D3B8FFFFF8B50E4614460546EC
:1037A00018B183690BB9FFF77BF9214B9C422AD1F1
:1037B0006C68A369A360A3891A072ED5236963B334
:1037C00023692068C01A6369F6B28342374604DC75
:1037D0002146284600F048F928BBA368013BA360B6
:1037E00023685A1C22601E7063690130834204D032
:1037F000A389DB0719D50A2E17D12146284600F0E8
:1038000033F990B10FE00B4B9C4201D1AC68D0E78B
:10381000094B9C4208BFEC68CBE72146284600F0E4
:103820001FF80028CCD04FF0FF373846F8BD00BF56
:10383000F4690100146A0100D469010038B5074C2D
:10384000054608461146002222601A46FAF7D4F8C7
:10385000431C02D1236803B12B6038BDF01E002049
:10386000324B70B51D6806460C4625B1AB6913B9DD
:103870002846FFF715F92E4B9C420FD16C68B4F91E
:103880000C309AB215072CD4D00611D4092232601C
:1038900043F04003A3814FF0FF303EE0254B9C42B4
:1038A00001D1AC68EBE7244B9C4208BFEC68E6E72B
:1038B000510712D5616B41B104F14403994202D022
:1038C0003046FDF791FB00236363A38923F02403B3
:1038D000A3810023636023692360A38943F0080365
:1038E000A38123694BB9A38903F42073B3F5007F47
:1038F00003D02146304600F017F9A28912F00103E7
:103900000CD00023A36063695B42A361236953B9B0
:10391000B4F90C3013F08000BAD170BD920758BFD3
:103920006369A360F2E70020F7E700BF2C000020E6
:10393000F4690100146A0100D469010038B5064C2D
:10394000002305460846236000F06AF9431C02D1B3
:10395000236803B12B6038BDF01E00208A892DE951
:10396000F041054610070C4658D44B68002B05DC87
:103970000B6C002B02DC0020BDE8F081E66A002E13
:10398000F9D0002312F480522F68216A2B6032D0C4
:10399000606DA3895A0705D56368C01A636B0BB1C4
:1039A000236CC01A00230246E66A216A2846B04703
:1039B000431CA38906D129681D2948D8294ACA4031
:1039C000D60744D500226260D9042269226004D55A
:1039D000421C01D12B6803B96065616B2F6000291F
:1039E000C9D004F14403994202D02846FDF7FCFAFD
:1039F00000206063C0E701232846B047411CC8D1BE
:103A00002B68002BC5D01D2B01D0162B01D12F60A8
:103A1000B1E7A38943F04003A381ADE70F69002F0D
:103A2000A9D093070E6808BF4B690F6018BF002329
:103A3000A6EB07088B60B8F1000F9CDD43463A46C1
:103A4000216AA66A2846B047002806DCA38943F00D
:103A50004003A3814FF0FF308EE70744A8EB000836
:103A6000E9E700BF0100402038B50B6905460C4668
:103A7000DBB118B183690BB9FFF712F80C4B9C420C
:103A800009D16C68B4F90C307BB121462846BDE8F9
:103A90003840FFF763BF074B9C4201D1AC68F1E7A8
:103AA000054B9C4208BFEC68ECE7002038BD00BF26
:103AB000F4690100146A0100D469010038B5074CAB
:103AC000054608461146002222601A4600F0D0F84A
:103AD000431C02D1236803B12B6038BDF01E0020C7
:103AE00070B50E46B1F90E10002996B014461D4669
:103AF00007DA00232B60B3891A0610D44FF48063D1
:103B00000EE06A4600F06AF80028F2DB019A02F43F
:103B10007042A2F500535A425A412A60EEE7402310
:103B20000020236016B070BD8B8973B59D070646D3
:103B30000C4607D504F14703236023610123636129
:103B400002B070BD01AB6A46FFF7CAFF0099054697
:103B50003046FDF797FA48B9B4F90C309A05EFD41E
:103B600023F0030343F00203A381E3E70D4BB362A9
:103B7000A389206043F08003A381009B6361019BC4
:103B800020615BB1B4F90E10304600F039F828B16D
:103B9000A38923F0030343F00103A381A3891D43F9
:103BA000A581CDE7692A010051F8043C181F002BBC
:103BB000BCBF0B58C018704738B5074C05460846BF
:103BC0001146002222601A4600F05AF8431C02D126
:103BD000236803B12B6038BDF01E002038B5074CB8
:103BE0000023054608461146236000F021F8431CD7
:103BF00002D1236803B12B6038BD00BFF01E002046
:103C000038B5064C002305460846236000F020F82E
:103C1000431C02D1236803B12B6038BDF01E002085
:103C2000024B58221A604FF0FF307047F01E002000
:103C3000024B58221A604FF0FF307047F01E0020F0
:103C4000024B58221A604FF0FF307047F01E0020E0
:103C5000024B58221A600020704700BFF01E00205F
:103C6000024B58221A604FF0FF307047F01E0020C0
:103C7000024B58221A604FF0FF307047F01E0020B0
:103C8000024B58221A604FF0FF307047F01E0020A0
:103C9000FEE700BF4275696C742077697468205232
:103CA000656E6573617320416476616E636564203F
:103CB000466C657869626C6520536F6674776172D3
:103CC00065205061636B6167652076657273696F0B
:103CD0006E20342E302E3000342E302E3000000076
:103CE00000000004F8B500BFF8BC08BC9E46704751
:103CF000F8B500BFF8BC08BC9E4670470000000045
:103D000000000000AF6D00006DCD0000014100001B
:103D1000C96D0000B5410000D14100004D410000D7
:103D20002F6800002F680000734F0000316800000A
:103D3000516900003D740000097100003F680000F7
:103D40002371000005410000B96800001541000022
:103D5000E1680000BD680000CF6800007D6D0000D4
:103D6000B7720000E7410000F7680000D56D000061
:103D70001169000033690000514F0000414F0000FD
:103D8000AF710000FD6B00007B6C0000FB6C00005D
:103D9000E29D8C20466F636F204150414741444F64
:103DA000202D2043616E616C203120646573616356
:103DB00074697661646F00E284B9EFB88F20456C56
:103DC00020666F636F207961206573746162612082
:103DD0006170616761646F00F09F8C9020436F6E2B
:103DE000656374616E646F206120576946693A208B
:103DF00000E29C85205769466920636F6E65637495
:103E000061646F20657869746F73616D656E746548
:103E10002100F09F938D20495020617369676E6186
:103E200064613A2000F09F93B6205365C3B1616C82
:103E30003A20002064426D00E29D8C204572726F32
:103E4000723A204E6F207365207075646F20636F27
:103E50006E6563746172206120576946690056651A
:103E60007269666963612053534944207920636F06
:103E70006E7472617365C3B16100E29C8520466F08
:103E8000636F20454E43454E4449444F202D204307
:103E9000616E616C203120616374697661646F00CA
:103EA000E284B9EFB88F20456C20666F636F20798C
:103EB000612065737461626120656E63656E64691B
:103EC000646F003E3E3E202D2D2D2D2D2D2D2D2DB0
:103ED0002D2D2D2D2D2D2D2D2D2D2D2D2D2D2D2D12
:103EE0002D2D2D2D203C3C3C003E3E3E2065737424
:103EF00061646F41637475616C426F746F6E3A20D8
:103F0000003E3E3E20756C74696D6F45737461644C
:103F10006F426F746F6E3A20003E3E3E20756C74A7
:103F2000696D6F4465626F756E63653A20003E3E51
:103F30003E204445424F554E43455F44454C415910
:103F40003A20003E3E3E2041717569203200F09FCC
:103F5000949820426F74C3B36E2066C3AD736963D7
:103F60006F2070726573696F6E61646F202D2045DC
:103F7000737461646F2063616D626961646F003C9A
:103F80007370616E20636C6173733D276163746944
:103F90007665273EF09F9FA22041435449564F200B
:103FA0002D20466F636F20656E63656E6469646F74
:103FB0003C2F7370616E3E003C7370616E20636CC9
:103FC0006173733D27696E616374697665273EF09E
:103FD0009F94B420494E41435449564F202D2046CA
:103FE0006F636F206170616761646F3C2F737061F4
:103FF0006E3E00485454502F312E31203230302044
:104000004F4B00436F6E74656E742D547970653A32
:1040100020746578742F68746D6C3B2063686172DE
:104020007365743D5554462D3800436F6E6E65635D
:1040300074696F6E3A20636C6F7365003C21444F66
:1040400043545950452068746D6C3E003C68746D53
:104050006C206C616E673D276573273E003C686588
:1040600061643E003C7469746C653E436F6E7472AB
:104070006F6C20466F636F2057694669202D204181
:10408000726475696E6F2052343C2F7469746C656C
:104090003E003C6D65746120636861727365743DB8
:1040A000275554462D38273E003C6D657461206EBF
:1040B000616D653D2776696577706F72742720633F
:1040C0006F6E74656E743D2777696474683D6465CE
:1040D000766963652D77696474682C20696E6974EC
:1040E00069616C2D7363616C653D312E30273E0034
:1040F0003C7374796C653E002A7B6D617267696EF2
:104100003A303B70616464696E673A303B626F7845
:104110002D73697A696E673A626F726465722D6297
:104120006F787D00626F64797B666F6E742D666157
:104130006D696C793A275365676F65205549272C5F
:10414000417269616C2C73616E732D73657269665F
:104150003B6261636B67726F756E643A6C696E6522
:1041600061722D6772616469656E742831333564DC
:1041700065672C233636376565612030252C23375B
:1041800036346261322031303025293B6D696E2D25
:104190006865696768743A31303076683B7061648D
:1041A00064696E673A323070787D002E636F6E748A
:1041B00061696E65727B6D61782D77696474683AA8
:1041C00038303070783B6D617267696E3A302061CB
:1041D00075746F3B6261636B67726F756E643A7280
:1041E000676261283235352C3235352C3235352C25
:1041F000302E3935293B70616464696E673A33301B
:1042000070783B626F726465722D72616469757358
:104210003A323070783B626F782D736861646F77E3
:104220003A302038707820333270782072676261BB
:1042300028302C302C302C302E31293B6261636BBE
:1042400064726F702D66696C7465723A626C757217
:104250002831307078297D0068317B636F6C6F7214
:104260003A233333333B746578742D616C69676E20
:104270003A63656E7465723B6D617267696E2D623B
:104280006F74746F6D3A313070783B666F6E742D59
:1042900073697A653A322E35656D3B746578742D95
:1042A000736861646F773A327078203270782034A6
:1042B0007078207267626128302C302C302C302EC0
:1042C00031297D0068327B636F6C6F723A2336361A
:1042D000363B746578742D616C69676E3A63656E00
:1042E0007465723B6D617267696E2D626F74746F75
:1042F0006D3A333070783B666F6E742D7765696701
:1043000068743A3330307D002E7374617475737B3A
:10431000746578742D616C69676E3A63656E746557
:10432000723B666F6E742D73697A653A32387078B5
:104330003B6D617267696E3A3330707820303B7044
:10434000616464696E673A323070783B626F7264A0
:1043500065722D7261646975733A313570783B62AC
:104360006F782D736861646F773A302034707820ED
:1043700031357078207267626128302C302C302CF7
:10438000302E31293B7472616E736974696F6E3AB5
:10439000616C6C20302E337320656173657D002E57
:1043A0006F6E7B6261636B67726F756E643A6C6986
:1043B0006E6561722D6772616469656E7428313350
:1043C000356465672C233465636463342C2334348B
:1043D00061303864293B636F6C6F723A7768697437
:1043E000653B7472616E73666F726D3A7363616C74
:1043F0006528312E3032297D002E6F66667B626122
:10440000636B67726F756E643A6C696E6561722D6D
:104410006772616469656E74283133356465672C31
:10442000236666396139652C23666563666566298E
:104430003B636F6C6F723A233333337D002E636FAF
:104440006E74726F6C737B746578742D616C6967C0
:104450006E3A63656E7465723B6D617267696E3A40
:104460003430707820303B646973706C61793A66DF
:104470006C65783B6761703A313570783B6A75736B
:10448000746966792D636F6E74656E743A63656ED8
:104490007465723B666C65782D777261703A7772DD
:1044A00061707D002E627574746F6E7B64697370C9
:1044B0006C61793A696E6C696E652D626C6F636BC5
:1044C0003B70616464696E673A31387078203335C7
:1044D00070783B666F6E742D73697A653A31387007
:1044E000783B666F6E742D7765696768743A36300D
:1044F000303B746578742D6465636F726174696FA5
:104500006E3A6E6F6E653B626F726465722D72619A
:10451000646975733A353070783B636F6C6F723ACB
:1045200077686974653B746578742D616C69676E32
:104530003A63656E7465723B6D696E2D776964745C
:10454000683A31343070783B7472616E73697469A3
:104550006F6E3A616C6C20302E3373206561736529
:104560003B626F782D736861646F773A30203470E6
:10457000782031357078207267626128302C302CB9
:10458000302C302E32297D002E62746E2D6F6E7BA2
:104590006261636B67726F756E643A6C696E6561B8
:1045A000722D6772616469656E7428313335646594
:1045B000672C233536616232662C23613865366399
:1045C00066297D202E62746E2D6F66667B62616344
:1045D0006B67726F756E643A6C696E6561722D6798
:1045E00072616469656E74283133356465672C23A4
:1045F0006666353132662C23646432343736297D61
:10460000202E62746E2D746F67676C657B626163C8
:104610006B67726F756E643A6C696E6561722D6757
:1046200072616469656E74283133356465672C2363
:104630003466616366652C23303066326665297D99
:10464000002E627574746F6E3A686F7665727B7453
:1046500072616E73666F726D3A7472616E736C61C3
:10466000746559282D337078293B626F782D7368F3
:1046700061646F773A30203670782032307078205D
:104680007267626128302C302C302C302E33297D1B
:10469000002E696E666F7B6261636B67726F756E09
:1046A000643A72676261283235352C3235352C32E6
:1046B00035352C302E38293B70616464696E673A59
:1046C000323570783B626F726465722D7261646915
:1046D00075733A313570783B6D617267696E3A3245
:1046E00035707820303B626F726465722D6C656640
:1046F000743A35707820736F6C6964202334666176
:104700006366653B626F782D736861646F773A30DA
:1047100020347078203135707820726762612830DB
:104720002C302C302C302E3035297D002E636861E2
:104730006E6E656C7B6261636B67726F756E643AF7
:1047400072676261283234382C3234392C32353079
:104750002C302E38293B70616464696E673A3138B9
:1047600070783B6D617267696E3A313270782030D3
:104770003B626F726465722D7261646975733A3160
:104780003270783B626F726465723A317078207370
:104790006F6C69642072676261283232322C323267
:1047A000362C3233302C302E38293B7472616E73C4
:1047B0006974696F6E3A616C6C20302E33732065BA
:1047C0006173657D002E6368616E6E656C3A686F1B
:1047D0007665727B6261636B67726F756E643A7245
:1047E000676261283235352C3235352C3235352C1F
:1047F000302E39293B7472616E73666F726D3A7434
:1048000072616E736C6174655828357078297D000B
:104810002E617661696C61626C657B636F6C6F722F
:104820003A233663373537643B666F6E742D737485
:10483000796C653A6974616C69637D002E6163749B
:104840006976657B636F6C6F723A233238613734F7
:10485000353B666F6E742D7765696768743A626F71
:104860006C647D002E696E6163746976657B636F2D
:104870006C6F723A236463333534353B666F6E7404
:104880002D7765696768743A626F6C647D002E737A
:10489000797374656D2D696E666F7B646973706C76
:1048A00061793A677269643B677269642D74656DFA
:1048B000706C6174652D636F6C756D6E733A7265A3
:1048C00070656174286175746F2D6669742C6D69EB
:1048D0006E6D61782832303070782C3166722929FB
:1048E0003B6761703A313570783B6D617267696E14
:1048F0003A3230707820307D002E696E666F2D63FD
:104900006172647B6261636B67726F756E643A7229
:10491000676261283235352C3235352C3235352CED
:10492000302E39293B70616464696E673A313570A5
:10493000783B626F726465722D7261646975733A57
:10494000313070783B746578742D616C69676E3AAC
:1049500063656E7465723B626F782D736861646F16
:10496000773A302032707820313070782072676268
:104970006128302C302C302C302E3035297D002E03
:10498000726566726573687B706F736974696F6E48
:104990003A66697865643B746F703A323070783B80
:1049A00072696768743A323070783B6261636B6732
:1049B000726F756E643A233466616366653B636F3C
:1049C0006C6F723A77686974653B626F7264657286
:1049D0003A6E6F6E653B70616464696E673A313040
:1049E000707820313570783B626F726465722D7219
:1049F00061646975733A353070783B637572736FB3
:104A0000723A706F696E7465723B626F782D73686D
:104A100061646F773A3020347078203135707820B7
:104A20007267626128302C302C302C302E32297D78
:104A300000406D6564696120286D61782D77696437
:104A400074683A3630307078297B2E636F6E7472DA
:104A50006F6C737B666C65782D64697265637469CD
:104A60006F6E3A636F6C756D6E3B616C69676E2D2E
:104A70006974656D733A63656E7465727D202E622C
:104A80007574746F6E7B6D696E2D77696474683AA6
:104A90003830257D7D003C2F7374796C653E003C79
:104AA0002F686561643E003C626F64793E003C6241
:104AB0007574746F6E20636C6173733D27726566E5
:104AC0007265736827206F6E636C69636B3D276C3A
:104AD0006F636174696F6E2E72656C6F61642829F3
:104AE000273EF09F94843C2F627574746F6E3E0075
:104AF0003C64697620636C6173733D27636F6E74E9
:104B000061696E6572273E003C68313EF09F8FA060
:104B100020436F6E74726F6C20646520466F636F04
:104B200020576946693C2F68313E003C68323E415F
:104B3000726475696E6F20556E6F2052342057690C
:104B40004669202B204DC3B364756C6F203420431D
:104B5000616E616C65733C2F68323E003C6469761F
:104B600020636C6173733D277374617475732000E7
:104B70006F6E273EF09F92A120464F434F20454E37
:104B800043454E4449444F3C62723E3C736D616CF8
:104B90006C3E53697374656D612061637469766FEF
:104BA00020792066756E63696F6E616E646F3C2F4D
:104BB000736D616C6C3E3C2F6469763E006F666677
:104BC000273EF09F92A120464F434F20415041473E
:104BD00041444F3C62723E3C736D616C6C3E4C696B
:104BE00073746F20706172612061637469766172A1
:104BF0003C2F736D616C6C3E3C2F6469763E003CCB
:104C000064697620636C6173733D27636F6E7472A1
:104C10006F6C73273E003C6120687265663D272FEC
:104C2000656E63656E6465722720636C6173733DA6
:104C300027627574746F6E2062746E2D6F6E273EDE
:104C4000F09F948620454E43454E4445523C2F618B
:104C50003E003C6120687265663D272F6170616788
:104C600061722720636C6173733D27627574746F82
:104C70006E2062746E2D6F6666273EF09F948520CD
:104C80004150414741523C2F613E003C61206872D7
:104C900065663D272F746F67676C652720636C61BD
:104CA00073733D27627574746F6E2062746E2D7419
:104CB0006F67676C65273EF09F948420414C544594
:104CC000524E41523C2F613E003C64697620636C39
:104CD0006173733D27696E666F273E003C68333E03
:104CE000F09F938A2045737461646F20646520434C
:104CF000616E616C65732064656C204DC3B364752F
:104D00006C6F2052656CC3A93C2F68333E003C6435
:104D1000697620636C6173733D276368616E6E65AD
:104D20006C273E003C7374726F6E673EF09F948CEC
:104D30002043616E616C20312028466F636F2050E4
:104D400072696E636970616C293A3C2F7374726F7B
:104D50006E673E20003C7374726F6E673EF09F94E6
:104D60008C2043616E616C20323A3C2F7374726FF9
:104D70006E673E203C7370616E20636C6173733D9F
:104D800027617661696C61626C65273EE29AAA20B0
:104D9000446973706F6E69626C6520706172612026
:104DA0006C757A206578746572696F72206F2076F1
:104DB000656E74696C61646F723C2F7370616E3ED6
:104DC000003C7374726F6E673EF09F948C20436159
:104DD0006E616C20333A3C2F7374726F6E673E20A5
:104DE0003C7370616E20636C6173733D2761766103
:104DF000696C61626C65273EE29AAA20446973700F
:104E00006F6E69626C65207061726120626F6D62A5
:104E1000612064652061677561206F206D6F746F1C
:104E2000723C2F7370616E3E003C7374726F6E67DC
:104E30003EF09F948C2043616E616C20343A3C2F8D
:104E40007374726F6E673E203C7370616E20636C8A
:104E50006173733D27617661696C61626C65273EA1
:104E6000E29AAA20446973706F6E69626C65207063
:104E70006172612073697374656D6120646520726D
:104E80006965676F3C2F7370616E3E003C68333E0E
:104E9000E284B9EFB88F20496E666F726D61636905
:104EA000C3B36E2064656C2053697374656D613C97
:104EB0002F68333E003C64697620636C6173733DF8
:104EC0002773797374656D2D696E666F273E003C9C
:104ED00064697620636C6173733D27696E666F2D1C
:104EE00063617264273E003C7374726F6E673EF0BC
:104EF0009F8C902044697265636369C3B36E2049D7
:104F0000503C2F7374726F6E673E3C62723E003C81
:104F10007374726F6E673EF09F93A1205365C3B1A7
:104F2000616C20576946693C2F7374726F6E673EDF
:104F30003C62723E003C7374726F6E673EE28FB1EA
:104F4000EFB88F205469656D706F20616374697666
:104F50006F3C2F7374726F6E673E3C62723E00202E
:104F6000736567003C7374726F6E673EF09F94A721
:104F70002048617264776172653C2F7374726F6E42
:104F8000673E3C62723E0041726475696E6F2052EA
:104F9000342057694669003C70207374796C653D14
:104FA000276D617267696E2D746F703A3230707858
:104FB0003B636F6C6F723A233636363B7465787498
:104FC0002D616C69676E3A63656E746572273E0089
:104FD0003C7374726F6E673E436F6E74726F6C20B9
:104FE000646973706F6E69626C653A3C2F7374729A
:104FF0006F6E673E20426F74C3B36E2066C3AD739D
:1050000069636F202850696E20443229202B204983
:105010006E74657266617A207765622057694669A9
:105020003C62723E003C7374726F6E673E566973E9
:1050300075616C697A616369C3B36E3A3C2F7374AE
:10504000726F6E673E204D617472697A204C4544E0
:10505000203132783820696E74656772616461202E
:105060002B204C4544732064656C206DC3B364757C
:105070006C6F2072656CC3A9003C68333EF09F944E
:10508000A72041504920646520436F6E74726F6C95
:105090003C2F68333E003C703E3C7374726F6E6709
:1050A0003E436F6D616E646F7320646973706F6EE1
:1050B00069626C65733A3C2F7374726F6E673E3C25
:1050C0002F703E003C636F6465207374796C653D9E
:1050D000276261636B67726F756E643A2366386628
:1050E0003966613B70616464696E673A313070782B
:1050F0003B626F726465722D7261646975733A35D3
:1051000070783B646973706C61793A626C6F636B41
:105110003B6D617267696E3A313070782030273E9E
:1051200000474554202F656E63656E646572202DBF
:1051300020456E63656E64657220666F636F3C62C6
:10514000723E00474554202F617061676172202DC7
:105150002041706167617220666F636F3C62723ECE
:1051600000474554202F746F67676C65202D2041E0
:105170006C7465726E61722065737461646F3C62F9
:10518000723E00474554202F65737461646F202D73
:1051900020436F6E73756C74617220657374616403
:1051A0006F003C2F636F64653E003C7363726970EF
:1051B000743E006C6574206175746F52656672652B
:1051C0007368203D20736574496E74657276616CF6
:1051D000282829203D3E207B0020206665746368D6
:1051E00028272F65737461646F27292E7468656E94
:1051F000282829203D3E2077696E646F772E6C6FDA
:10520000636174696F6E2E72656C6F616428292901
:105210003B007D2C203130303030293B00646F63FF
:10522000756D656E742E6164644576656E744C6947
:105230007374656E657228277669736962696C6933
:1052400074796368616E6765272C202829203D3EAC
:10525000207B00202069662028646F63756D656E71
:10526000742E7669736962696C69747953746174B8
:1052700065203D3D3D202768696464656E272920CF
:10528000636C656172496E74657276616C286175D4
:10529000746F52656672657368293B002020656CE7
:1052A0007365206175746F52656672657368203D21
:1052B00020736574496E74657276616C28282920A4
:1052C0003D3E2077696E646F772E6C6F6361746901
:1052D0006F6E2E72656C6F616428292C203130301E
:1052E0003030293B007D293B003C2F73637269708D
:1052F000743E003C2F626F64793E003C2F68746DF1
:105300006C3E00F09F8C90204E7565766F20636C2C
:1053100069656E74652077656220636F6E6563747E
:1053200061646F00474554202F656E63656E646548
:105330007200F09F8C9020436F6D616E646F2077D8
:1053400065623A20456E63656E64657220666F63C0
:105350006F00474554202F61706167617200F09FB4
:105360008C9020436F6D616E646F207765623A2088
:1053700041706167617220666F636F00474554201A
:105380002F746F67676C6500F09F8C9020436F6D82
:10539000616E646F207765623A20546F67676C6551
:1053A00020666F636F00474554202F6573746164F6
:1053B0006F00F09F8C9020436F6D616E646F20775B
:1053C00065623A20436F6E73756C7461206465206A
:1053D00065737461646F00F09F8C9020436C696505
:1053E0006E74652077656220646573636F6E6563B4
:1053F0007461646F00454E43454E4449444F00413B
:1054000050414741444F003D3D3D20494E464F529B
:105410004D414349C3934E2044454C205349535476
:10542000454D41203D3D3D00576946692049503A70
:1054300020005365C3B1616C20576946693A20006A
:1054400045737461646F20466F636F3A2000557036
:1054500074696D653A200020736567756E646F73BB
:1054600000FFFFFFA5A5423C3C4242A500181818CA
:105470004242423C183C4242000018180008000812
:1054800000080008000000080018001800180018A4
:1054900000000018003C003C003C003C0000003CC8
:1054A00007030307070404070304040307080807A6
:1054B00003080803040808040700000703000003AA
:1054C0000400000408000008070606070306060398
:1054D0000406060408060608000606000705050778
:1054E0000305050304050504080505080005050076
:1054F0000605050607010107030101030401010474
:10550000080101080001010006010106050101056D
:10551000070202070302020304020204080202084F
:105520000002020006020206050202050102020153
:10553000070A0A07030A0A03040A0A04080A0A08EF
:10554000000A0A00060A0A06050A0A05010A0A01F3
:10555000020A0A02070909070309090304090904E1
:105560000E04040E0E04040000040000436F6E7469
:10557000726F6C20646520466F636F2057694669BF
:10558000202D2041726475696E6F20523400E29CB8
:10559000932052656CC3A97320696E696369616C5D
:1055A000697A61646F732028746F646F73204F464B
:1055B000462900E29C93204D617472697A204C4523
:1055C0004420696E696369616C697A61646100E2B3
:1055D0009C93205365727669646F722077656220B0
:1055E000696E69636961646F20656E3A20687474DE
:1055F000703A2F2F00F09F9A802053697374656D65
:1056000061206C6973746F207061726120757361C1
:105610007221003257433435363430333538310057
:1056200044617274685F526F757465720020202047
:10563000414E535745522028706173737468726FDE
:10564000756768293A2000202020526573756C74B4
:105650003A204F4B00202020526573756C743A201D
:105660004552524F5200202020526573756C743A97
:105670002054494D454F55540020202052657375E4
:105680006C743A2050617273654572726F72005289
:105690004551554553542028706173737468726F77
:1056A000756768293A20002B534F4654524553459D
:1056B00054574946493A0041542B534F465452459A
:1056C000534554574946490D0A00524551554553D3
:1056D000543A2000202020414E535745523A200092
:1056E0004E4F5F434D445F434845434B0052415743
:1056F0003A20003C4C463E003C43523E003C535056
:105700003E004F4B0D0A0046696E616C2053746178
:10571000746520002072657320003C2D5241572093
:10572000454E440062617369635F737472696E67AA
:105730003A3A5F4D5F7265706C61636500626173D8
:1057400069635F737472696E673A3A5F4D5F637243
:10575000656174650062617369635F737472696E19
:10576000673A3A5F4D5F636F6E737472756374204E
:105770006E756C6C206E6F742076616C6964002BA2
:10578000484F535442594E414D453A0025732573B5
:105790000D0A0041542B484F535442594E414D4538
:1057A0003D002B474554525353493A0041542B472F
:1057B0004554525353493F0D0A002B574946494D12
:1057C0004F44453A0041542B574946494D4F4445B3
:1057D0003F0D0A002B474554535349443A00415466
:1057E0002B474554535349443F0D0A002573256404
:1057F0000D0A0041542B574946494D4F44453D0041
:105800002B424547494E5354413A0041542B42459F
:1058100047494E5354413D00257325732C25730D84
:105820000A002B4745545354415455533A004154B0
:105830002B4745545354415455533F0D0A002B53A5
:105840004F46544150434F4E4649473A0025732531
:10585000732C25732C25730D0A0041542B534F468E
:10586000544150434F4E4649473D002B5345544900
:10587000503A00257325732C25732C25732C257322
:105880002C25730D0A0041542B53455449503D00BB
:105890002B4950534F465441503A0041542B4950E4
:1058A000534F465441500D0A002B49505354413A2E
:1058B0000041542B49505354413D00FF000000006B
:1058C00000000000755C0000855C00007B5C00004F
:1058D000935C0000775C00002B52454D4F544550BF
:1058E0004F52543A0041542B52454D4F5445504F5E
:1058F00052543D002B434C49454E54434C4F534565
:105900003A0041542B434C49454E54434C4F534568
:105910003D002B434C49454E54524543454956455D
:105920003A0041542B434C49454E54524543454956
:1059300056453D002B464C5553483A0041542B46A2
:105940004C5553483D002B434C49454E5453454E0E
:10595000443A00257325642C25640D0A0041542B1C
:10596000434C49454E5453454E443D002B434C490E
:10597000454E54434F4E4E4543543A0025732564DB
:105980002C25732C25642C25640D0A0041542B43CF
:105990004C49454E54434F4E4E4543543D002B43D6
:1059A0004C49454E54434F4E4E4543544E414D4550
:1059B0003A00257325642C25732C25640D0A0041BB
:1059C000542B434C49454E54434F4E4E4543544E41
:1059D000414D453D002B52454D4F544549503A00ED
:1059E00041542B52454D4F544549503D002B415693
:1059F00041494C41424C453A0041542B41564149A2
:105A00004C41424C453D002B434C49454E54434F7D
:105A10004E4E45435445443A0041542B434C49456E
:105A20004E54434F4E4E45435445443D002B424552
:105A300047494E434C49454E543A0041542B424548
:105A400047494E434C49454E540D0A0000000000A2
:105A500000000000335C00002D5F000001410000E9
:105A600055620000AD5F0000495C00002762000045
:105A70009B5C00007D5E00009F610000B56200003D
:105A80002D630000195C0000695C0000235C0000CD
:105A9000AD630000556400002B424547494E534515
:105AA000525645523A0041542B424547494E5345C0
:105AB000525645523D002B53455256455257524976
:105AC00054453A0041542B5345525645525752497A
:105AD00054453D002B534552564552415641494C81
:105AE00041424C453A0041542B5345525645524190
:105AF0005641494C41424C453D00FFFF000000002B
:105B000000000000E7650000996700000141000007
:105B1000D565000091670000FD650000D7650000B5
:105B20000000000000000000AF6D00006DCD00001F
:105B300001410000C96D00000000000000000000ED
:105B40001D6800002F6800002F6800002F6800000B
:105B500031680000516900003D74000009710000C7
:105B60003F6800002371000005410000B968000093
:105B700015410000E1680000BD680000CF6800002A
:105B80007D6D0000B77200000FDA0000F7680000BA
:105B9000D56D00001169000033690000F16D00004F
:105BA0004D690000AF710000FD6B00007B6C0000D0
:105BB000FB6C0000140082815400C281940082803A
:105BC000D4801401C2809401C283D48114829402CF
:105BD000C2819405520944008200090051080C80DA
:105BE00054055201460042000B0057080E80140570
:105BF0001C00920811008B081080D4041A00920037
:105C000017805208420009805200028012881280D8
:105C10001A00520051004B0A4E801C005208C2006C
:105C20009700490A4C80D20002019100510A50802D
:105C3000D20851088B80120904001100510A5080CB
:105C40001201440042000B00578A460002000980FE
:105C50001208C2004988120082004B881209820192
:105C60008900578A120142018B80D289D201428277
:105C700092090600420117004B889209420109006F
:105C80000C80920102010B000E80140492805404D7
:105C90009208C2024B889404D208020349881E006D
:105CA000548292010400020011805209C20157007F
:105CB000498AFFFF010300005C5C01000203000051
:105CC000645C010004010000025C010005010000A9
:105CD000085C0100060100000C5C010007010000E7
:105CE0000E5C01000B010000265C01000C010000AD
:105CF000305C0100040300006C5C01000303000041
:105D00006A5C010003010000FA5B01000B04000063
:105D1000825C01000A0400007A5C010002010000BC
:105D2000EE5B01000E0000009E5C01000000000020
:105D3000B45B010001000000B85B0100020000003C
:105D4000BC5B010001010000E05B010000010000FC
:105D5000D25B0100000500008A5C0100080400001D
:105D6000AA5C010009010000105C01000A010000AA
:105D70001A5C0100010500008E5C010002050000B4
:105D8000965C010000040000A25C01000104000018
:105D9000705C010003000000C05B01000400000013
:105DA000C25B01000B000000C65B01000C0000009C
:105DB000CA5B01000D000000CC5B01000F00000079
:105DC000CE5B010004020000365C01000502000009
:105DD000405C0100060200004A5C01000C02000069
:105DE000505C01000D020000565C0100FFFF00FF47
:105DF000010203FF0403010C00091408111C10190F
:105E000018FFFFFF060008001000180020004000E7
:105E10006000800000018001000200040008FFFF14
:105E20000A0900000A0900003F0B000001000200FF
:105E3000080010000000000000000000C1BF0000CA
:105E40006DCD0000014100009FBF000017C00000A1
:105E5000D9C00000A9BF000095BF0000D9C2000052
:105E6000F5BF000091BF00000C0A080E10180219BF
:105E70001D1F0125752E25752E25752E25750025CE
:105E8000303278253032783A253032782530327801
:105E90003A25303278253032783A2530327825303C
:105EA00032783A25303278253032783A25303278D7
:105EB000253032783A25303278253032783A25301C
:105EC00032782530327800FF00000000000000002A
:105ED0003DC90000636D5F6261636B7472616365ED
:105EE0005F6661756C7400696E69745F6F6B002822
:105EF000257329206861732061737365727420664D
:105F000061696C65642061742025732E00216F6EB9
:105F10005F6661756C74004661756C74206F6E20ED
:105F2000696E74657272757074206F72206261722E
:105F300065206D6574616C286E6F204F5329206554
:105F40006E7669726F6E6D656E74003D3D3D3D3DD0
:105F50003D3D3D3D3D3D3D3D3D3D3D3D3D3D205279
:105F6000656769737465727320696E666F726D61BF
:105F700074696F6E203D3D3D3D3D3D3D3D3D3D3DA8
:105F80003D3D3D3D3D3D3D3D3D00202025733A20BA
:105F900025303878202025733A2025303878202085
:105FA00025733A2025303878202025733A20253073
:105FB0003878003D3D3D3D3D3D3D3D3D3D3D3D3D18
:105FC0003D3D3D3D3D3D3D3D3D3D3D3D3D3D3D3D01
:105FD0003D3D3D3D3D3D3D3D3D3D3D3D3D3D3D3DF1
:105FE0003D3D3D3D3D3D3D3D3D3D3D3D3D3D3D3DE1
:105FF0003D0048617264206661756C74206973208D
:10600000636175736564206279206661696C65649B
:1060100020766563746F72206665746368004D65F1
:106020006D6F7279206D616E6167656D656E74204C
:106030006661756C74206973206361757365642093
:10604000627920696E737472756374696F6E206112
:1060500063636573732076696F6C6174696F6E003A
:106060004D656D6F7279206D616E6167656D656EEE
:1060700074206661756C7420697320636175736543
:106080006420627920646174612061636365737365
:106090002076696F6C6174696F6E004D656D6F720B
:1060A00079206D616E6167656D656E7420666175DE
:1060B0006C74206973206361757365642062792054
:1060C000756E737461636B696E67206572726F724F
:1060D000004D656D6F7279206D616E6167656D65EC
:1060E0006E74206661756C742069732063617573CA
:1060F000656420627920737461636B696E672065E3
:1061000072726F72004D656D6F7279206D616E6194
:1061100067656D656E74206661756C7420697320A7
:1061200063617573656420627920666C6F61746960
:106130006E672D706F696E74206C617A792073744C
:1061400061746520707265736572766174696F6ED3
:1061500000546865206D656D6F7279206D616E61A8
:1061600067656D656E74206661756C74206F63631E
:1061700075727265642061646472657373206973FB
:10618000202530387800427573206661756C742064
:1061900069732063617573656420627920696E7329
:1061A0007472756374696F6E2061636365737320C5
:1061B00076696F6C6174696F6E00427573206661F9
:1061C000756C7420697320636175736564206279EE
:1061D0002070726563697365206461746120616316
:1061E000636573732076696F6C6174696F6E0042CA
:1061F0007573206661756C742069732063617573B3
:10620000656420627920696D7072656369736520C9
:1062100064617461206163636573732076696F6C78
:106220006174696F6E00427573206661756C7420CD
:1062300069732063617573656420627920756E737C
:106240007461636B696E67206572726F720042756C
:1062500073206661756C7420697320636175736562
:106260006420627920737461636B696E6720657264
:10627000726F7200427573206661756C7420697369
:106280002063617573656420627920666C6F617448
:10629000696E672D706F696E74206C617A792073F6
:1062A0007461746520707265736572766174696F6C
:1062B0006E0054686520627573206661756C742089
:1062C0006F63637572726564206164647265737371
:1062D0002069732025303878005573616765206622
:1062E00061756C74206973206361757365642062E5
:1062F0007920617474656D70747320746F20657893
:10630000656375746520616E20756E646566696E7F
:10631000656420696E737472756374696F6E00557D
:1063200073616765206661756C74206973206361B1
:106330007573656420627920617474656D7074731F
:1063400020746F2073776974636820746F20616EA6
:1063500020696E76616C69642073746174652028AD
:10636000652E672E2C2041524D29005573616765BB
:10637000206661756C742069732063617573656450
:1063800020627920617474656D70747320746F205D
:10639000646F20616E20657863657074696F6E202C
:1063A000776974682061206261642076616C75652C
:1063B00020696E20746865204558435F52455455E6
:1063C000524E206E756D626572005573616765206F
:1063D0006661756C742069732063617573656420F0
:1063E000627920617474656D70747320746F2065B8
:1063F000786563757465206120636F70726F636583
:1064000073736F7220696E737472756374696F6EE3
:10641000005573616765206661756C74206973202F
:1064200063617573656420627920696E6469636174
:10643000746573207468617420616E20756E616C80
:1064400069676E6564206163636573732066617557
:106450006C74206861732074616B656E20706C6170
:106460006365005573616765206661756C742069AA
:10647000732063617573656420627920496E646975
:106480006361746573206120646976696465206264
:1064900079207A65726F206861732074616B656E14
:1064A00020706C616365202863616E2062652073D3
:1064B0006574206F6E6C79206966204449565F30A0
:1064C0005F545250206973207365742900446562DB
:1064D0007567206661756C742069732063617573DC
:1064E00065642062792068616C74207265717565DD
:1064F0007374656420696E204E564943004465629A
:106500007567206661756C742069732063617573AB
:10651000656420627920424B505420696E73747216
:10652000756374696F6E2065786563757465640062
:106530004465627567206661756C742069732063B9
:10654000617573656420627920445754206D6174CD
:106550006368206F63637572726564004465627579
:1065600067206661756C742069732063617573655B
:106570006420627920566563746F72206665746367
:1065800068206F6363757272656400446562756745
:10659000206661756C74206973206361757365642E
:1065A00020627920454442475251207369676E61E9
:1065B0006C206173736572746564004669726D77EF
:1065C000617265206E616D653A2025732C20636FC2
:1065D0006D70696C6564206F6E3A202573004552BA
:1065E000524F523A20556E61626C6520746F20677D
:1065F000657420746865206D61696E2073746163D1
:106600006B20696E666F726D6174696F6E2C20709D
:106610006C6561736520636865636B2074686520D1
:10662000636F6E66696775726174696F6E206F66FD
:1066300020746865206D61696E20737461636B00FE
:106640004572726F723A204D61696E207374616396
:106650006B28253038782920776173206F76657232
:10666000666C6F77003D3D3D3D3D2054687265612D
:106670006420737461636B20696E666F726D617400
:10668000696F6E203D3D3D3D3D0020206164647298
:106690003A202530387820202020646174613A2027
:1066A00025303878002530386C78002E656C66000F
:1066B00053686F77206D6F72652063616C6C207317
:1066C0007461636B20696E666F2062792072756EEB
:1066D0003A2061646472326C696E65202D652025F4
:1066E000732573202D61202D662025730044756D60
:1066F000702063616C6C20737461636B20686173DC
:1067000020616E206572726F72005231200052302B
:10671000200052332000523220004C5220005231CF
:10672000320050535200504320004A756E202036EC
:1067300020323032350000524100222F55736572ED
:10674000732F727369657272612F4C696272617224
:10675000792F4361636865732F61726475696E6F29
:106760002F736B6574636865732F44303937383124
:10677000414432354630324238314232393644377C
:10678000433644424134463143332F736B6574635F
:10679000685F6A756E36612E696E6F2200FFFFFFBB
:1067A0009DDC0000F1DC000021DD0000C5DD000003
:1067B00081DE0000000000001DE000000DE0000090
:1067C00025E00000E9E00000C9E200000000000050
:1067D00081DF000083DF000085DF0000A9DF00000B
:1067E00000000000000000000000000000000000A9
:1067F000D3F9000077FA0000F5F9000001FA000073
:10680000E9F900003FFA00000DFA0000C7F90000A6
:10681000C1F90000D1F90000D9FA0000EB570100DE
:10682000346801003C680100621E002048680100D5
:106830005168010041726475696E6F00554E4F20BA
:10684000523420576946690043444320506F7274A4
:10685000004446552D525420506F727400000000C1
:106860000000000000000000000000000000000028
:1068700000000000000000000000000000FFFFFF1B
:10688000737172740000000030000020504F5349B3
:106890005800494E4600696E66004E414E006E61DA
:1068A0006E003000303132333435363738394142BA
:1068B0004344454600303132333435363738396158
:1068C00062636465660000202020202020202020B4
:1068D0002828282828202020202020202020202090
:1068E00020202020202020881010101010101010C0
:1068F0001010101010101004040404040404040404
:10690000041010101010101041414141414101018B
:106910000101010101010101010101010101010167
:106920000101101010101010424242424242020275
:106930000202020202020202020202020202020237
:1069400002021010101020000000000000000000E3
:106950000000000000000000000000000000000037
:106960000000000000000000000000000000000027
:106970000000000000000000000000000000000017
:106980000000000000000000000000000000000007
:1069900000000000000000000000000000000000F7
:1069A00000000000000000000000000000000000E7
:1069B00000000000000000000000000000000000D7
:1069C00000000000000000496E66696E697479007D
:1069D0004E614E00000000000000000000000000BA
:1069E00000000000000000000000000000000000A7
:1069F0000000000000000000000000000000000097
:106A00000000000000000000000000000000000086
:106A10000000000000000000000000000000000076
:106A20000000000000000000000000000000000066
:106A300000000000FFFFFFFF0080E03779C3414303
:106A4000176E05B5B5B89346F5F93FE9034F384DD4
:106A5000321D30F94877825A3CBF737FDD4F157580
:106A6000000000000000F03F000000000000244093
:106A700000000000000059400000000000408F406E
:106A8000000000000088C34000000000006AF840D9
:106A90000000000080842E4100000000D0126341FD
:106AA0000000000084D797410000000065CDCD4173
:106AB000000000205FA00242000000E87648374254
:106AC000000000A2941A6D42000040E59C30A242F2
:106AD0000000901EC4BCD64200003426F56B0C4367
:106AE0000080E03779C3414300A0D885573476430E
:106AF00000C84E676DC1AB43003D9160E458E1436F
:106B0000408CB5781DAF154450EFE2D6E41A4B44E3
:106B100092D54D06CFF08044F64AE1C7022DB54428
:106B2000B49DD9794378EA440500000019000000BB
:106B30007D000000232D302B2000686C4C00656622
:0C6B40006745464700FFFFFF0000000013
:106B540013560100205601000A000000FF00000047
:106B6400000009400A0000000112010002020201B3
:106B74004041236D000001010203010130000020A7
:106B840000000000F4690100146A0100D4690100E6
:106B940000000000000000000000000000000000F1
:106BA40000000000000000000000000000000000E1
:106BB40000000000000000000000000000000000D1
:106BC40000000000000000000000000000000000C1
:106BD40000000000000000000000000000000000B1
:106BE400430000000000000000000000000000005E
:106BF4000000000000000000000000000000000091
:106C0400430000000000000000000000000000003D
:106C14000000000000000000000000000000000070
:106C2400430000000000000000000000000000001D
:106C34000000000000000000000000000000000050
:106C440043000000000000000000000000000000FD
:106C54000000000000000000000000000000000030
:106C640043000000000000000000000000000000DD
:106C74000000000000000000000000000000000010
:106C840043000000000000000000000000000000BD
:106C940000000000000000000000000000000000F0
:106CA400430000000000000000000000000000009D
:106CB40000000000000000000000000000000000D0
:106CC400791D0100AD0E010000000000C66801003E
:106CD4000B5F0100EB570100EB570100EB5701007C
:106CE400EB570100EB570100EB570100EB57010094
:106CF400EB570100EB570100FFFFFFFFFFFFFFFF12
:106D0400FFFFFFFFFFFF000001004153434949001B
:106D1400000000000000000000000000000000006F
:106D240000000000000000000000415343494900F6
:106D3400000000000000000000000000000000004F
:106D4400000000000000000000000000E54000001A
:106D54003D4C00005D580000F15B000059BF00008D
:106D6400A1C40000BDC40000D9C40000F5C40000E3
:106D7400C1C8000045CD0000B9D80000D5DA000034
:106D8400E9FB0000C1400000954C0000855800005C
:106D9400FD5B00006DBF000001C500000DC90000CF
:046DA400E1DA000030
:040000030000A9ED63
:00000001FF
